Description,Total,Aug-26,Jul-26,Jun-26,May-26
..NEW CODE CHALLAN BILLS,             560.00,             493.00,              67.00,               0.00,               0.00
.ALKEM (SAMPLE),           16992.00,            1635.00,             495.00,             284.00,            1044.00
.JAY (CASH) (NEW) (1 ITEM),          541807.00,          500332.00,           41475.00,               0.00,               0.00
.SAGAR (CASH)(1 ITEM),          321825.00,          321825.00,               0.00,               0.00,               0.00
1 BHIWANDI,           25793.00,             662.00,            1039.00,            1603.00,               0.00
1 WADKI,            1864.00,               0.00,               0.00,            -219.00,             891.00
123 NEW PARTY FOR ADVANCE BILLING,             862.00,               0.00,               0.00,               0.00,               0.00
2 D MEDICAL AND DIST - SHIKRAPUR,           86031.00,            4932.00,           44724.00,           36375.00,               0.00
3S-CORPORATION - KANDIVALI(E),            8340.00,               0.00,               0.00,               0.00,               0.00
A D PHARMA - NAGPUR-LN,           67291.00,               0.00,               0.00,               0.00,               0.00
A J ENTERPRISES-KOPARKHAIRANE,            3161.00,               0.00,            3161.00,               0.00,               0.00
A K PHARMACY - GOVANDI,           84290.00,               0.00,               0.00,            1500.00,            1000.00
A K-KURLA (DIAPERS),            8198.00,               0.00,               0.00,               0.00,               0.00
A ONE PHARMA - DOMBIVALI,           14099.00,               0.00,               0.00,               0.00,           14099.00
A R MEDICARE - LATUR  XX,           40245.46,               0.00,               0.00,               0.00,               0.00
A TO Z MEDICAL AGENCY - CHANDRAPUR,           20415.00,            3612.00,           14251.00,               0.00,            2552.00
A TO Z PHARMA AGENCY - SILLOD,           84300.00,               0.00,            2888.00,           16947.00,           46962.00
A TO Z PHARMA - ANDHERI,          316648.00,           28363.00,          214774.00,           50641.00,           22870.00
A TO Z PHARMA - KONDWA,           17745.00,               0.00,               0.00,           17745.00,               0.00
A.B PHARMA - NALASOPARA,           48130.00,           30572.00,               0.00,               0.00,           17558.00
A.B.PHARMA-SEWREE(SALE),            5313.00,               0.00,               0.00,               0.00,               0.00
A.J.PHARMA-BHIWANDI,          276231.32,               0.00,               0.00,               0.00,               0.00
A.K.PHARMA-BHIWANDI,          102983.00,           36692.00,           66291.00,               0.00,               0.00
A.M.PHARMA - BHIWANDI,           61415.00,           16417.00,           37044.00,            7954.00,               0.00
A.S.PHARMA - KOLHAPUR,           55575.00,               0.00,           -2347.00,          -20280.00,               0.00
A.T.ENTERPRISES - BHIWANDI,          201378.00,           28250.00,           44399.00,           96389.00,           32340.00
A.T.SHINDE-CHIPLUN,            8253.00,            6989.00,             700.00,             564.00,               0.00
AADHAR CHEMIST - DIGHI (NIKHIL),            9561.00,               0.00,               0.00,            9561.00,               0.00
AADHYA MEDICAL - YELAVI,           83993.00,           24131.00,               0.00,           59862.00,               0.00
AAI AGENCY - GHATKOPAR (DIAPER),           27285.00,           27285.00,               0.00,               0.00,               0.00
AAIJI PHARMA - KOTHRUD XX,          318834.68,               0.00,            1000.00,             500.00,           75808.00
AALTOP HEALTHCARE PVT LTD - THANE,           16800.00,               0.00,               0.00,           16800.00,               0.00
AARADHY PHARMA - KARAD,           10710.00,               0.00,           10710.00,               0.00,               0.00
AARADHYA DISTRIBUTORS - JALNA,           39074.00,           18168.00,               0.00,           20906.00,               0.00
AAROGYAM MEDICAL SUPPLIES - SION,           32853.00,               0.00,            9656.00,               0.00,           23197.00
AAROGYAM PHARMA-PUNE (CHAKAN),          336255.00,           27124.00,           99857.00,          110845.00,           98429.00
AARUSHI MEDICAL STORES - PATHARDI XX,           65850.00,               0.00,            4500.00,            2500.00,               0.00
AARVI PHARMA - PALGHAR,           65492.00,            6910.00,           20684.00,           26103.00,           11795.00
AARYAN AGENCY-GTB NAGAR-X,           65393.00,               0.00,               0.00,               0.00,               0.00
AASTER PHARMA-KOPARKHAIRANE,          157094.00,           18896.00,           77580.00,           51934.00,            8684.00
AASTHA PHARMA-KALYAN,           45743.00,            6292.00,           11197.00,           19090.00,               0.00
ABDULLA (RD),          649261.00,               0.00,               0.00,               0.00,               0.00
ABHA PHARMA - NALASOPARA,            6930.00,            6930.00,               0.00,               0.00,               0.00
ABHIJEET - WATEGAON,           14109.00,           14109.00,               0.00,               0.00,               0.00
ABHIJIT ENT - VASAI,           61622.00,           21594.00,           24531.00,           15497.00,               0.00
ABHINAV PHARMA - NAGPUR,           44122.00,           34387.00,            9735.00,               0.00,               0.00
ABIRA BIO SCIENCES- PUNE,          157773.00,           62055.00,           45360.00,            9555.00,           39543.00
ACE PHARMA - CHANDRAPUR,           20126.00,            8169.00,           11957.00,               0.00,               0.00
ACME SALES - SOLAPUR,          174284.00,           55435.00,           64366.00,           36352.00,            8161.00
ADILIFE  - NALASOPARA,           35291.00,           35291.00,               0.00,               0.00,               0.00
ADINATH DISTRIBUTORES - NAGPUR,          125172.00,               0.00,           36497.00,           54820.00,           33855.00
ADITI DISTRIBUTORS - MULUND,           92466.00,            4982.00,           62558.00,           24926.00,               0.00
ADITI PHARMA - THANE,           13542.00,            5376.00,               0.00,            8166.00,               0.00
ADITI PHARMA - KHARGHAR X,           55013.36,               0.00,               0.00,               0.00,               0.00
ADITYA -GHATKOPAR (DAIPERS),           12524.00,               0.00,           12524.00,               0.00,               0.00
ADITYA AGENCIES - INDAPUR(PUNE),          164334.00,           64287.00,           57108.00,           42939.00,               0.00
ADITYA BIRLA HEALTH SERVICES - CHINCHWAD,           26806.00,               0.00,               0.00,               0.00,               0.00
ADITYA DISTRIBUTORS - PARBHANI-C/B,            5000.00,               0.00,               0.00,               0.00,               0.00
ADITYA PHARMACEUTICALS - NANDED,            9422.00,               0.00,               0.00,               0.00,               0.00
ADITYA PHARMA - AKOLA,            6976.00,               0.00,               0.00,            1760.00,            5216.00
ADVIK ENTERPRISES - DAHISAR,           24150.00,               0.00,               0.00,               0.00,           24150.00
ADVIK PHARMA-VIKROLI,            2164.00,            2164.00,               0.00,               0.00,               0.00
AGASTI PHARMA-AKOLE-LN,          326555.00,               0.00,               0.00,               0.00,               0.00
AHILYA PHARMA - LASALGAON,           19839.00,           11088.00,               0.00,            8751.00,               0.00
AHUJA MEDICO - DHULE,           75777.00,               0.00,           34235.00,           17385.00,           24157.00
AHUJA PHARMA HOUSE - BHUSAWAL,           55050.00,           12617.00,           20170.00,               0.00,               0.00
AIDLIFE PHARMA - WAKAD,           14700.00,               0.00,           14700.00,               0.00,               0.00
AISHWARYA LIFE - MAHIM,           20264.00,               0.00,           11550.00,            8714.00,               0.00
AISHWARYA MARKETING - AMRAVATI,           91701.00,           35652.00,           29756.00,            3276.00,           23017.00
AJAY AGENCIES - YAVATMAL,            1337.63,               0.00,            1337.63,               0.00,               0.00
AJAY HEALTHCARE - KOPARKHAIRANE,           77490.00,           21971.00,           55519.00,               0.00,               0.00
AJAY MEDICAL-NAGPUR-LN,          103696.00,               0.00,               0.00,               0.00,               0.00
AJOTA (SHAYAM),             -40.00,             -40.00,               0.00,               0.00,               0.00
AK PHARMA - CHINCHWAD,            4829.00,               0.00,               0.00,               0.00,               0.00
AKABANI AGENCIES-KARANJA LAD-ELDER,           38739.00,               0.00,               0.00,               0.00,               0.00
AKABANI AGENCIES - KARANJA LAD -ERIS-XX,          209094.00,               0.00,               0.00,               0.00,               0.00
AKASH MEDICAL & SURGICAL -BEED,          141899.00,               0.00,               0.00,           14155.00,           36540.00
AKSHAD PHARMA - HINGOLI,           53743.00,               0.00,           20477.00,           17993.00,           15273.00
AKSHARA MEDICAL AGENCIES-AKOLA,            2370.00,               0.00,               0.00,               0.00,            2370.00
AKSHAY AGENCY - BALAJI NAGAR-XX,            3500.00,               0.00,               0.00,               0.00,               0.00
AKSHAY AGENCIES - PANDHARPUR,           22856.00,               0.00,            3990.00,            1754.00,           17112.00
AKSHIT PHARMA-PUSAD-X,          253585.00,               0.00,               0.00,               0.00,               0.00
AL-ZIDAN PHARMA-BANDRA(E)-LN,           99459.00,               0.00,               0.00,               0.00,               0.00
ALAK HEALTH CARE PVT LTD-GUJARAT,            6734.00,               0.00,               0.00,               0.00,               0.00
ALIF KIDS- MUMBRA (DIAPERS),           16775.00,               0.00,               0.00,               0.00,               0.00
ALKARIM MEDICAL & PHARMA - AMRAVATI,           45291.00,           38566.00,               0.00,               0.00,            6725.00
ALL INDIA DRUG - KANDIVALI,           72664.00,               0.00,           33656.00,           26886.00,           12122.00
ALPHA PHARMACEUTICALS - SOLAPUR,            8134.00,               0.00,            8134.00,               0.00,               0.00
ALTIUZ PHARMACY-MALAD-X,           21308.00,               0.00,               0.00,               0.00,               0.00
AMAAN DISTRIBUTORS- PUNE-XX,          404681.89,               0.00,               0.00,               0.00,               0.00
AMAR PHARMA (RAHUL) - VASAI,           38685.00,            7464.00,           11361.00,           12032.00,            7828.00
AMAR PHARMA - JOGESHWARI,            2394.00,               0.00,               0.00,               0.00,               0.00
AMARI TRADE ALLIANCE LLP-LOWER PAREL,            6115.00,            3633.00,               0.00,            2482.00,               0.00
AMARNATH PHARMA - PARBHANI,           14947.00,               0.00,               0.00,           14947.00,               0.00
AMBADNYA ENTERPRISES-SHAHAPUR -XX,           62163.20,               0.00,               0.00,               0.00,               0.00
AMBICA - PARATWADA,          460160.00,           41483.00,          188335.00,           81585.00,          148757.00
AMBICA DRUG (TENDER) - PUNE,           14289.00,               0.00,           14289.00,               0.00,               0.00
AMBICA PHARMA (JOHNLEE)-SALE-BHIWANDI,          580918.00,          228690.00,          157915.00,           23100.00,          171213.00
AMBIKA PHARMA - BHAYANDER,          212263.00,           42632.00,           96337.00,           71194.00,            2100.00
AMEY PHARMA - KALYAN,          185896.00,           36221.00,           65021.00,           61667.00,           22987.00
AMI AGENCY - GHATKOPAR,          137509.00,           19488.00,           82461.00,               0.00,           35560.00
AMIT AGENCIES-PARLI VAIJNATH-AKUMS-XX,          395397.00,               0.00,               0.00,               0.00,               0.00
AMIT MEDICAL - AKLUJ,           11124.00,            9526.00,               0.00,            1598.00,               0.00
AMRIT PHARMA - KALYAN,           50803.00,           20192.00,               0.00,           15564.00,           15047.00
AMRUT AGENCIES - YAVATMAL,           70365.00,          -12000.00,               0.00,           82365.00,               0.00
AMRUT PHARMA - MANGALWEDHA,           64101.00,           28191.00,           35910.00,               0.00,               0.00
AMRUT PHARMA - SANGAMNER,           48969.00,            7728.00,           30408.00,            1399.00,            9434.00
AMSAL PHARMACEUTICAL - MUMBRA,           84228.00,           61417.00,           22811.00,               0.00,               0.00
AMULYA AGENCIES-LONAND -XX,           58813.00,               0.00,               0.00,               0.00,               0.00
ANAGHA PHARMACEUTICALS-BHANDARA,           41793.00,           18732.00,               0.00,           23061.00,               0.00
ANAND (AGENCY) - AKKALKOT,           55414.00,               0.00,               0.00,               0.00,            8791.00
ANAND AGENCIES - CHIKHLI(BULDHANA),           49978.00,               0.00,           14242.00,            5152.00,            9323.00
ANAND AGENCIES - PUNE,           14245.00,               0.00,            6103.00,            8142.00,               0.00
ANAND DIST - CHALISGAON,           62082.00,               0.00,            8476.00,            1735.00,               0.00
ANAND MEDICAL - UMARDARI(MUKHED)-XX,           21965.20,               0.00,               0.00,               0.00,               0.00
ANAND MEDICAL - PIMPRI,           42104.00,               0.00,           32315.00,          -15927.00,           19048.00
ANANNYA AGENCIES - TALEGAON,           13750.09,               0.00,               0.00,               0.00,               0.00
ANANT MEDICARE - NERUL,          474002.00,               0.00,          186109.00,          109717.00,           56063.00
ANANTA HEALTHCARE-THANE PARTY-XX,           54227.77,               0.00,               0.00,               0.00,               0.00
ANANYA MEDICAL STORE - UMARKHED,           21202.00,            7846.00,               0.00,           13356.00,               0.00
ANGUS HEALTHCARE - VASHI,           24045.00,           10106.00,           13939.00,               0.00,               0.00
ANIKET PHARMA AND SURGICAL - AKLUJ,          102664.00,           24839.00,           52196.00,           24499.00,            1130.00
ANIL MEDICALS- BHUSAWAL,           24274.00,               0.00,               0.00,           24274.00,               0.00
ANIRUDDHA AGENCY-AHILYANAGAR-XX,            4905.00,               0.00,               0.00,               0.00,               0.00
ANJALI MEDICAL - PIMPRI,            8217.00,               0.00,            8217.00,               0.00,               0.00
ANJALI PHARMA - KAMPTEE,           33096.00,               0.00,               0.00,           33096.00,               0.00
ANKW PHARMA RETAIL - FARIDABAD,            1142.00,               0.00,               0.00,               0.00,               0.00
ANNPURNA AGENCIES - LATUR,           17981.00,               0.00,            9771.00,               0.00,            8210.00
ANTILA GENERIC - BARDEZ(GOA),           43812.00,           43812.00,               0.00,               0.00,               0.00
ANVI ENTERPRISES - KALYAN,          103377.00,           25055.00,           14646.00,           63676.00,               0.00
APURVA SHAH RESIDENCE,           42542.00,               0.00,               0.00,               0.00,           19577.00
ARHAM DIST - DAWA BAZAR,           58498.00,            -478.00,               0.00,           13135.00,           14643.00
ARHAM PHARMA-PUNE,            5101.00,               0.00,            5101.00,               0.00,               0.00
ARHAM SALES - WAGHOLI,          136500.00,               0.00,          136500.00,               0.00,               0.00
ARIHANT (KAKA) - CHINCHWAD,          349923.00,           21924.00,          265797.00,           10689.00,           51513.00
ARIHANT AGENCIES-NAGPUR       .,           20075.00,            3406.00,           13061.00,               0.00,            3608.00
ARIHANT CHEMIST LLP - PUNE,           30750.00,               0.00,               0.00,           30750.00,               0.00
ARIHANT DIST - ARAG,            2784.00,            2784.00,               0.00,               0.00,               0.00
ARIHANT DIST - NANDURBAR,          150314.00,               0.00,           54968.00,           95346.00,               0.00
ARIHANT DIST-WANI,            4995.00,               0.00,            4995.00,               0.00,               0.00
ARIHANT GENEXT - SADASHIV PETH,          100272.00,            8239.00,           35124.00,           25205.00,           31704.00
ARIHANT IMPEX-ANDHERI #CB 7 LN,          177548.00,               0.00,               0.00,               0.00,               0.00
ARIHANT MEDITECH - PUNE,            8523.00,               0.00,               0.00,               0.00,               0.00
ARIHANT MEDICAL - PULGAON,           16515.00,             500.00,               0.00,            1000.00,             500.00
ARIHANT MEDIHUB-BHIWANDI,            5670.00,               0.00,               0.00,               0.00,               0.00
ARIHANT PHARMA - PIMPLE NILAKH,           21114.00,               0.00,           21114.00,               0.00,               0.00
ARIHANT PHARMA - CURRY ROAD,            9408.00,               0.00,            9408.00,               0.00,               0.00
ARIHANT SURGICAL & DIST-CHINCHWAD-XX,           21131.00,               0.00,               0.00,               0.00,               0.00
ARISTO PRAVIN JHA (MIS),            3236.00,               0.00,            3236.00,               0.00,               0.00
ARJUN WHOLESALE MEDICAL-KINWAT,          124012.12,               0.00,               0.00,               0.00,               0.00
ARM PHARMA-SAKINAKA,          293319.00,            8778.00,          112757.00,          101553.00,           63139.00
ARMAX PHARMA - SAMBHAJINAGAR,            3016.00,               0.00,               0.00,               0.00,               0.00
AROGYA AGENCIES-LATUR-CONCEPT,           27466.00,               0.00,               0.00,               0.00,               0.00
AROGYA ENTERPRISES - SAMBHAJINAGAR XX,           42894.00,               0.00,               0.00,               0.00,               0.00
AROGYA PHARMA - LATUR-XX,          200000.00,               0.00,               0.00,               0.00,               0.00
ARQ PHARMA-NAGPUR-XX,          123705.00,               0.00,               0.00,               0.00,               0.00
ARUN PHARMA - VASHI,          -11525.00,           13150.00,          -24675.00,               0.00,               0.00
ARUSH ENT - SHRIRAMPUR,            2937.00,               0.00,               0.00,               0.00,               0.00
ARVIND AGENCIES - PUNE XX,          140845.88,               0.00,               0.00,               0.00,            1500.00
ARVIND SAI A S PHARMA-NAGPUR-LN,           70907.03,               0.00,               0.00,               0.00,             500.00
ARYA DISTRUBUTORS - GANGAKHED,            5551.00,               0.00,               0.00,               0.00,               0.00
ASF SOAP CORNER-SION (DIAPERS),           10660.00,               0.00,               0.00,               0.00,           10660.00
ASHA - GOVANDI,          347221.00,             500.00,          130039.00,           72807.00,           63201.00
ASHA MEDICAL - SOLAPUR,           47674.00,           28891.00,           18783.00,               0.00,               0.00
ASHADEEP MEDICAL - GADCHIROLI,           43603.00,               0.00,               0.00,               0.00,               0.00
ASHAPURA MEDICAL AGENCY - BHIWANDI,          161783.00,           12072.00,           41838.00,           39305.00,           61197.00
ASHIRWAD MEDICAL - GADCHIROLI (ELDER),            1568.00,               0.00,               0.00,               0.00,               0.00
ASHIRWAD MEDICAL AGE - CHANDRAPUR,            7516.05,               0.00,               0.00,               0.00,               0.00
ASHIRWAD MEDICAL - GADCHIROLI,           48326.00,           20303.00,           28023.00,               0.00,               0.00
ASHISH AGENCY - LATUR,            1008.00,               0.00,            1008.00,               0.00,               0.00
ASHISH SURGI PHARMA - NAGPUR,            6958.00,               0.00,               0.00,               0.00,               0.00
ASHOK HEALTH - PADGHA,           97358.00,           31301.00,           65808.00,             249.00,               0.00
ASHOK PHARMA - BHAYANDER,           20091.00,           13957.00,               0.00,               0.00,            6134.00
ASHOK PHARMA - AKOT -XX,          122025.00,               0.00,               0.00,               0.00,               0.00
ASHTAVINAYAK - AIROLI-XX-C/B,          110993.00,               0.00,               0.00,               0.00,               0.00
ASHTAVINAYAK MEDICAL - LOHA,           37943.00,           16859.00,           21084.00,               0.00,               0.00
ASHTAVINAYAK DISTRIBUTORS - BASMATH,           11495.00,           11495.00,               0.00,               0.00,               0.00
ASHTAVINAYAKA - WAI(SATARA),           81745.00,            5783.00,           73834.00,            2128.00,               0.00
ASHWIN MEDICOS - RAHATA,           81736.00,           47049.00,           26717.00,               0.00,            7970.00
ASHWINI PHARMA - KARNATAKA XX,          103739.14,               0.00,               0.00,               0.00,               0.00
ASK PHARMACEUTICALS - BHAYANDER,           61895.00,           39634.00,            7613.00,           14648.00,               0.00
ASLAM (SAMARTH),             720.00,               0.00,               0.00,               0.00,               0.00
ASSISTA HEALTH SERVICES - Kurduvadi,           16561.00,           16561.00,               0.00,               0.00,               0.00
ATHARV - VADUJ,           23841.00,               0.00,               0.00,           16689.00,            7152.00
ATHARV DISTRIBUTORS - CHEMBUR XX,           27651.72,               0.00,               0.00,               0.00,               0.00
ATHARVA MEDI - NAGPUR (SALE),          390168.00,          108351.00,          188401.00,               0.00,               0.00
ATHARVA PHARMA - MANIKBAUG-XX,          310624.57,               0.00,           17358.31,            2000.00,            1500.00
ATLAL MEDICAL (AHAMED) - SUDAN,         -182136.60,               0.00,               0.00,               0.00,               0.00
ATOM HEALTHCARE - JUINAGAR,           29176.00,               0.00,           13625.00,            6804.00,            8747.00
ATREY MEDICAL AGENCIES - MALEGAON,           32044.00,            6694.00,           13028.00,            6334.00,            5988.00
ATUL NICKSON (SALE) - PR STR  .,            6883.00,               0.00,               0.00,            6883.00,               0.00
AUM ENTERPRISES-AKOLA-XX,          145113.00,               0.00,               0.00,               0.00,               0.00
AUSHADH-PUSAD,           90997.00,               0.00,           41049.00,           30912.00,           19036.00
AUSTIN HEALTHCARE - PUNE,          193261.00,          178449.00,               0.00,           14812.00,               0.00
AVATAR DIST - ICHALKANJI,           19700.00,               0.00,               0.00,           11557.00,            3975.00
AVENUE HEALTHCURE PVT.LTD. - KARNATAKA XX,           33378.44,               0.00,               0.00,               0.00,               0.00
AVENUE PHARMA-PEN -XX,           77042.12,               0.00,               0.00,               0.00,               0.00
AVIRATH PHARMA-SADASHIV PETH-XX-C/B,          780720.00,               0.00,               0.00,               0.00,             500.00
AVNI MEDICAL AGENCY - SATARA,          165991.00,               0.00,               0.00,           53694.00,           53901.00
AYANSH PHARMACEUTICAL-MHASWAD,          137884.00,            4782.00,           30389.00,           27900.00,           74813.00
AYUSH AGENCY - KANDIWALI (MYLAN ONLY)-XX,           39009.00,               0.00,               0.00,               0.00,               0.00
AYUSH PHARMA - PATHARDI,          204700.00,               0.00,           44470.00,             500.00,           51387.00
AZIZ PHARMA - NASIK,           38684.00,               0.00,           38684.00,               0.00,               0.00
AZKA MEDTRADE - SAKINAKA,          402942.00,               0.00,          207407.00,            5250.00,          190285.00
Atharva Distributor - Karad,            4379.00,               0.00,               0.00,               0.00,            4379.00
Ayesha Diaper point - Kurla (W),           62323.00,               0.00,               0.00,               0.00,               0.00
Ayeza Enterprises (DIAPER),           76686.00,               0.00,               0.00,               0.00,               0.00
B & S MEDICARE - NASIK,           33264.00,           12545.00,               0.00,           20719.00,               0.00
B M PHARMA - PUNE,            7765.00,               0.00,               0.00,               0.00,               0.00
B.A.PHARMA-MUMBAI 2-SALE      .,              60.00,               0.00,              60.00,               0.00,               0.00
B.B AGENCIES - PANVEL,           69124.00,           31922.00,           37202.00,               0.00,               0.00
B.H.PHARMA (SALE) - PR STR,           48256.00,               0.00,           48256.00,               0.00,               0.00
BABA PHARMA - KALYAN-XX,           33101.00,               0.00,               0.00,               0.00,               0.00
BABY CARE (DIAPERS),           43376.00,               0.00,           -4284.00,               0.00,               0.00
BADRI PHARMA - NALASOPARA,            5692.00,            5692.00,               0.00,               0.00,               0.00
BADSHAH GARMENTS (DIAPERS),           13973.00,               0.00,           13973.00,               0.00,               0.00
BAFNA SURGICAL - THANE,            1528.00,               0.00,            1528.00,               0.00,               0.00
BAGDI MEDICO - YAVATMAL,           42192.00,           28584.00,           13608.00,               0.00,               0.00
BALAJI - BHUSAWAL,            9240.00,               0.00,               0.00,            9240.00,               0.00
BALAJI AGENCY - LATUR,          130420.00,           37522.00,           21485.00,           45721.00,           25692.00
BALAJI DIST. - LOHA,          113999.00,           36457.00,           42854.00,           34688.00,               0.00
BALAJI ENTERPRISES - DHULE,           12006.00,            8462.00,            3544.00,               0.00,               0.00
BALAJI HOSPITAL - BYCULLA,          251151.00,         -123925.00,          241722.00,          119601.00,               0.00
BALAJI MEDICAL - AKLUJ,           34533.00,               0.00,           34533.00,               0.00,               0.00
BALAJI MEDICAL AGENCY-BEED-CONCEPT,           43092.00,               0.00,               0.00,               0.00,               0.00
BALAJI MEDICAL & SURG.BEED-XX,          242146.36,               0.00,               0.00,               0.00,               0.00
BALAJI MEDICO-KALYAN-LN,           77113.02,               0.00,               0.00,               0.00,               0.00
BALAJI PHARMA - PUSAD -XX,           93233.00,               0.00,               0.00,               0.00,               0.00
BALAJI SWASTA AUSHADI - NAGPUR - WINDLAS,           11257.89,               0.00,               0.00,               0.00,               0.00
BANG SURGICALS - NAGPUR,            6073.00,               0.00,            6073.00,               0.00,               0.00
BARAMATI SURGICAL - BARAMATI-c/b,          140117.11,               0.00,               0.00,               0.00,               0.00
BARC (CHALLAN ONLY 1 ITEM AT A TIME),          142241.00,               0.00,            1278.00,               0.00,           41738.00
BARC HOSPITAL - KOLKATA,           24822.00,               0.00,               0.00,               0.00,               0.00
BARC HOSPITAL - ORISSA,            2793.00,               0.00,               0.00,               0.00,               0.00
BARC HOSPITAL - MYSORE,           65793.00,               0.00,               0.00,            4338.00,               0.00
BARC HOSPITAL - TAMILNADU,            1785.00,               0.00,               0.00,               0.00,               0.00
BARC HOSPITAL - GUJARAT,           89603.00,               0.00,               0.00,               0.00,               0.00
BARC HOSPITAL STORES - MUMBAI,         1412902.00,          275678.00,          304335.00,               0.00,               0.00
BARDE PHARMA - JALGAON,          319175.00,           63695.00,          102033.00,          122184.00,           21798.00
BASATWAR DISTRIBUTORS - HINGOLI,           62127.00,               0.00,           26309.00,            1915.00,           33903.00
BE LIFE SURGICALS-ICHALKANJI,            5775.00,               0.00,               0.00,               0.00,            5775.00
BELESHWAR ENTERPRISES - PANVEL,          127115.00,           12598.00,           57150.00,           57367.00,               0.00
BEST PHARMA - DOMBIVALI,          141832.00,           41340.00,               0.00,           44006.00,           53109.00
BEST PHRMACEUTICALS -SAMBHAJINAGAR-LN,          419809.00,               0.00,               0.00,               0.00,             500.00
BETTER LIFE PHARMA - SADASHIVPETH,          106815.00,           34546.00,               0.00,           13616.00,           58653.00
BHAGIRATHI DISTRIBUTORS - GANGAKHED,           14204.00,               0.00,            7476.00,               0.00,            6728.00
BHAGIRATHI MEDICAL - AMBEJOGAI-AKUMS-XX,          110000.00,               0.00,               0.00,               0.00,               0.00
BHAGWATI - MALEGAON-XX,          196192.00,               0.00,               0.00,               0.00,               0.00
BHAGWATI DISTRIBUTORS - NASIK,             403.00,               0.00,               0.00,             403.00,               0.00
BHAGYA ENTERPRISE - VADODARA -XR,           23206.00,               0.00,               0.00,               0.00,               0.00
BHAGYANAND MEDICAL - GANGAKHED,           83752.00,               0.00,               0.00,           14196.00,               0.00
BHAKTI MEDICAL - KANDHAR ASHISH,           92177.00,            9660.00,           46652.00,           26865.00,            9000.00
BHAKTIVEDANTA HOSPITAL - MIRA RD,          359694.00,           41241.00,          241092.00,           75471.00,               0.00
BHANDARI & CO.-PUNE,            8190.00,               0.00,               0.00,               0.00,            8190.00
BHANSALI MEDISALES-PHURSUNGI,           23179.00,               0.00,           17929.00,            5250.00,               0.00
BHARAT AGENCIES - SOLAPUR,           54244.00,           25033.00,           29211.00,               0.00,               0.00
BHARAT CHEMICALS -GOA-XX,            9130.00,               0.00,               0.00,               0.00,               0.00
BHARAT DISTRIBUTORS - JALNA,           66465.00,               0.00,               0.00,           27930.00,           38535.00
BHARAT MEDICAL AGENCIES - MALEGAON,           60367.00,               0.00,           29630.00,           20079.00,           10658.00
BHARAT MEDICAL CORP (SALE) - PR STR.,           19836.00,               0.00,           19836.00,               0.00,               0.00
BHARAT MEDICALS & GEN STORES-AMRAVATI-XX,           27925.00,               0.00,               0.00,               0.00,               0.00
BHARAT PHARMA - SANPADA -XX,           14022.00,               0.00,               0.00,               0.00,               0.00
BHARAT PHARMA - HIMAYATNAGAR,           30285.00,               0.00,               0.00,           -9043.00,               0.00
BHARAT SURGICAL - RAHURI,           39933.00,           10488.00,           12142.00,            6968.00,           10335.00
BHARTI DISTRIBUTORS - MIRAJ,            2625.00,               0.00,               0.00,               0.00,               0.00
BHARTIYA GENERIC AUSHADHI - (ADVANCE ONLY),            2118.00,               0.00,               0.00,               0.00,               0.00
BHAVANI ENTERPRISES-YERWADA -XX,           27726.00,               0.00,               0.00,               0.00,               0.00
BHAVANI MARKETING - VASAI,           77996.00,               0.00,           27066.00,           45528.00,               0.00
BHAVESH SALES - DAWA BAZAR,            5965.00,               0.00,            5965.00,               0.00,               0.00
BHAVI PHARMA - CHAROLI(ALANDI),           14285.00,               0.00,               0.00,               0.00,               0.00
BHAVIKA MEDICAL - NANDED,           12313.00,           12313.00,               0.00,               0.00,               0.00
BHAWANI PHARMA - WAKAD,           24774.00,               0.00,           15405.00,               0.00,            9369.00
BHOOMI DISTRIBUTORS-GHOTI-XX,           25490.67,               0.00,               0.00,               0.00,               0.00
BHUSHAN DISTRIBUTORS - PEN,           40293.00,               0.00,           40293.00,               0.00,               0.00
BIO PHARMA PRIMO IMPEX - JAIPUR,          111035.00,               0.00,          111035.00,               0.00,               0.00
BIOETHICA PHARMA - KALYAN,          110105.00,           16414.00,           21015.00,           72676.00,               0.00
BIOMEDIZONE INTERNATIONAL -  KERALA,               0.00,               0.00,               0.00,               0.00,               0.00
BIOTECH PHARMA - ULHASNAGAR(ALKEM)-XX,           38050.19,               0.00,               0.00,               0.00,               0.00
BIOTECH PHARMA-ULHASNAGAR-LN,          119084.00,               0.00,               0.00,               0.00,               0.00
BIYANI MEDICO-NANDED XX,           35899.19,               0.00,               0.00,             500.00,            1000.00
BIYANI MEDICALS - NANDED (HADGAON)XX,             500.00,               0.00,               0.00,               0.00,             500.00
BMC-KEM HOSPITAL & GSM COLLEGE,          557319.65,               0.00,               0.00,               0.00,               0.00
BMC-M.T.AGARWAL HOSPITAL,            6046.00,               0.00,               0.00,               0.00,            6046.00
BMC-MEDICAL STORE J BUILDING,          407729.60,               0.00,               0.00,               0.00,          237825.00
BMC-SANT MUKTABAI HOSPITAL-GHATKOPAR,            6217.00,               0.00,               0.00,               0.00,               0.00
BOMBAY DRUG - NACHANE         .,            7556.00,               0.00,            7556.00,               0.00,               0.00
BOMBAY HOSPITAL - INDORE,           20426.00,               0.00,          -88681.00,           59774.00,               0.00
BOMBAY HOSPITAL (OLD)- BAL O/S,           25171.00,               0.00,               0.00,               0.00,               0.00
BOMBAY HOSPITAL (NEW) - MARINE LINES,           33255.00,               0.00,               0.00,               0.00,               0.00
BOSSBABY DIAPERS - PANVEL (DIAPERS),           48668.00,               0.00,           48668.00,               0.00,               0.00
BRAHMNATH MEDICAL - CHIKKODI XX,          121359.41,               0.00,               0.00,               0.00,               0.00
BRIGHT HEALTHCARE - KHARGHAR,          179012.00,           10123.00,            6765.00,          116011.00,           46113.00
BRITIM HEATHCARE-THANE (W),             662.00,               0.00,             662.00,               0.00,               0.00
BRIX BIOPHARMA PRIVATE LTD-DADAR,         2334378.00,               0.00,         1109553.00,         1224825.00,               0.00
BRIX MEDIC-DADAR,           16652.00,               0.00,               0.00,               0.00,           10244.00
BRS NOT CLEARING A/C,               0.00,               0.00,               0.00,               0.00,               0.00
BURHAAN MEDICAL - JALKOT,          103875.00,               0.00,               0.00,               0.00,           23715.00
BUTIBORI SWAST AUSHIDHI - NAGPUR,           40977.00,               0.00,             500.00,             500.00,            1000.00
C.P.THAKKAR - SALE,            6458.00,               0.00,               0.00,               0.00,            6458.00
CARDINAL HEALTHCARE - DOMBIVALI(E),          250697.00,           16923.00,               0.00,               0.00,           17887.00
CARE PHARMA- KHARDI(PUNE) -XX,           12247.00,               0.00,               0.00,               0.00,               0.00
CARE PHARMACEUTICALS - NIPHAD,           31845.00,           13062.00,               0.00,            7825.00,           10958.00
CARE PLUS PHARMA - JUINAGAR,           81356.00,           19472.00,           19173.00,           42711.00,               0.00
CARE SURIGICAL - NALASOPARA,          516125.00,          122497.00,          221081.00,          172547.00,               0.00
CAREWELL PHARMA - SAVANGI-XX,           19555.49,               0.00,               0.00,               0.00,               0.00
CAREZONE PHARMA-GHANSOLI (ADV)  -XX,           25556.17,               0.00,               0.00,               0.00,               0.00
CDS PHARMA - NAGPUR-XX,          185745.00,               0.00,               0.00,               0.00,               0.00
CHAITALI AGENCIES-PARLI       .,            1080.00,               0.00,               0.00,               0.00,               0.00
CHAITANYA ENT - GOA,           28655.00,               0.00,           22764.00,            5891.00,               0.00
CHAITANYA MEDISALES - YEWAT(PUNE),           34640.00,               0.00,           18499.00,           16141.00,               0.00
CHAITANYA PHARMA - SAMBHAJINAGAR,          145907.00,           16557.00,           78252.00,           51098.00,               0.00
CHAITANYA PHARMA - SAMBHAJINAGAR-ELDER,            8265.00,               0.00,               0.00,               0.00,               0.00
CHAKRAPANI HEALTHCARE-NASIK-(CLOSE)XX,           36834.12,               0.00,               0.00,               0.00,               0.00
CHANDAN MEDICO - LONAR,           26318.00,               0.00,           14980.00,           11338.00,               0.00
CHANDANA MEDICAL - SONGIRWADI (WAI) XX,          135844.78,               0.00,               0.00,               0.00,               0.00
CHAUDHARI ENTERPRISES - KOTHRUD,           38951.00,               0.00,               0.00,           24700.00,           14251.00
CHAUDHARY PHARMA AGENCY - KURLA,          132814.00,           14385.00,           30853.00,           73881.00,           13695.00
CHAUDHARY PHARMA - NASIK,          106848.00,            6015.00,           53400.00,               0.00,           43842.00
CHAUDHARY MEDICAL AGENCY-NANDED-ELDER,            4884.00,               0.00,               0.00,               0.00,               0.00
CHAVAN PHARMA-BHOKAR-XX,           71132.41,               0.00,               0.00,               0.00,             500.00
CHD PHARMACEUTICAL - KALBADEVI XX,          197863.00,               0.00,               0.00,               0.00,               0.00
CHEMICALS  INSTRUMENT COMPANY-TAK..,             809.00,               0.00,             809.00,               0.00,               0.00
CHEMOX MEDIVISON-NAVI MUMBAI-LN,           45000.00,               0.00,               0.00,               0.00,               0.00
CHETAN MEDICOS - SAMBHAJINAGAR,          165139.54,               0.00,               0.00,               0.00,          -13989.00
CHETANA MEDISALES - PUNE,           34572.00,           17892.00,           16680.00,               0.00,               0.00
CHETNA ENT - AHILYANAGAR,           25542.00,            4515.00,           21027.00,               0.00,               0.00
CHHATRAPATI MEDICAL AGENCY-SHIRPUR,           33377.00,               0.00,           33377.00,               0.00,               0.00
CHHATRAPATI PHARMA-HINGOLI,          324570.00,           60353.00,          128495.00,          108042.00,           27680.00
CHIKHALE MEDICAL - JUNNAR -XX C/B,            4656.00,               0.00,               0.00,               0.00,             500.00
CHIKHLI MEDICAL-CHIKHLI,          100704.00,               0.00,           23035.00,           39064.00,           17904.00
CHINTAMANI ENTERPRISES - AKURDI,          260950.00,               0.00,               0.00,             500.00,             500.00
CHIRAG PHARMA - BHIWANDI,           19274.00,             693.00,           18581.00,               0.00,               0.00
CHIRANTAN PHARMA - KATRAJ,           39651.00,               0.00,           14358.00,           13685.00,           11608.00
CHIRAYU - CHIKHLI,           31610.00,               0.00,           18566.00,            4422.00,            8622.00
CHOBE AGENCIES-BHOKARDAN-XX,           95414.33,               0.00,               0.00,               0.00,               0.00
CHOICE PHARMA - PUNE          .,           11417.00,               0.00,            4268.00,               0.00,               0.00
CHOUDHARI TRADERS-AMRAVATI,           17842.00,               0.00,               0.00,               0.00,           17842.00
CHOUGULE PHARMA - SAKHARPA,           27009.00,               0.00,               0.00,               0.00,           27009.00
CHOUKSEY TRADING-BALLARSHA,           31013.00,           11687.00,               0.00,               0.00,            8713.00
CHOUZHOU GENERAL TRADING COMPANY LTD,        -1042003.95,               0.00,        -1042003.95,               0.00,               0.00
CITY CARE PHARMA-MORSHI -3%,           92359.00,           40749.00,               0.00,           51610.00,               0.00
CITY DRUG HOUSE - NAGPUR,          121653.00,           16688.00,           10048.00,           73539.00,           21378.00
CITY MEDICAL-NASIK,          237040.00,               0.00,            6536.00,           95717.00,           77483.00
CITY PHARMA - GOREGAON,          124366.00,               0.00,               0.00,          124366.00,               0.00
CLASSIC MEDICAL & DISTRIBUTOR-ALIBAUG,               0.00,               0.00,               0.00,               0.00,               0.00
CLEAR POINT PHARMA - PAREL (MANHAR)   .,             641.00,               0.00,             641.00,               0.00,               0.00
CLEAR POINT PHARMA PVT LTD - PAREL (NARENDRA,           57305.00,               0.00,           18628.00,           29466.00,               0.00
COGNYS LIFE SCIENCE - NAGPUR,          148906.00,           22507.00,           70099.00,           41886.00,           14414.00
COMBITIC GLOBAL CAPLET PVT LTD-SONIPAT,            1890.00,               0.00,               0.00,               0.00,               0.00
COMMISSION#-(KEMSYN LIFESCIENC),          606575.00,               0.00,               0.00,        -1114190.00,         1328042.00
COMMISSION#-(ARISTO LABORATORIES),          120743.00,           75319.00,           15300.00,           16170.00,           13954.00
COMMISSION#-(INTAS PHARMACEUTICALS),        -2263329.00,               0.00,        -3000826.00,          382341.00,          117383.00
COMMISSION ANMOL DANDI DAWAI MUMBRA,          193566.00,           22500.00,               0.00,               0.00,               0.00
COMMISSION (AJAY NAPROD),           25000.00,               0.00,               0.00,           25000.00,               0.00
COMPOSITION DRUGS- ASSAM,           -3630.00,           -3630.00,               0.00,               0.00,               0.00
CONTENT PHARMA - BHIWANDI,          124527.00,            5571.00,           31619.00,           74567.00,           12770.00
CONWEST JAIN HOSPITAL - GIRGAON,           47493.00,           22100.00,           22880.00,            2513.00,               0.00
CRITIZEN PHARMA-BHANDUP,            1344.00,               0.00,               0.00,               0.00,               0.00
CURECRAFT HEALTHCARE - ULHASNAGAR,           41043.00,           41043.00,               0.00,               0.00,               0.00
CUREWELL PHARMA - BHIWANDI,           32898.00,           39690.00,               0.00,          -10646.00,            3854.00
CURUM PHARMA-BHANDARA,           32966.00,               0.00,           14975.00,               0.00,               0.00
D & D SURGICALS - VASAI,           36561.00,               0.00,               0.00,               0.00,           11626.00
D J PHARMA - DHULE,           91690.00,               0.00,           24889.00,           22543.00,           29111.00
D MEDS GROUP - KERELA,            4564.00,               0.00,            4564.00,               0.00,               0.00
D S PHARMA - AKOLA,           26396.00,           11764.00,           14632.00,               0.00,               0.00
D.A.B PHARMA-NANDED,           65585.00,           34776.00,               0.00,           26309.00,               0.00
D.B.PHARMACEUTICAL - NAGPUR-LN,          288252.00,               0.00,               0.00,               0.00,               0.00
D.S ENTERPRISES - PUNE,           99820.00,               0.00,               0.00,               0.00,             500.00
D.S.DISTRIBUTORS-PATAN (SATARA),           20344.00,               0.00,           20344.00,               0.00,               0.00
D.VIJAY PHARMA -MULUND,           11378.00,               0.00,               0.00,               0.00,               0.00
D.VIJAY PHARMA - NASIK,          130289.00,            9527.00,           47899.00,           26665.00,           27056.00
DAGAJI PHARMA - BHANDUP,           18396.00,           18396.00,               0.00,               0.00,               0.00
DARSHAN - SANGAMNER,           19298.00,               0.00,           19298.00,               0.00,               0.00
DARSHAN SURGICALS - CHIKHLI,           23720.00,           11230.00,               0.00,            2967.00,            9523.00
DARSHIT PHARMA - NASIK XX,            3445.00,               0.00,               0.00,               0.00,               0.00
DARSHITA AGENCY -SAMBHAJINAGAR,           48650.00,            6484.00,           25738.00,           16428.00,               0.00
DATE PHARMA - NASIK,           31988.00,               0.00,           25083.00,            6905.00,               0.00
DATTA AGENCIES - ASHTI BEED-XX,          135112.01,               0.00,               0.00,               0.00,               0.00
DATTA FARMA - WASHIM,           10080.00,               0.00,               0.00,           10080.00,               0.00
DATTA PHARMA  - SATARA,           14298.00,               0.00,           14298.00,               0.00,               0.00
DATTAKRUPA DIST - KAMOTHE,          181446.00,               0.00,            8985.00,          115414.00,           57047.00
DAWAI BAZAAR PHARMA SOLUTIONS - mumbra,          115414.00,               0.00,           76406.00,               0.00,           35700.00
DAWASETU PRIVATE LIMITED - NAGPUR,            2544.00,               0.00,               0.00,               0.00,               0.00
DAYAL REMEDICS - NAGPUR,           29192.00,               0.00,           11771.00,               0.00,           17421.00
DEEP MEDICAL & AGENCY-CHIKHLI,           59567.00,               0.00,           39607.00,               0.00,           14490.00
DEEP PHARMA - DOMBIVALI,           99519.00,           33476.00,           66043.00,               0.00,               0.00
DEEPAK PHARMA-BORIVALI,          132697.00,           25242.00,           63710.00,            9442.00,           34458.00
DEEPAK SURGICAL - DIWA-LN,          104485.80,               0.00,               0.00,               0.00,               0.00
DEEPALI MEDICAL AGENCIES-WARUD,            8921.00,               0.00,               0.00,               0.00,            8921.00
DEEPKAMAL MEDICAL - Shahada,           21901.00,               0.00,           17671.00,               0.00,            4230.00
DELITE PHARMA - KANDIVALI-XX-C/B,           12852.00,               0.00,               0.00,               0.00,               0.00
DELLAREX BIOTEC PRIVATE LIMITED - CHEMBUR,            4725.00,               0.00,               0.00,               0.00,               0.00
DESHMUKH MEDICAL - MUKHED,           59506.00,               0.00,           23163.00,           36343.00,               0.00
DEV AGENCIES - BHUSAWAL,           48473.00,               0.00,           24416.00,           24057.00,               0.00
DEV MEDICAL - BHADRAWATI-XX,           26253.00,               0.00,               0.00,               0.00,               0.00
DEV PHARMA - HADAPSAR,          172334.00,               0.00,               0.00,               0.00,           24675.00
DEVA LIFESCIENCES - AHILYANAGAR,           56457.00,           10174.00,           17355.00,               0.00,           28928.00
DEVANG ENTERPRISE -SALE,           18900.00,               0.00,               0.00,           18900.00,               0.00
DEVANSH PHARMACY - VIRAR,          131824.00,           39193.00,               0.00,           92631.00,               0.00
DHANAI DISTRIBUTORS - CHALISGAON,           20643.00,               0.00,           20643.00,               0.00,               0.00
DHANASHRI PHARMA - UMRED-XX,          361719.00,               0.00,               0.00,               0.00,             500.00
DHANRAJ MARKETING - CHUNABHATTI,           11048.00,               0.00,               0.00,           11048.00,               0.00
DHANWANTARI MEDICAL - CHANDRAPUR-XX-LN,           54501.82,               0.00,               0.00,               0.00,               0.00
DHANWANTARI DIST - KOLHAPUR,           55870.00,            5998.00,           41997.00,            7875.00,               0.00
DHANWANTARI - SASWAD,          103906.00,           42882.00,           19709.00,           20069.00,           21246.00
DHANWANTARI PHARMACARE-KOLHAPUR,            7140.00,               0.00,            7140.00,               0.00,               0.00
DHANWANTARI PHARM CORP - GOVANDI,           50178.00,               0.00,           27567.00,           22611.00,               0.00
DHANWANTRI PHARMA - PUNE XX,          157155.49,            1500.00,            2500.00,            1000.00,               0.00
DHARMARAJ PHARMA - KOLHAPUR -xx,            3460.50,               0.00,               0.00,               0.00,               0.00
DHEER HEALTH CARE - DADAR,          396240.00,               0.00,               0.00,          130830.00,               0.00
DHRUVIL PHARMA - BORIVALI,           22264.00,            8333.00,           13586.00,               0.00,             345.00
DIABETIC ASSOCIATION (RAHEJA) - MAHIM,           47229.00,           21788.00,            5198.00,               0.00,               0.00
DIAMOND DIST-ULHASNAGAR,           79671.00,               0.00,           22095.00,           35469.00,           22107.00
DIAMOND LIFESCIENCES - ANDHERI,            9609.00,            9608.00,               0.00,               0.00,               0.00
DIAPER MART - NALLASOPARA (DIAPERS),           13771.47,               0.00,               0.00,            1096.47,               0.00
DIKSHA PHARMA - MALAD,           35662.00,           10752.00,           14590.00,           10320.00,               0.00
DILIP AGENCIES - NAGPUR,          538648.00,            9536.00,          209808.00,          130498.00,          188806.00
DILIP DIST - NANDURBAR,            5791.00,               0.00,            5791.00,               0.00,               0.00
DIMPLE HEALTH CARE-MUM-02,            9923.00,               0.00,               0.00,               0.00,               0.00
DIP AGENCIES-JALGAON-XX,          164769.00,               0.00,               0.00,               0.00,               0.00
DIPTI PHARMA - JALNA,          129208.00,               0.00,           62430.00,           16626.00,           32408.00
DIYA SURGICAL - PACHORA X,          113610.27,               0.00,               0.00,           17993.00,           -3830.00
DM PHARMA - SEWREE (ALKEM),           26264.00,               0.00,            9408.00,            6272.00,           10584.00
DME REMEDIES PVT LTD-AIROLI,          888050.00,           91189.00,          285939.00,          313368.00,          197554.00
DOLAMIND PHARMA PVT LTD - GOREGAON,          161203.00,               0.00,           68983.00,           70929.00,               0.00
DOSHI (BROTHERS) -SALE  KHETWADI,          860260.00,          467040.00,          325226.00,           23042.00,           44952.00
DOSHI AGENCIES - MULUND,            5681.00,               0.00,               0.00,               0.00,            3082.00
DOSHI MARKETING - GOVANDI,            6825.00,               0.00,            6825.00,               0.00,               0.00
DOT PHARMA-ANTOP HILL,            3339.00,               0.00,            3339.00,               0.00,               0.00
DOYEN ENTERPRISES-THANE,           91134.00,           27800.00,               0.00,           18480.00,           44854.00
DR AKSHATA DHAIRYASHEEL PATIL-SANGLI,           62453.00,             159.00,           43845.00,               0.00,           18449.00
DR.S.D.NAIK - MULUND (MATHADI),             668.00,               0.00,             668.00,               0.00,               0.00
DR.SAMEER BHISE - RAJGURUNAGAR,           38105.00,               0.00,           38105.00,               0.00,               0.00
DROGARIA (COLVALCAR) - GOA,           85575.00,           26775.00,           58800.00,               0.00,               0.00
DRONAGIRE PHARMACARE - MALEGAON,           38891.00,               0.00,               0.00,           38891.00,               0.00
DRUGMART PHARMACY - BARAMTI-XX,            6652.00,               0.00,               0.00,               0.00,               0.00
DS MEDICAL GENERAL STORE-WAGHOLI-(CLOSE),           36903.00,               0.00,               0.00,               0.00,               0.00
DUGAD ENTERPRISES - MAJALGAON,            9642.00,               0.00,            9642.00,               0.00,               0.00
DURGA MEDICAL - AMALNER,           20404.00,               0.00,           20404.00,               0.00,               0.00
DURVA PHARMACEUTICALS - KANDIVALI,           20459.00,            7707.00,           12752.00,               0.00,               0.00
DVA - PUNE -XX,           65798.00,               0.00,               0.00,               0.00,               0.00
DWARAKA PHARMA - HADAPSAR,           44769.00,               0.00,            4688.00,               0.00,           28709.00
DWARKAMAI DISTRIBUTORS-NASIK,           51978.00,            4041.00,           21630.00,           10701.00,           15606.00
ECO SALES - PUNE,           32141.00,           17588.00,           14553.00,               0.00,               0.00
EEN VEE ENTERPRISES - GOA,           38179.00,               0.00,           14795.00,           11891.00,               0.00
EKDANT PHARMA - VIRAR,           25316.00,           25316.00,               0.00,               0.00,               0.00
EKDANT PHARMA - NASIK,           21725.00,               0.00,           21725.00,               0.00,               0.00
EKTA CHEMIST - MULUND,            5762.00,               0.00,               0.00,               0.00,               0.00
ELITE DRUG - KOPARKHAIRANE-LN,          120891.00,               0.00,               0.00,               0.00,               0.00
EMAMI MEDICAL - BASMATH,            8349.00,               0.00,            8349.00,               0.00,               0.00
EMPIRE PHARMA - CHINCHWAD (OLD),           24890.00,               0.00,               0.00,               0.00,               0.00
EMPIRE PHARMA - CHINCHWAD (NEW),          158413.00,           18900.00,          152759.00,               0.00,               0.00
ENDURE SALES AGENCY-CHINCHWAD-XX,            4921.00,               0.00,               0.00,               0.00,               0.00
ENHET PHARMA - PUNE,           74738.00,               0.00,               0.00,               0.00,            1000.00
ERUCA HEALTHCARE - MANKHURD,          333030.00,            -606.00,          184544.00,          128919.00,           20173.00
EUPHEME HEALTHCARE - KALYAN,          154590.00,               0.00,           70120.00,           50807.00,           33663.00
EURO BIOM - DELHI,           67187.00,               0.00,               0.00,               0.00,           50197.00
EVEREST PHARMA - BHIWANDI,           52369.00,           29609.00,           22760.00,               0.00,               0.00
EVERSHINE - JOGESHWARI,         1230759.00,          187498.00,          388888.00,          428344.00,          226029.00
EVOLUTION LIFE - MALAD-xx,          362370.92,               0.00,               0.00,               0.00,               0.00
EXIM TRAC-KANDIVALI           .,          105840.00,               0.00,          105840.00,               0.00,               0.00
FAROGH MEDICAL & GENERAL STORE-BHIWANDI,           13159.00,               0.00,           13159.00,               0.00,               0.00
FEDELTY HEALTHCARE PVT LTD. - FORT,          252000.00,               0.00,          252000.00,               0.00,               0.00
FIRST PHARMACY-NAGPUR,           87625.00,           45985.00,           19406.00,           22234.00,               0.00
FISSION PHARMA - WANI(YAVATMAL),           64303.00,               0.00,               0.00,               0.00,               0.00
FMC PHARMA - BHIWANDI,          277423.00,           47384.00,          185956.00,           44083.00,               0.00
FORAM HEALTHCARE - SURAT GUJARAT,          227954.00,           25988.00,               0.00,           32217.00,           63130.00
FORTUNE HEALTHCARE - MAHAPE,            3325.00,               0.00,            3325.00,               0.00,               0.00
FOURWAY PHARMA LLP - DAHISAR,          -39233.00,          -40000.00,             767.00,               0.00,               0.00
FPME (FEDERATION OF PHARMA MERCHANT EXPORT),           10608.00,               0.00,               0.00,               0.00,               0.00
FRONT LINE PHARMA - NAGPUR -XX,           98541.25,               0.00,               0.00,               0.00,               0.00
G PHARMA - AHMEDABAD,           68906.00,               0.00,           34760.00,           34146.00,               0.00
G S PHARMA-NASIK,           21279.00,            6605.00,           14674.00,               0.00,               0.00
G.K.HEALTHCARE-JALGAON (JAMOD),           96256.00,               0.00,           16006.00,               0.00,           68448.00
G.M.PHARMA - NANDED,          141891.00,           31354.00,           13974.00,           52374.00,           44189.00
G.P.S PHARMA - TELANGANA,          113972.00,               0.00,           35740.00,           30634.00,           47598.00
G.S.GADVI'S MEDICAL - GADHIINGLAJ-XX,            7148.00,               0.00,               0.00,               0.00,               0.00
G7 LIFECARE PRIVATE - ANDHERI,           73343.00,               0.00,           62874.00,           10469.00,               0.00
GAIKWAD HEALTHCARE - SOLAPUR,            7369.00,               0.00,               0.00,            7369.00,               0.00
GAJABI MEDICAL - ICHALKARANJI,           71093.00,               0.00,           23520.00,           45342.00,               0.00
GAJANAN AGENCIES-LATUR,           68633.00,               0.00,           29203.00,           19245.00,           20185.00
GAJANAN DISTRIBUTORS - NASIK,           42337.00,               0.00,               0.00,           21393.00,           20944.00
GAJANAN PHARMA - MIRAJ,          144374.00,            4116.00,          140258.00,               0.00,               0.00
GAJANAN SURGICAL - DHARASHIV,           59030.00,               0.00,            8395.00,           11287.00,           39348.00
GALAXY (SAYBA) - DONGRI,           18995.00,               0.00,               0.00,           18995.00,               0.00
GALAXY PHARMA - THANE,           68424.00,               0.00,               0.00,           51860.00,           16564.00
GALAXY PHARMA - GHANSOLI,           52063.00,           30282.00,           21781.00,               0.00,               0.00
GANAPATI AGENCIES - BEED,          231914.00,               0.00,               0.00,               0.00,           70386.00
GANAPATI AGENCIES - BEED OLD GST,           68312.00,               0.00,               0.00,               0.00,               0.00
GANESH ENTERPRISE- OSMANABAD,          192784.00,            9351.00,          183433.00,               0.00,               0.00
GANESH MEDICAL & DISTRIBUTORS-MIRAJ,           13598.00,            5119.00,            8479.00,               0.00,               0.00
GANESH PHARMA-BARSHI X,          262555.00,            1000.00,           23051.00,           93422.00,           84719.00
GANESH SURGICAL - BEED,          127329.00,               0.00,            5187.00,           60480.00,           61662.00
GANSON - THANE,           54685.00,            5991.00,            6678.00,            8505.00,           33511.00
GAURI MEDICALS - PUSAD,           32578.00,               0.00,           12919.00,            4843.00,           14816.00
GAUTAM PHARMA - DAWA BAZAR (SALE),           82694.00,           11036.00,           71658.00,               0.00,               0.00
GAUTAM SURGICARE - BHAYANDER,           38676.00,               0.00,           38676.00,               0.00,               0.00
GAVHANE MEDICALS - CHIKHLI,           33490.00,           25179.00,            5080.00,               0.00,            3231.00
GAWALI DIST-AMBERNATH,           96532.00,           47067.00,               0.00,           32770.00,           16695.00
GAYATRI MEDISURG - AMRAVATI,             353.00,               0.00,             353.00,               0.00,               0.00
GAYATRI SURGICAL-BOISAR       .,           24950.00,            9924.00,           15026.00,               0.00,               0.00
GCS HEALTHCARE - KALBADEVI,           12241.00,               0.00,               0.00,               0.00,               0.00
GENERIC HOUSE-BHIWANDI,           63942.00,               0.00,           17876.00,               0.00,           35028.00
GENERIC MART-NALASOPARA,           81904.00,           11021.00,           39528.00,           16884.00,           14471.00
GENERICARE PHARMACY - NASIK,           60425.70,           36054.00,               0.00,           24371.70,               0.00
GENERICART MEDICINE PRIVATE LTD.-KARNATAKA,           28315.00,               0.00,           28315.00,               0.00,               0.00
GENERICART MEDICINE PRIVATE LTD.MIRAJ,           40314.00,           40314.00,               0.00,               0.00,               0.00
GENERIMED PHARMA-NASIK-XX,           27174.00,               0.00,               0.00,               0.00,               0.00
GENIVIS REMEDIES INDIA PVT LTD-WADKI,          -39532.00,               0.00,               0.00,          -39532.00,               0.00
GENIX PHARMACEUTICAL - MUMBRA,          155849.00,           32023.00,           34382.00,           59739.00,           29705.00
GENOVA BIOTEC - BHAYANDAR,           57593.00,            6563.00,           51030.00,               0.00,               0.00
GENRICPLUS PHARMA-KALHER(SKYOGEN)XX,           12344.94,               0.00,               0.00,               0.00,               0.00
GET LIFE PHARMA - CHANDRAPUR,           96300.00,           33856.00,           38474.00,           23970.00,               0.00
GETWELL DISTRIBUTOR -NASIK    .,            8663.00,               0.00,               0.00,               0.00,            8663.00
GHEV MARKETING PHARMA-MUMBAI,           31024.00,               0.00,           14112.00,            7840.00,            9072.00
GIRIRAJ AGENCIES - KARMALA (E5%),           22137.00,               0.00,               0.00,               0.00,            2233.00
GIRIRAJ ENT - DAHISAR         .,            3413.00,               0.00,               0.00,               0.00,            3413.00
GIRISH AGENCIES - CHALISGAON,          121997.00,               0.00,          121997.00,               0.00,               0.00
GIRJAI MEDICAL PHARMA - MUKHED,           88116.00,               0.00,           24148.00,           18087.00,           45881.00
GIRNAR ENT - MIRAJ,          381919.00,           42732.00,          162127.00,          147907.00,           29153.00
GITANJALI PHARMA - TALEGAON DABHADE,          524813.00,           -3104.00,          160614.00,          213855.00,          153448.00
GITESH SALES - AMRAVATI,           18295.00,               0.00,           18295.00,               0.00,               0.00
GLEX HEALTHCARE,           30797.00,            9041.00,           21756.00,               0.00,               0.00
GLOBAL DISTRIBUTORS-LATUR-(AKUMS)-XX,          165496.00,               0.00,               0.00,               0.00,               0.00
GLOBAL HEALTHCARE - WADKI,          214700.00,               0.00,               0.00,               0.00,             500.00
GLOBAL PARMACITICAL-BHIWANDI,            7223.00,               0.00,               0.00,               0.00,            7223.00
GLOBAL PHARMA-CHINCHWAD,            3308.00,               0.00,            3308.00,               0.00,               0.00
GLOBAL PHARMA - MUMBRA xx,          149800.00,             500.00,            8500.00,            2500.00,            1500.00
GLOBAL PHARMACEUTICALS-MIRA ROAD,           20133.00,               0.00,               0.00,           20133.00,               0.00
GLOBAL PHARMA - AKLUJ,           36586.00,               0.00,               0.00,               0.00,           12370.00
GLOBAL WELLNESS - BHUSAWAL,           42337.00,               0.00,           13910.00,           28427.00,               0.00
GM MEDICARE LLP - NASHIK (HEALPILLAR) XX,           23638.26,               0.00,               0.00,               0.00,               0.00
GM SANJIVANI LLP-KALBADEVI,           41017.00,               0.00,               0.00,           41017.00,               0.00
GOLD SHIELD - VILLE PARLE,           19530.00,               0.00,           19530.00,               0.00,               0.00
GOLDEN LIFE PHARMA-KALYAN,           57858.00,            6231.00,           18102.00,           33525.00,               0.00
GOOD WELL GENERIC -  NALASOPARA,             225.00,               0.00,             225.00,               0.00,               0.00
GOODWILL DISTRIBUTORS - JALGAON,          102942.00,           14447.00,           20616.00,           29287.00,           38592.00
GOPEE SURGICAL - CHINCHWAD,           14832.02,               0.00,               0.00,             637.02,               0.00
GOPIRATAN AGENCIES-WARDHA,           49562.00,          -11644.00,               0.00,           27690.00,               0.00
GOPLANI MEDICAL - CHALISGAON,          102631.00,               0.00,            9356.00,           40235.00,           13830.00
GORELAX PHARMACEUTICAL - RATNAGIRI,           44966.00,               0.00,               0.00,               0.00,               0.00
GOTE DISTRIBUTORS-WASHIM,          104787.00,           54387.00,           50400.00,               0.00,               0.00
GOTE DISTRIBUTORS-WASHIM-(AKUMS),           36916.00,               0.00,               0.00,               0.00,               0.00
GOURI AGENCIES - AMRAVATI,           20927.00,               0.00,           10422.00,            7094.00,               0.00
GOURI PHARMACEUTICALS-NANDED,           31187.00,               0.00,               0.00,               0.00,               0.00
GOVERDHAN MEDICAL AGENCY-VADODARA,           51243.00,               0.00,               0.00,           32779.00,           17325.00
GOVIND MEDICAL -CHIKHLI-XX,           10386.00,               0.00,            9379.00,               0.00,               0.00
GOYAL - YERAVDA,           40235.00,           24945.00,               0.00,               0.00,           15290.00
GR ENTERPRISES - GHATKOPAR,           39685.00,               0.00,               0.00,           30235.00,               0.00
GRD LIFE-SCIENCES PUNE -XX,           11895.00,               0.00,               0.00,               0.00,               0.00
GREEN JANATA MEDICINE-MALEGAON,          102478.00,            8988.00,           30355.00,           18886.00,           44249.00
GREEN SQUARE - NASHIK,           18128.00,               0.00,           18128.00,               0.00,               0.00
GST PHARMA AND VACCINE - TIRUPPUR,           15307.00,               0.00,               0.00,               0.00,               0.00
GURU DRUG HOUSE - NANDED,           28350.00,               0.00,               0.00,           28350.00,               0.00
GURU ENTERPRISES - ULHASNAGAR,           49174.00,           35044.00,               0.00,           14130.00,               0.00
GURU GAJANAN MEDICAL&GENNAL-RISOD(WASHIM),           19536.00,           19536.00,               0.00,               0.00,               0.00
GURU GANESH PHARMA-MALKAPUR,           50190.00,               0.00,               0.00,               0.00,               0.00
GURU LIFE CARE - VASAI{W}-close firm,           20471.00,               0.00,               0.00,               0.00,               0.00
GURU SURGICAL - LATUR,           18575.00,               0.00,               0.00,            8930.00,               0.00
GURUDEV SURGICAL-NANDED-XX,          316754.37,               0.00,               0.00,               0.00,               0.00
GURUKRUPA ENT - GHATKOPAR,           86030.00,               0.00,               0.00,           17335.00,           16563.00
GURUKRUPA SURJI PHARMA-NASIK,           14116.00,               0.00,            9811.00,            4305.00,               0.00
GURUKRUPA AGENCY - JALNA-XX,          264463.88,               0.00,               0.00,               0.00,               0.00
GURUMAULI AGENCIES - HINGOLI,           64904.00,           26309.00,               0.00,           31712.00,            6883.00
GURUNANAK AGENCIES-NAGPUR-XX,           15859.00,               0.00,               0.00,               0.00,               0.00
GURUPRASAD MED AGE-BASMAT,           19992.00,               0.00,           19992.00,               0.00,               0.00
H S ENT - BHIWANDI (NAVIPADA),          223057.00,               0.00,           61229.00,           98873.00,           62955.00
H S ENT - BHIWANDI (NAVIPADA)-GST CLOSE,          166410.00,               0.00,               0.00,               0.00,            7612.00
H.K.PHARMA-BHIWANDI,           43596.00,               0.00,               0.00,           43596.00,               0.00
H.R.MEDICINE AND SURGICAL-NAGPUR,            9788.00,               0.00,            9788.00,               0.00,               0.00
HADAPSAR SURGICAL - HADAPSAR,           35793.00,               0.00,               0.00,               0.00,               0.00
HAFIZ PHARMACEUTICALS - MALEGAON,          254746.00,           43355.00,           73473.00,           70380.00,           67538.00
HAFIZ SURGICAL - BHIWANDI,           19761.00,           19761.00,               0.00,               0.00,               0.00
HANF ENTERPRISES - (DIAPERS)-BHIWANDI XX,           56227.00,               0.00,               0.00,               0.00,               0.00
HARE KRISHNA - MULUND,          130126.00,           17798.00,           24074.00,           50293.00,           37961.00
HARESH PHARMA - AMBERNATH-XX,           94508.00,               0.00,               0.00,               0.00,               0.00
HARI OM - KHARGHAR,          179259.00,           14527.00,           99860.00,           64872.00,               0.00
HARI OM MEDICOSE - AMGAON -XX,            7501.00,               0.00,               0.00,               0.00,               0.00
HARI OM PHARMA - CHINCHWAD,           96179.00,            3150.00,           70936.00,           22093.00,               0.00
HARI OM SURGICALS - ELPHINSTONE ROAD,            3938.00,               0.00,            3938.00,               0.00,               0.00
HARI RAM - ULHASNAGAR,           80060.00,           19163.00,           60897.00,               0.00,               0.00
HARIHAR MEDICAL - BHANDARA,           18011.00,           18011.00,               0.00,               0.00,               0.00
HARIKA DISTR - ULHASNAGAR,           67567.00,               0.00,           15327.00,           40438.00,           11802.00
HARIOM MEDICAL - BHIWANDI (CASH),           73171.00,           13328.00,           55434.00,            4409.00,               0.00
HARKUT PHARMA - AMRAVATI,           19367.00,               0.00,               0.00,               0.00,               0.00
HARKUT SURGICALS - AMRAVATI,           32624.00,            6012.00,            8085.00,            5297.00,           13230.00
HARRISON DRUGS - BRAMAHAPURI XX,           39372.18,               0.00,               0.00,               0.00,               0.00
HARSH PHARMA - BEED,              -1.00,               0.00,              -1.00,               0.00,               0.00
HARSH PHARMA - HATKANANGALE,          147779.00,           44721.00,           55309.00,           11624.00,           36125.00
HARSHA MEDICO - WANI,           -1283.00,           -1283.00,               0.00,               0.00,               0.00
HAVISH PHARMA - DOMBIVALI,          618533.00,           34227.00,          220727.00,          218559.00,          145020.00
HEALIQ PHARMA-MUM 2,           21186.00,               0.00,           16471.00,            4715.00,               0.00
HEALPILLAR LIFE SCIENCE - NASIK -XX,          187236.61,               0.00,               0.00,               0.00,               0.00
HEALSURE SURGICALS - BHAYANDER(W),            5670.00,               0.00,            5670.00,               0.00,               0.00
HEALTH CARE PHARMA -NANDGAON -XX,          153878.38,               0.00,               0.00,               0.00,               0.00
HEALTH CARE PHARMA - SURAT,            1083.00,               0.00,               0.00,               0.00,               0.00
HEALTH CARE PHARMA-SURAT      .,            9975.00,            9975.00,               0.00,               0.00,               0.00
HEALTH PHARMA - SANGVI,          289330.00,           32165.00,           88587.00,           66694.00,          101884.00
HEALTH RY - WADALA,            7862.00,               0.00,               0.00,               0.00,               0.00
HEALTHCARE - ARDHAPUR,           27046.00,               0.00,           14275.00,           12771.00,               0.00
HEALTHCARE PHARMA - BASMATH,          124273.00,           61192.00,           18045.00,           37036.00,            8000.00
HEALTHNOVO PHARMACEUTICAL - KALHER,          434542.00,           56823.00,          184207.00,          157820.00,          -72033.00
HEALTON PHCARE - JOGESHWARI,           49103.00,           37800.00,               0.00,           11303.00,               0.00
HEMASHREE DIST - ALIBAUG,           16217.00,               0.00,            9765.00,            6452.00,               0.00
HERAMB PHARMA DISTRIBUTORS - SATARA,           48634.00,               0.00,               0.00,           48634.00,               0.00
HETAL PHARMA - NASIK,           84062.56,               0.00,               0.00,               0.00,               0.00
HETVI SURGICAL - MULUND,          301317.00,           38933.00,           44545.00,           88304.00,          129535.00
HI-TECH PHARMA - LATUR,          971781.00,               0.00,           40017.00,          577817.00,          253947.00
HIMANSHU ENTERPRISES - BHIWANDI,             924.00,               0.00,               0.00,               0.00,               0.00
HIND PHARMA - NANDED,           18448.00,               0.00,               0.00,               0.00,           18448.00
HINDUJA FOUNDATION- BANDRA EAST,            -158.00,               0.00,               0.00,               0.00,            -158.00
HINDUSTAN PHARMA-NANDED,           13499.90,               0.00,               0.00,               0.00,               0.00
HIRA DISTRIBUTOR - NANDURBAR-XX,          124718.51,               0.00,            1500.00,            1500.00,            1000.00
HIRA MEDITRADE - KALYAN,          222147.00,          106215.00,           63540.00,           34200.00,           18192.00
HIRA MONGI NAVNEET - MULUND,           27155.00,           21210.00,               0.00,            5945.00,               0.00
HITANSHI PHARMACEUTICALS - NAGPUR,           18295.00,           18295.00,               0.00,               0.00,               0.00
HONEST DIST - GOVANDI,           27123.00,            5565.00,           21558.00,               0.00,               0.00
HOSPICARE PHARMA - BHOSARI,          155816.00,           82021.00,               0.00,           73795.00,               0.00
HOSPICARE VENTURES - NANDED,           16587.00,               0.00,            7137.00,            9450.00,               0.00
HOSPITAL CHEMISTS-GAMDEVI-XX,            7896.00,               0.00,               0.00,               0.00,               0.00
HRIM MEDICARE -SAMBHAJINAGAR,           89366.00,               0.00,               0.00,               0.00,           89366.00
HUMANKIND PHARMA - KURLA,           73121.00,               0.00,               0.00,           24615.00,           48506.00
HVA INTERNATIONAL - VILLE PARLE,           86625.00,           -5250.00,           91875.00,               0.00,               0.00
HYGEINE HOUSE - MUMBRA (DIAPER),            6464.00,               0.00,               0.00,               0.00,            6464.00
HYGINE ZONE-GHATKOPAR (DIAPERS),            9387.00,               0.00,            9387.00,               0.00,               0.00
I-ON CARE PHARMA - NAGPUR  -XX,            8288.00,               0.00,               0.00,               0.00,               0.00
I.S. PHARMA - BHIWANDI,           81286.00,           14810.00,           21778.00,           33846.00,           10852.00
ICON HEALTH CARE - MULUND,           77578.00,               0.00,               0.00,           41181.00,           23594.00
ICON PHARMACEUTICALS - LATUR,           15742.00,               0.00,            2162.00,           13580.00,               0.00
ICON PHARMACY - DOMBIVALI,           12810.00,               0.00,           12810.00,               0.00,               0.00
IMPRESS PHARMACUTICAL-YAVATMAL-XX,          288811.00,               0.00,               0.00,               0.00,               0.00
INDENLIFE PHARMA - NARHE(PUNE) XX,          459727.00,               0.00,               0.00,               0.00,               0.00
INDIA LIFECARE SPECIALITIES - SATARA,            2003.00,               0.00,            2003.00,               0.00,               0.00
INDIAN DISTRIBUTORS - MALEGAON,           54787.00,               0.00,           54787.00,               0.00,               0.00
INDIAN MEDICO - CHANDRAPUR,            5187.00,            5187.00,               0.00,               0.00,               0.00
INDRAYANI DIST - DOMBIVALI,          183580.00,           69256.00,          114324.00,               0.00,               0.00
INDUJA PHARMA - OSMANABAD,           21848.00,               0.00,               0.00,               0.00,               0.00
INFINITY PHARMEX - NAGPUR,          437045.00,          196051.00,          240994.00,               0.00,               0.00
INFUGEN LIFE SCIENCES PVT.LTD. - BHIWANDI,           68250.00,               0.00,               0.00,               0.00,               0.00
INFUGEN PHARMA -SALE,           15868.00,               0.00,               0.00,               0.00,               0.00
INHS ASVINI HOSPITAL - COLABA,          443902.00,          335545.00,               0.00,               0.00,            3360.00
INNANI MEDICAL & GEN.STORE- NANDED,            3843.00,               0.00,               0.00,               0.00,            3843.00
INNOVATE MARKET - CHINCHWAD,           17771.00,            6976.00,               0.00,               0.00,           10795.00
INVEX HEALTH - ANDHERI,            7723.00,               0.00,               0.00,               0.00,               0.00
IPL-CSA ISHWAR PHARMA,          115978.00,               0.00,               0.00,               0.00,               0.00
IRISH BIOTECH - MIRA ROAD-XX,           48122.00,               0.00,               0.00,               0.00,             500.00
IVERSONE REMIDIES - GHANSOLI,           11575.00,           11575.00,               0.00,               0.00,               0.00
Intellihealth Solutions PVT.LTD. - Haryana,           23712.29,               0.00,               0.00,               0.00,               0.00
J K PHARMACEUTICALS - BHANDARA,           39748.00,               0.00,           39748.00,               0.00,               0.00
J.B. HOSPICARE - AIROLI,            8400.00,            8400.00,               0.00,               0.00,               0.00
J.P.PHARMA - VADUJ,           36492.00,               0.00,           14566.00,            9932.00,               0.00
J.P.TRADERS-KOLHAPUR (NEW),           39777.00,               0.00,           24147.00,           15630.00,               0.00
JADHAO MEDICAL STORES - AMRAVATI XX,          111399.00,               0.00,               0.00,               0.00,               0.00
JAGDAMBE PHARMA LLP - DAWA BAZAR,          186124.00,           53745.00,           59475.00,           72904.00,               0.00
JAGTAP(J.D.) PHARMA-CHINCHWAD-XX,            6496.00,               0.00,               0.00,               0.00,               0.00
JAI AMBE PHARMA - KARNATAKA,           23625.00,               0.00,           23625.00,               0.00,               0.00
JAI AMBE PHARMA - NAGPUR,           15784.00,               0.00,           15784.00,               0.00,               0.00
JAI HIND MEDICAL - LATUR-LN,          170692.00,               0.00,               0.00,               0.00,               0.00
JAI HIND-LASALGAON,            2450.00,               0.00,               0.00,            2450.00,               0.00
JAI JHOOLEY PHARMA-NAGPUR-LN,           74017.00,               0.00,               0.00,               0.00,               0.00
JAI LAXMI PHARMA - HINGOLI,           98066.00,               0.00,           52265.00,               0.00,           45801.00
JAI MEDICOS (ASS)- NAGPUR,            8521.00,               0.00,            8521.00,               0.00,               0.00
JAI SHANKAR - KHAMGAON,           25064.00,               0.00,           10027.00,               0.00,           15037.00
JAI SHIV PHARMA-KHMAGAON-ELDER,            3402.00,               0.00,               0.00,               0.00,               0.00
JAI SHREE SANGH DIST - WADALA-XX,           20088.00,               0.00,               0.00,               0.00,               0.00
JAILAXMI MEDICAL (VISHAL) - NANDED,           57672.00,           57672.00,               0.00,               0.00,               0.00
JAILAXMI PHARMA (DATTU)-NANDED,          206804.00,               0.00,           11049.00,               0.00,               0.00
JAIN DISTRIBUITORS-PAITHAN-(AKUMS),            3494.00,               0.00,               0.00,               0.00,               0.00
JAIN DISTRIBUITORS-PAITHAN,          212653.00,               0.00,               0.00,               0.00,           22844.00
JAIN MED - MALAD,           18357.00,               0.00,            3560.00,            8535.00,            6262.00
JAIN MEDICAL - MAJALGAON,          162851.00,               0.00,             500.00,           17628.00,           34044.00
JAIN MEDISURGE - DAHISAR,          214272.00,          157497.00,           52716.00,               0.00,               0.00
JAIN PHARMA - DADAR,           10603.00,           10395.00,             208.00,               0.00,               0.00
JAINAM PHARMA - (SALE),          131859.00,               0.00,          127764.00,            4095.00,               0.00
JAISHANKAR - YAVATMAL-XX,           71779.00,               0.00,               0.00,               0.00,               0.00
JAISWAL MEDICAL AGENCIES - RAMTEK,           21184.00,               0.00,            9760.00,           11424.00,               0.00
JAJU AGENCIES -(JAHANGIR) WASHIM-XX,           35872.48,               0.00,               0.00,               0.00,               0.00
JALARAM MEDICO AGENCIES-GONDPIPARI,           17842.00,               0.00,               0.00,               0.00,               0.00
JALARAM MEDISURG - AKOLA,           17714.00,               0.00,               0.00,               0.00,           17714.00
JALGAON PHARMA LLP - JALGAON,          122857.00,           13701.00,           54586.00,           21051.00,           33519.00
JAN SEVA GENRIC - VASAI,           17261.00,           17261.00,               0.00,               0.00,               0.00
JANHAVI MEDICAL - NAGPUR,           21578.00,               0.00,               0.00,               0.00,               0.00
JANKALYAN MEDICO - PIMPRI,          414877.00,               0.00,          258999.00,          155878.00,               0.00
JANKI MEDICAL-KALAMBOLI,           11449.00,               0.00,            4179.00,            7270.00,               0.00
JANKI PHARMA - AIROLI,          143958.00,           27217.00,           56940.00,           12563.00,           47238.00
JANSEVA MEDICO - DOMBIVALI,           64653.00,            5745.00,           21710.00,           23525.00,           13673.00
JANTA MEDICAL -NANDURBAR,          127211.00,            7665.00,           60569.00,           58977.00,               0.00
JAY AMBEY (KETAN)- NALASOPARA,           49498.00,           21946.00,           27552.00,               0.00,               0.00
JAY BHOLE PHARMA - AMRAVATI,            5198.00,               0.00,               0.00,               0.00,               0.00
JAY GANESH HEALTH CARE-JALGAON-LN,           83359.00,               0.00,               0.00,               0.00,               0.00
JAY GANESH AGECY-WASHIM,           67186.00,               0.00,           28173.00,           16349.00,            8507.00
JAY JALARAM MEDICAL-BHIWANDI-XX,           39190.00,               0.00,               0.00,               0.00,               0.00
JAY MEDICAL AGENCY - BULDANA,             553.00,               0.00,               0.00,             553.00,               0.00
JAY PHARMA-PANVEL,           98832.00,               0.00,           42756.00,           34863.00,           21213.00
JAY SHAH (SUDAN),          847983.00,               0.00,               0.00,               0.00,               0.00
JAY SHAH (RECD),          448052.00,               0.00,               0.00,               0.00,               0.00
JAY TAMBESHWAR MEDICAL-KAIJ,           12465.00,               0.00,           12465.00,               0.00,               0.00
JAYASHRI PHARMACEUTICALS - SOLAPUR,            3150.00,               0.00,            3150.00,               0.00,               0.00
JAYATI DRUG - DHULE,           23093.00,            8183.00,           14910.00,               0.00,               0.00
JAYESH PHARMASURE - AMRAVATI,           49973.00,           14881.00,            3678.00,           31414.00,               0.00
JAYLAXMI SURGICAL - KHAMGAON,           46356.00,            2646.00,               0.00,           28312.00,           15398.00
JAYWANT MEDICAL - PUSAD,           12728.00,               0.00,               0.00,               0.00,           12728.00
JBJ MEDICAL & AGE-SAMBHAJINAGAR-XX,          472028.16,               0.00,               0.00,               0.00,               0.00
JEET PHARMA - GHATKOPAR,           20475.00,           20475.00,               0.00,               0.00,               0.00
JEEVAN CLINIC -PUNE,           69308.00,           21524.00,           47784.00,               0.00,               0.00
JEEVANJYOTI PHARMA- BARAMATI,           19500.00,               0.00,            1500.00,               0.00,               0.00
JFD SAVIOUS - NALASOPARA,           48522.00,            7613.00,            6584.00,            9339.00,           24986.00
JHAVERI PHARMA - VILLE PARLE,           26496.00,           13522.00,           12974.00,               0.00,               0.00
JINCARE PHARMA-WASHIM,           46999.00,            3529.00,               0.00,               0.00,           43470.00
JMD MEDICARE LLP - GRANT ROAD,          197920.00,               0.00,           22911.00,          162134.00,               0.00
JOGESHWARI MEDICAL & AGENCY - BHADGAON,           67700.00,               0.00,           16695.00,               0.00,           41265.00
JOGESHWARI PHARMA - CHALISGAON XX,          211008.00,               0.00,               0.00,               0.00,               0.00
JOVIAL PHARMACEUTICALS - NAGPUR,           13180.00,            5306.00,            1449.00,            6425.00,               0.00
JUPITER ENT-BHIWANDI,          147599.00,           73963.00,           35490.00,           23791.00,            7459.00
JUPITER HOSPITAL PHARMACY PVT LTD - THANE,            3024.00,            3024.00,               0.00,               0.00,               0.00
JUPITER LIFELINE - THANE,          145254.00,           53078.00,           92176.00,               0.00,               0.00
JUPITER PHARMA-AHILYANAGAR -CONCEPT,            9653.00,               0.00,               0.00,               0.00,               0.00
JYOTIDIP TRADERS - NAGPUR,            3063.00,               0.00,               0.00,            3063.00,               0.00
JYOTIRLING - NIRA,           37275.00,               0.00,               0.00,            6031.00,           31244.00
K J PHARMA - HADAPSAR,           64183.00,           22272.00,           19283.00,           22628.00,               0.00
K K AGENCY - AMBERNATH-LN,          275584.00,               0.00,               0.00,               0.00,               0.00
K K HEALTHCARE - NALASOPARA,           28905.00,           15179.00,           13726.00,               0.00,               0.00
K K SURGICAL & DISTRIBUTORS - JALNA-XX,           58875.21,               0.00,               0.00,               0.00,               0.00
K.D.PHARMA - NAGPADA,          105212.00,           22383.00,            4459.00,           50108.00,           28262.00
K.K HEALTHCARE - NALASOPARA,           46471.00,               0.00,               0.00,               0.00,           46471.00
K.K HEALTHCARE - ULHASNAGAR (CLOSE ),           74760.00,               0.00,               0.00,               0.00,               0.00
K.K.MEDICAL - THANE,            3491.00,               0.00,               0.00,            3491.00,               0.00
K.K.PHAMRA-NASIK-LN,          324897.00,               0.00,               0.00,               0.00,               0.00
K.K.PHARMA-BULDANA,           28375.00,           18295.00,               0.00,               0.00,           10080.00
K.K.PHARMA - BHOSARI,          340658.01,               0.00,           30771.51,               0.00,               0.00
K.K.PHARMA - WAGHOLI,           56018.00,               0.00,               0.00,               0.00,           16626.00
K.NAGDEV - SOLAPUR,           40788.00,               0.00,            9350.00,            9450.00,           17789.00
K.S.PHARMA - VIRAR (SANDIP),          949118.00,          111759.00,          163097.00,          402406.00,          271856.00
K.T.ENTERPRISES-NAGPUR-XX,          149653.00,               0.00,               0.00,               0.00,             500.00
K3 PHAMA-KALYAN,           30742.00,               0.00,               0.00,               0.00,               0.00
KABRA MEDICAL - JALGAON,           17705.00,            9240.00,            8465.00,               0.00,               0.00
KAILAS MEDICAL AGENCIES - NANDED,           11924.00,               0.00,           11924.00,               0.00,               0.00
KAILASH PHARMA-DHARAVI -CASH,           19848.37,               0.00,            1263.37,               0.00,               0.00
KAILASHPATI NX MEDICAL-ULHASNAGAR xx,          169496.00,               0.00,               0.00,               0.00,               0.00
KALAJI MEDICOS - GEORAI,            6441.00,               0.00,               0.00,               0.00,               0.00
KALASH AGENCY-THANE,          193756.00,           26056.00,          102868.00,           64832.00,               0.00
KALAWATI DISTR - KHED,           35818.00,           13522.00,            6798.00,           15498.00,               0.00
KALBANDE SURGICAL - AMRAVATI,           20689.00,               0.00,           20689.00,               0.00,               0.00
KALE PHARMA - PUNE,            7895.00,               0.00,               0.00,               0.00,               0.00
KALIKA AGENCIES - NASIK,           73744.00,               0.00,           52375.00,           21369.00,               0.00
KALIKA PHARMA AND SURGICALS-PATHARDI,          113419.00,           16550.00,           70545.00,           37061.00,          -10737.00
KALINGA PHARMACEUTICALS- BHANDARA,           21315.00,               0.00,               0.00,           21315.00,               0.00
KALPATARU AGENCY - AHILYANAGAR-XX,           32256.00,               0.00,               0.00,             500.00,            1000.00
KALPESH AGENCY - DHULE,           11669.00,               0.00,               0.00,           11669.00,               0.00
KALPESH SURGICO - AMRAVATI,           19049.00,               0.00,           10242.00,            2436.00,            6371.00
KALYANI DISTRIBUTOR-AMRAVATI,           83261.00,               0.00,           39421.00,           35161.00,            8679.00
KAMAL (SUNDER) - ULHASNAGAR,          336970.00,           74951.00,           53189.00,          118081.00,           90749.00
KAMAL DIST - SAMBHAJINAGAR XX,           78224.00,               0.00,               0.00,               0.00,               0.00
KAMAL PHARMA & SURGICALS,           33952.00,               0.00,           33952.00,               0.00,               0.00
KAMANI SOAP CENTRE - WADALA (DIAPER),           36768.00,               0.00,               0.00,               0.00,               0.00
KAPALESHWAR PHARMA - PANCHAWATI,          356655.00,           27689.00,          160760.00,           28460.00,            5149.00
KAPALESHWAR - PANCHVATI (OLD),          535795.12,               0.00,           26139.07,               0.00,               0.00
KARWA DISTRIBUTORS - PUNE,           70552.04,               0.00,               0.00,               0.00,               0.00
KARWA PHARMA - SAMBHAJINAGAR,          112046.00,           37117.00,           17427.00,           57502.00,               0.00
KASSH PHARMA - KALBADEVI,          280190.00,          139026.00,           39851.00,           51495.00,           49818.00
KATARIYA AGENCIES - SOLAPUR,           17714.00,               0.00,               0.00,               0.00,           17714.00
KAVERI DIST - BORIVALI,           59004.00,           33899.00,           19960.00,               0.00,            5145.00
KAY PHARMA - GOREGAON EAST,           27852.00,               0.00,               0.00,               0.00,           27852.00
KAY PHARMACARE - GOREGAON,           18816.00,               0.00,           18816.00,               0.00,               0.00
KAY PHARMA - NAGPUR,           26677.00,               0.00,               0.00,               0.00,           26677.00
KAYMS PHARMA - VASAI,          211177.00,               0.00,               0.00,           22937.00,           40427.00
KEDAR AGENCY-AHMEDPUR-CONCEPT,            3192.00,               0.00,               0.00,               0.00,               0.00
KEDAR AGENCY-AHMEDPUR XX,           39064.00,               0.00,            2500.00,            7387.00,               0.00
KEDAR MEDICAL AGENCIES - NANDED,           36014.00,               0.00,           36014.00,               0.00,               0.00
KEDARNATH PHARMA - VITA,           97025.00,           12248.00,           38603.00,           27213.00,           18961.00
KEEWEL (SARTH) - GOREGAON,           16934.00,           16934.00,               0.00,               0.00,               0.00
KEITA PHARMA PVT.LTD.- MAHAPE,            5261.00,               0.00,            5261.00,               0.00,               0.00
KEPS (NEW) - PR STR,          212884.00,               0.00,           24129.00,           18376.00,          170379.00
KESH-KAYA HAIR SKIN - RATNAGIRI,           21796.00,           21796.00,               0.00,               0.00,               0.00
KESHRIYA AGENCY - TALEGAON,           24864.00,               0.00,           24864.00,               0.00,               0.00
KETAN PHARMA - MAHAD,           35537.00,           28669.00,            6868.00,               0.00,               0.00
KHAN BROTHERS-GOVANDI (DIAPERS),           10433.00,               0.00,           10433.00,               0.00,               0.00
KHANDELWAL - LONAVALA,             178.00,               0.00,             178.00,               0.00,               0.00
KING MEDICO-KANDIVALI-ONLY CASH -XX     .,            5358.00,               0.00,               0.00,               0.00,               0.00
KINGS MEDICAL CENTER-CHINCHWAD,          273643.00,         -210692.00,          123733.00,          117656.00,           50243.00
KIRAN AGENCY-NASIK,           30905.00,            4968.00,           11860.00,           14077.00,               0.00
KIRAN DISTRIBUTORS-URULI-LN,           85674.00,               0.00,               0.00,               0.00,               0.00
KIRAN DISTRIBUTORS -MIRAJ,            3556.00,               0.00,               0.00,               0.00,            3556.00
KIRTI DIST - PATAN-close-LN,          150000.00,               0.00,               0.00,               0.00,               0.00
KOHINOOR AGENCY - AKOLE,          127937.84,               0.00,               0.00,               0.00,               0.00
KOKILABEN DHIRUBHAI AMBANI HOSP - SOLAPUR,            7938.00,               0.00,               0.00,               0.00,               0.00
KOKILABEN HOSPITAL-ANDHERI,           53757.00,               0.00,           44912.00,            8845.00,               0.00
KOKILABEN HOSPITAL - KOPARKHAIRANE,            8008.00,               0.00,               0.00,               0.00,               0.00
KREVA HEALTHCARE - NALASOPARA,           14381.00,               0.00,            6542.00,            7839.00,               0.00
KRIRUDRAA PHARMA - BHANDUP,           95613.00,               0.00,           44720.00,               0.00,           50893.00
KRISHIN MEDICAL - VASHI-XX,            3754.00,               0.00,               0.00,               0.00,               0.00
KRISHNA GENERIC - BORIVALI,          432845.00,               0.00,           88561.00,          227666.00,           30241.00
KRISHNA MEDICO - KANDIVALI,          197968.00,           66715.00,           29698.00,           52078.00,           20160.00
KRISHNA MEDICAL AGENCY - BHIWANDI,           69947.00,               0.00,               0.00,               0.00,           46200.00
KRISHNA PHARMA - MIRA ROAD,          178798.00,           70606.00,           52922.00,           43270.00,           12000.00
KRISHNA SALES - ULHASNAGAR-XX,          170916.87,               0.00,               0.00,               0.00,               0.00
KRISHNA SURGICAL-AHILYANAGAR,           12640.00,               0.00,           12640.00,               0.00,               0.00
KRISSHNAA PHARMA - CHIKHALI,           57646.00,           14452.00,               0.00,           15091.00,           28103.00
KRUSHNAI DISTRIBUTORS - HADGAON,           59499.00,               0.00,           43176.00,            9581.00,            6742.00
KUNDAN DISTRIBUTORS - KASABA(BARAMATI),           21436.46,               0.00,               0.00,               0.00,               0.00
KUNDE MEDICAL -SINNAR-XX,           67391.87,               0.00,               0.00,               0.00,               0.00
KUNDE PHARMA- NASHIK,           43060.00,            8492.00,           17678.00,           16890.00,               0.00
KURLA DIAPER HOUSE - KURLA-XX,           19925.00,               0.00,               0.00,               0.00,               0.00
KUSUM MEDICAL - GHANSOLI-XX,          100857.00,               0.00,               0.00,               0.00,               0.00
KUSUM PHARMA - GHANSOLI,          222443.00,               0.00,          127937.00,           94506.00,               0.00
KVK ENTERPRISES - GUJARAT,           -1383.00,               0.00,           -1383.00,               0.00,               0.00
KWALITY AGENCIES -SAMBHAJI NAGAR,           45582.00,               0.00,               0.00,           45582.00,               0.00
L.G.PHARMACEUTICALS -AKOLA (5%OP)       .,               0.59,               0.00,               0.00,               0.00,               0.00
L.R.SURGICAL-NAGPUR-XX,           14354.00,               0.00,               0.00,               0.00,               0.00
LA CAPITAL LIFESCIENCES - AMRAVATI,           49495.00,               0.00,           24089.00,           25406.00,               0.00
LADHANI PHARMA - LAMINGTON RD,            5624.00,            5624.00,               0.00,               0.00,               0.00
LAKSH MEDICAL - PACHORA,           39477.00,               0.00,               0.00,            3207.00,           17446.00
LAKSH PHARMA - TALEGAON,          205004.00,           34546.00,           73751.00,           78726.00,           17981.00
LAKSHMI PHARMA - RAJAPUR,          193657.00,               0.00,           80147.00,           76030.00,           37480.00
LATA PHARMA - SOLAPUR,           88218.00,             -37.00,           14497.00,           19158.00,           47833.00
LAXMI AGENCY - SOLAPUR,           39974.00,               0.00,           11865.00,           28109.00,               0.00
LAXMI AGENCIES - AMGAON(GONDIA),           26811.00,           12281.00,           14530.00,               0.00,               0.00
LAXMI AGENCIES - WASHIM-XX,           37031.00,               0.00,               0.00,               0.00,               0.00
LAXMI AGENCY-LATUR,           21493.00,               0.00,               0.00,           18133.00,            3360.00
LAXMI DIAGNOSTIC - AIROLI-XX,            8440.00,               0.00,               0.00,               0.00,               0.00
LAXMI ENTERPRISES - NALASOPARA,            7976.00,               0.00,             500.00,               0.00,               0.00
LAXMI GENERICS - KANDIVALI,          542557.00,           89075.00,          217560.00,          161724.00,           70512.00
LAXMI MARKETING- AHILYANAGAR,           50004.00,               0.00,           25758.00,           17784.00,            4054.00
LAXMI MEDICAL - PIMPRI,          130362.00,               0.00,           35837.00,           34295.00,           60230.00
LAXMI MEDICAL STORES - CHEMBUR.,            4668.00,               0.00,               0.00,               0.00,               0.00
LAXMI PHARMA-VASAI-XX,            2352.00,               0.00,               0.00,               0.00,               0.00
LAXMI PHARMA NX - RAJGURUNAGAR,           75534.00,               0.00,           25454.00,               0.00,               0.00
LAXMI PHARMA - VASAGADE,           14425.00,               0.00,               0.00,               0.00,               0.00
LAXMI PHARMACEUTICAL - AKOLE,          108409.00,           58846.00,           14553.00,               0.00,           35010.00
LAXMIRAJ PHARMA -KOLHAPUR,           42527.00,               0.00,           17486.00,           25041.00,               0.00
LAXSHUHITA ENTERPRISES - MALAD -XX,           36806.00,               0.00,               0.00,               0.00,             500.00
LIFE CARE - CHINCHWAD,           78294.00,           33543.00,           32067.00,               0.00,               0.00
LIFE CARE PHARMA-KARAD,           29616.00,               0.00,           29616.00,               0.00,               0.00
LIFE CARE MEDICAL & GENERAL STORES-BORIVALI,           13143.00,               0.00,               0.00,               0.00,               0.00
LIFE CARE PHARMA - PANVEL,          136629.00,               0.00,               0.00,               0.00,               0.00
LIFE CARE DISTRIBUTORS - ASHTAMI(ROHA),          128967.00,               0.00,           59656.00,           20727.00,           48584.00
LIFE CARE MEDICAL-SAMBHAJINAGAR-LN,          229767.00,               0.00,               0.00,               0.00,               0.00
LIFE CARE MEDICOSE-WASHIM,           63592.00,               0.00,           47211.00,               0.00,           12471.00
LIFE CARE PHARMA - PALI-XX,          156725.94,               0.00,               0.00,               0.00,               0.00
LIFE CARE MEDICAL - MHASWAD-LN-CLOSE,           64837.00,               0.00,               0.00,               0.00,               0.00
LIFE CARE PHARMA - PANDHARPUR -XX,          339154.00,               0.00,               0.00,               0.00,               0.00
LIFE CARE PHARMA - NANDGAON-XX,          183978.00,               0.00,               0.00,               0.00,               0.00
LIFE GUARD - AHILYANAGAR,          560822.00,           15750.00,          257399.00,            2520.00,          285153.00
LIFE LINE - NASIK,           47139.00,           21125.00,           26014.00,               0.00,               0.00
LIFE LINE DRUG HOUSE - SATARA XX,           81524.00,               0.00,               0.00,               0.00,             500.00
LIFE LINE-SANGOLA-XX,           33230.00,               0.00,               0.00,               0.00,               0.00
LIFE LONG SURGICALS-MIRA ROAD,          121559.00,           49898.00,           51944.00,           19717.00,               0.00
LIFE MEDICAL-SAMBHAJINAGAR-(AKUMS),           43954.00,               0.00,               0.00,               0.00,               0.00
LIFE MEDICAL-SAMBHAJINAGAR,          699211.00,           20477.00,          216212.00,          228739.00,          202661.00
LIFE MEDICAL & STORE-SAMBHAJINAGAR-ELDER,           13579.00,               0.00,               0.00,               0.00,               0.00
LIFE MEDICAL - MALEGAON,            9942.00,               0.00,            4232.00,            5710.00,               0.00
LIFE ON ENT - GOA-XX             .,          155915.00,               0.00,               0.00,               0.00,               0.00
LIFE PHARMA -BHIWANDI,           44263.00,           32193.00,            6085.00,               0.00,            5985.00
LIFE PHARMA - NANDED-XX,            7700.00,               0.00,               0.00,               0.00,               0.00
LIFELINE ENTERPRISES - DAHANU,           91953.00,           12970.00,           27754.00,           51229.00,               0.00
LIFELINE MEDICARE - NAGPUR,           87218.00,           55553.00,               0.00,           31665.00,               0.00
LIFELINE PHARMA - MIRAJ,            8925.00,               0.00,               0.00,               0.00,               0.00
LIFELINE PHARMA- MUMBRA,           49719.00,               0.00,               0.00,           49719.00,               0.00
LITTLE ONES DIAPERS-KURLA (DIAPERS),           36676.00,               0.00,               0.00,               0.00,               0.00
LIVEALTH BIOPHARMA PVT LTD - NAVI MUMBAI,           29138.00,               0.00,               0.00,           29138.00,               0.00
LODHA DIST. - BARAMATI,           79564.00,           39754.00,           36282.00,            3528.00,               0.00
LOK AUSHADHI STORE-BORIVALI,          121483.00,           18645.00,           54908.00,           47930.00,               0.00
LOKHIT GENERIC MEDICAL - NAGPUR,           32568.00,               0.00,               0.00,               0.00,            7816.00
LOKMANWAR PHARMA - NANDED,           81943.00,            4653.00,           40382.00,           36908.00,               0.00
LOKMANYA HOSPITAL - CHINCHWAD,          369474.00,          170463.00,          101057.00,           97954.00,               0.00
LOTUS LIFESCIENCE - UMRED,           92127.00,           40511.00,           51616.00,               0.00,               0.00
LOTUS PHARMA-AKURLI(PANVEL),           25865.00,               0.00,           15087.00,           10778.00,               0.00
LUCKY - JALGAON,           39197.00,               0.00,           11610.00,           22717.00,               0.00
LYPHOCHEM PHARMA - BHIWANDI,         -335580.00,            4620.00,         -340200.00,               0.00,               0.00
M & M M HEALTH CARE - JOGESHWARI,          113166.00,           38236.00,           26532.00,           48398.00,               0.00
M D PHARMA - NALASOPARA -XX,          174956.60,               0.00,               0.00,               0.00,               0.00
M L AND SONS-GANDHIBAGH NAGPUR,            9581.00,               0.00,               0.00,            9581.00,               0.00
M M DIAPERS - BANDRA (DIAPER),           48750.00,               0.00,               0.00,               0.00,               0.00
M M PHARMA - PANVEL xx,           15685.00,           15685.00,               0.00,               0.00,               0.00
M S PHARMA - THANE        .,            4848.00,               0.00,            4848.00,               0.00,               0.00
M.D PHARMA SURGICAL - NALASOPARA,           27120.76,               0.00,               0.00,               0.00,               0.00
M.J.SURGICALS - PUNE    .,            6930.00,            6930.00,               0.00,               0.00,               0.00
M.K MEDICAL STORES - PUSAD,           15939.00,               0.00,           15939.00,               0.00,               0.00
M.K.DRUG - THANE,           24068.00,            8733.00,            4413.00,           10922.00,               0.00
M.K.MEDICO - MUMBRA,           31744.00,           18005.00,               0.00,           13739.00,               0.00
M.M PHRAMA - CHEMBUR (JITU),           32372.00,               0.00,           32372.00,               0.00,               0.00
M.N.ENTERPRISE-GHATKOPAR,           10584.00,               0.00,               0.00,           10584.00,               0.00
M.S DISTRIBUTORS - BHIGWAN(INDAPUR)-XX,          155480.00,               0.00,               0.00,               0.00,               0.00
M.S.PHARMA (EXPORT) - DAWA BAZAR,          417468.00,               0.00,               0.00,               0.00,               0.00
M.TRACK PHARMA - BHANDUP,           34450.00,               0.00,           34450.00,               0.00,               0.00
MAA BHAWANI AGENCY-BHANDARA,           96138.00,           25578.00,           45360.00,               0.00,           25200.00
MAA CHAMUNDA-MIRA ROAD (DIAPER),            3500.00,               0.00,            1000.00,               0.00,               0.00
MAA KAMAKHYA - ATPADI,           75140.00,               0.00,            5481.00,           23161.00,           42298.00
MAA SHARDA AGENCIES - MURTIZAPUR,          133167.00,               0.00,           31458.00,           34230.00,           49512.00
MAANAND HEALTHCARE- BHIWANDI,            4136.00,               0.00,               0.00,            4136.00,               0.00
MAARK LLP - KANDIVALI,            6195.00,               0.00,               0.00,            6195.00,               0.00
MADAMWAR MEDICO - PUSAD,           22707.56,               0.00,               0.00,               0.00,               0.00
MADANLAL & SONS - ULHASNAGAR,           29649.00,            -390.00,               0.00,               0.00,               0.00
MADHAV AGENCIES-GONDIA,           21048.00,               0.00,               0.00,               0.00,               0.00
MADHAV ENTERPRISES - DOMBIVALI-XX,           30000.00,               0.00,               0.00,               0.00,               0.00
MAGNUS PHARMA - KOPARKHAIRANE,          216254.00,           64497.00,           89438.00,           -2310.00,           64629.00
MAHADEV (PUNJABI) - NASIK,           42832.00,               0.00,           20113.00,               0.00,            8006.00
MAHADEV DIST. - KALYAN (JITENDRA),            6930.00,            6930.00,               0.00,               0.00,               0.00
MAHADEV HEALTHCARE - MULUND,            7002.00,            7002.00,               0.00,               0.00,               0.00
MAHADEV PHARMA-DIWA (NUBENO ONLY),           43958.00,            6221.00,           37737.00,               0.00,               0.00
MAHADEV PHARMA - BASTI,          286689.00,               0.00,               0.00,               0.00,               0.00
MAHADEV PHARMA - KOLHAPUR-XX,          172660.00,               0.00,               0.00,               0.00,               0.00
MAHALAXMI MEDICAL - VASAI,           35886.00,           13766.00,            6317.00,           15803.00,               0.00
MAHALAXMI MEDICAL-ULHASNAGAR-LN,           83588.00,               0.00,               0.00,               0.00,               0.00
MAHALAXMI ENTERPRISES - BOPODI,            7921.00,               0.00,               0.00,               0.00,            7921.00
MAHALAXMI DISTRIBUTORS-KAMOTHE,           26985.00,           17640.00,               0.00,               0.00,            9345.00
MAHALAXMI AGENCY-NALASOPARA-LN,          162311.00,               0.00,               0.00,               0.00,               0.00
MAHALAXMI PHARMACEUTICALS- HINGANGHAT-XX,            6556.74,               0.00,               0.00,               0.00,               0.00
MAHALAXMI MEDICAL AGENCY - ULHASNAGAR,          169479.00,            8820.00,           53645.00,          107014.00,               0.00
MAHALAXMI MEDICOS - NASHIK (ADVANCE CHQ)XX,           37037.00,               0.00,               0.00,            1000.00,            1000.00
MAHALAXMI-NIPANI-XX-LN,          252980.40,               0.00,               0.00,               0.00,               0.00
MAHANKALI PHARMA LLP - SANGLI XX,            6104.00,               0.00,            4604.00,             500.00,             500.00
MAHARASHTRA PHARMA-NANDIVALI(KALYAN)-CONCEPT,            2910.00,               0.00,               0.00,               0.00,               0.00
MAHARASHTRA MEDICAL - MALEGAON,            9985.00,               0.00,            9985.00,               0.00,               0.00
MAHARASTRA MEDICOS-SHEGAON,            9476.00,               0.00,            9476.00,               0.00,               0.00
MAHARSHI PHARMA - CHANDRAPUR,           16558.00,           16558.00,               0.00,               0.00,               0.00
MAHAVEER AGENCIES-KHED,           14518.00,           13168.00,               0.00,               0.00,            1350.00
MAHAVEER DRUG - HADAPSAR,           47299.00,           31247.00,               0.00,               0.00,           16052.00
MAHAVEER MEDICAL AGENCY - NANDED,           27720.00,               0.00,           27720.00,               0.00,               0.00
MAHAVEER MEDICARE - SANGANMER,           61800.00,            8652.00,           31854.00,           21294.00,               0.00
MAHAVEER SURGICAL-BARAMATI    .,           18890.00,           10216.00,            8674.00,               0.00,               0.00
MAHAVIR AGENCIES - KOLIWADA,           45404.00,           14603.00,               0.00,           15681.00,           15120.00
MAHAVIR AGENCIES - JAMNER,           10710.00,               0.00,           10710.00,               0.00,               0.00
MAHAVIR LIFE SCIENCE - UMBERGAON,            9395.00,               0.00,            9395.00,               0.00,               0.00
MAHAVIR MEDISURGE-AMRAVATI,          113425.00,               0.00,           44226.00,           25711.00,           43488.00
MAHAVIR MEDICAL STORES - SANGLI,           38773.00,           18491.00,               0.00,           20282.00,               0.00
MAHAVIR MEDICAL-KAMSHET       .,           27046.00,               0.00,            5915.00,            5798.00,           15333.00
MAHAVIR MEDICAL SUPPLY- MUM 4,            6038.00,               0.00,            3675.00,               0.00,            2363.00
MAHAVIR MEDICARE - AKOLE,          100358.00,           13106.00,           58189.00,           29063.00,               0.00
MAHAVIR PHARMA-KALYAN,          294810.00,           76604.00,           27640.00,           72952.00,          117614.00
MAHEK LIFECARE-MIRA ROAD-LN,          121921.00,               0.00,               0.00,               0.00,               0.00
MAHENDRA DIST. - PUNE,           97693.00,               0.00,           68033.00,           11025.00,               0.00
MAHESH - PAITHAN (5%NSP),            1383.00,               0.00,               0.00,               0.00,               0.00
MAHESH HOSP - NASIK,           35795.00,           17192.00,           18603.00,               0.00,               0.00
MAHESH KHOKHANI (APURVA),           11079.00,               0.00,               0.00,               0.00,               0.00
MAHESH PHARMA-HAVELI-XX,           83608.00,               0.00,               0.00,               0.00,               0.00
MAHESH PHARMA-SILLOD,           78964.23,               0.00,               0.00,           29622.00,               0.00
MAHESH SURGICAL - NANDED-LN,          116317.00,               0.00,               0.00,               0.00,               0.00
MALEGAON GENERIC - MALEGAON,          124755.00,           15278.00,          109477.00,               0.00,               0.00
MALHAR PHARMA - KAMOTHE-XX,            4431.00,               0.00,               0.00,               0.00,               0.00
MALHAR PHARMAZONE - THANE,          108046.00,           25517.00,           28848.00,           41414.00,           12267.00
MALHAR SURGICALS- SANGVI,           15334.00,               0.00,               0.00,               0.00,           15334.00
MALI MEDICAL - PALUS,           24150.00,               0.00,           24150.00,               0.00,               0.00
MALTI PHARMA - KURLA (OLD) XX,           12500.00,               0.00,               0.00,               0.00,               0.00
MALTI PHARMA - KURLA (NEW)-XX,          179789.57,               0.00,               0.00,               0.00,               0.00
MANAS ENTERPRISES - MANCHAR,           25354.00,               0.00,               0.00,            1500.00,             500.00
MANAS PHARMA - NASIK(ADGAON)-XX,           52383.00,               0.00,               0.00,               0.00,               0.00
MANDAI MEDICAL AGENCY - LONAR,           31396.00,               0.00,           20623.00,               0.00,           10773.00
MANDAR ENT - BELAPUR,           59875.00,               0.00,           13819.00,           27807.00,           18249.00
MANDAR HEALTHCARE-HINGANGHAT,           52790.00,               0.00,           40401.00,           12389.00,               0.00
MANDHANA PHARMA -  NAGPUR,           43470.00,               0.00,               0.00,           43470.00,               0.00
MANGAL (GST),         -699921.00,               0.00,          -99921.00,               0.00,         -600000.00
MANGAL MEDICAL - UDGIR,           13575.00,               0.00,               0.00,               0.00,             500.00
MANGAL SURGICALS - GOREGAON,         -219224.00,         -500000.00,               0.00,               0.00,           47959.00
MANGALAM PHARMA - KALBADEVI -XX CLOSE,           11782.00,               0.00,               0.00,               0.00,               0.00
MANGALMURTI - BEED,           51341.00,               0.00,               0.00,            3876.00,            4532.00
MANGESH MEDICALS-NANDED,           40091.00,           23936.00,           16155.00,               0.00,               0.00
MANGLAM PHARMA - SHAHAPUR,           93481.00,           93481.00,               0.00,               0.00,               0.00
MANIHAR ENTERPRISES-MUM-2,               0.00,               0.00,               0.00,               0.00,               0.00
MANIKRATNA PHARMA - PARBHANI,           31220.00,            7538.00,               0.00,               0.00,           23682.00
MANISH ENT - MULUND,            5500.00,               0.00,            1000.00,             500.00,            3000.00
MANJUL SALES - BENGALARU,           32015.00,               0.00,           29101.00,             350.00,             800.00
MANJULA PHARMA-AKLUJ-XX,          307002.00,               0.00,               0.00,               0.00,               0.00
MANKAL MEDICO - BELAPUR,          124312.00,           23307.00,           60535.00,           29382.00,           11088.00
MANOJ DIST - BHAYANDER,           17325.00,           10395.00,            6930.00,               0.00,               0.00
MANOJ MEDICOS-AHILYANAGAR,           38812.00,               0.00,           38812.00,               0.00,               0.00
MANOJ PHARMA - MIRA ROAD,           45341.00,           37341.00,               0.00,               0.00,            8000.00
MANSEE MEDICAL-URLI KANCHAN-C/B,           26403.45,               0.00,               0.00,               0.00,               0.00
MANSUKHLAL & BROTHERS-CHENNAI,           11025.00,           11025.00,               0.00,               0.00,               0.00
MANTRA GENERICS (LLP) - PARVATI,         1032710.00,               0.00,          199118.00,          249331.00,          498713.00
MANVI LIFECARE-KANDIVLI,           48074.00,            6683.00,            8883.00,           32508.00,               0.00
MARATHA MEDICAL - HINGOLI,           32892.00,            4999.00,           27893.00,               0.00,               0.00
MARATHWADA PHARMA - NANDED-XX,          212156.53,               0.00,               0.00,               0.00,               0.00
MARATHWADA MED & DIST.LATUR-(AKUMS),           28168.20,               0.00,            1374.20,               0.00,               0.00
MAREFAT AGENCIES - BHUSAWAL,           25360.00,               0.00,           20351.00,               0.00,            5009.00
MARS LIFESCIENCE-MULUND(DIAPERS),          -60710.00,               0.00,               0.00,               0.00,               0.00
MARUDHAR DISTRIBUTORS - ANDHERI,           23153.00,               0.00,           23153.00,               0.00,               0.00
MARUTI - CHINCHWAD,           36456.00,               0.00,           17346.00,           19110.00,               0.00
MARUTI MEDICO - KAMOTHE,           30108.00,               0.00,               0.00,               0.00,               0.00
MARUTI MEDICAL-KHARGHAR(PANVEL)-XX,            1995.00,               0.00,               0.00,               0.00,               0.00
MATHADI (CN NO PAYMENT),           14214.00,               0.00,               0.00,           14214.00,               0.00
MATHADI HOSPITAL-KOPERKHAIRANE,          925992.00,          269210.00,           36637.00,           10029.00,           47077.00
MATHI ASSOCIATES - BHANDUP,          349537.00,          115449.00,          107942.00,           66146.00,           60000.00
MATOSHREE HEALTHCARE - CHIRA BAZAR,            6563.00,               0.00,               0.00,               0.00,               0.00
MATOSHREE AGENCIES - NASIK,           38288.00,               0.00,               0.00,           38288.00,               0.00
MATOSHREE DISTRIBUTORS-SHELPIMPALGAON,          361764.94,               0.00,          124896.94,               0.00,          -20325.00
MATOSHREE MEDICAL - LONAR-XX,           27886.00,               0.00,               0.00,               0.00,               0.00
MATOSHREE (SUHAS) - CHAKAN XX,           29122.00,               0.00,               0.00,               0.00,               0.00
MATOSHRI AGENCIES -AHILYANAGAR XX,          103603.00,               0.00,               0.00,               0.00,               0.00
MATOSHRI AGENCIES - OSMANABAD,           58436.00,               0.00,               0.00,               0.00,               0.00
MATOSHRI AGENCIES - MHASWAD (NEW),          411359.40,               0.00,           20068.40,               0.00,               0.00
MAULI AGENCY-KALYAN,           88254.00,           46100.00,               0.00,           42154.00,               0.00
MAULI ENTERPRISES - PIMPLE GURAV,           13797.00,               0.00,           13797.00,               0.00,               0.00
MAULI ENTERPRISES-RAJAPUR,            9128.00,               0.00,               0.00,            9128.00,               0.00
MAULI ENTERPRISES-KALACHOWKI,            3108.00,               0.00,               0.00,               0.00,               0.00
MAULI MEDICAL - MURTIZAPUR,            6116.00,               0.00,            6116.00,               0.00,               0.00
MAULI MEDICAL - SHRIGONDA,           24991.00,               0.00,               0.00,              -6.00,           18603.00
MAULI MEDICAL - SOLAPUR,           23628.00,               0.00,               0.00,           23628.00,               0.00
MAULI MEDICAL - MAJALGAON XX,          179407.00,               0.00,             500.00,            1500.00,            1500.00
MAULI MEDICAL - AKKALKOT,           82610.00,               0.00,            4713.00,           16548.00,           34685.00
MAULI MEDICAL-KATOL-XX,          118284.00,               0.00,               0.00,               0.00,               0.00
MAULI MEDICAL AGENCY - AKOLA,           22135.00,           14025.00,            8110.00,               0.00,               0.00
MAULI PHARMA - UMARKHED,          128226.00,           10130.00,           23124.00,           54970.00,           40002.00
MAULI PHARMA AGENCY -BRAMAHAPURI,           63887.00,            6841.00,           18174.00,           38872.00,               0.00
MAULI SWAST AUSHADHI SEVA - BARAMATI,           36793.00,           26751.00,               0.00,           10042.00,               0.00
MAX SUPER SPECIALITY - KANDIVALI,           39291.00,            7035.00,           32256.00,               0.00,               0.00
MAXKIND HEALTHACARE-KALHER,           86940.00,               0.00,               0.00,           86940.00,               0.00
MAXWELL - GHATKOPAR,           15536.00,               0.00,            9093.00,            6443.00,               0.00
MAYA SALES - DHULE,            8592.00,               0.00,            8592.00,               0.00,               0.00
MAYUR SURGICAL - PALI-XX,           15354.00,               0.00,               0.00,               0.00,               0.00
MAYURESH PHARMA - JALGAON-XX,           29676.35,               0.00,               0.00,               0.00,               0.00
MAYURI AGENCY - PANVEL,          165645.00,           18021.00,           41476.00,           44373.00,           61775.00
MAYUSH MEDICAL - PR STR,            3775.00,            3780.00,               0.00,              -5.00,               0.00
MDS PHARMA - JALGAON,            9096.00,               0.00,               0.00,               0.00,               0.00
MED SAVE BUDGET PHARMA - KERELA,            6195.00,               0.00,            6195.00,               0.00,               0.00
MEDBAZZAR PHARMA-AHILYANAGAR -XX,           39767.65,               0.00,               0.00,               0.00,               0.00
MEDBUN PHARMA-KARANJADE,           21383.00,               0.00,               0.00,               0.00,           21383.00
MEDCITY PHARMA-WAGHOLI-LN,           48303.00,               0.00,               0.00,               0.00,               0.00
MEDCRAFT SURGITECH - TURBHE,           94819.00,               0.00,           11550.00,           36044.00,           28089.00
MEDEX PHARMACEUTICALS-THIRUVATTAR,          428635.75,               0.00,               0.00,          327810.00,           14175.00
MEDEXO PHARMA - KANDIVALI,            3570.00,               0.00,               0.00,            3570.00,               0.00
MEDFARM MEDICINE STORE -  WEST BENGAL,           22254.00,           22254.00,               0.00,               0.00,               0.00
MEDGENIE PHARMA-KURLA(WEST)-LN -XX,          120730.00,               0.00,               0.00,               0.00,               0.00
MEDHUB PHARMACON- CHIKHALI,          722597.00,           64419.00,          341390.00,          316788.00,               0.00
MEDI PLUS PHARMA-MALAD,          126768.00,               0.00,           35572.00,           26533.00,           54776.00
MEDI-X PHARMA - SAMBHAJINAGAR,          152846.00,               0.00,               0.00,           52164.00,           26762.00
MEDIBRICKS PHARMA-CHANDRAPUR -XX-C/B-LN,           29754.73,               0.00,               0.00,               0.00,               0.00
MEDIC PHARMA - BHIWANDI,           16958.00,               0.00,           16958.00,               0.00,               0.00
MEDICA PHARMA - KALYAN,           42616.00,           15341.00,               0.00,           19950.00,            6570.00
MEDICARE PHARMA AGENCY - KURLA,            6678.00,               0.00,            6678.00,               0.00,               0.00
MEDICARE PHARMA - JALANDHAR,            5009.00,               0.00,               0.00,            5009.00,               0.00
MEDICARE PHARMA - SION,            2520.00,               0.00,               0.00,               0.00,               0.00
MEDICART LIFECARE - TALEGAON,           83557.00,               0.00,               0.00,           12379.00,               0.00
MEDICLIX PHARMA - MOSHI,           30713.00,           30713.00,               0.00,               0.00,               0.00
MEDICO WARRIOR PHARMA - DOMBIVALI,           51561.00,               0.00,               0.00,               0.00,             500.00
MEDICON LIFECARE-BHYANDER-XX,            8205.20,               0.00,               0.00,               0.00,               0.00
MEDICRAFT PHARMA - GHOTI BUDRUK(NASIK),           39968.00,               0.00,               0.00,           39968.00,               0.00
MEDICURE PHARMACEUTICALS - KURLA,           56438.00,           16769.00,           32727.00,            6942.00,               0.00
MEDIFIT AGENCIES LLP-LATUR,           24171.00,               0.00,           10395.00,           11143.00,            2633.00
MEDIGEN PHARMA-ANDHERI,            7934.00,               0.00,               0.00,               0.00,               0.00
MEDIHOUSE - NASIK,           96018.00,               0.00,           43618.00,           52400.00,               0.00
MEDIHOUSE ENT - PIMPLE GURAV,          679775.00,          311906.00,          175382.00,           66635.00,          125852.00
MEDILIFE HEALTHCARE - KALYAN-XX,           18869.00,               0.00,               0.00,               0.00,               0.00
MEDILINE PHARMA - SINNAR,          172137.00,           21021.00,           93125.00,           57991.00,               0.00
MEDILINE SYSTEMS SALES - MATUNGA    .,             519.00,               0.00,               0.00,               0.00,               0.00
MEDILINE SURGICALS - PUNE,            4725.00,               0.00,               0.00,            4725.00,               0.00
MEDILINK PHARMACEUTICAL-PIMPALNER-XX,          214087.81,               0.00,               0.00,               0.00,               0.00
MEDION365 CORP - MANKHURD-LN,           93056.00,               0.00,               0.00,               0.00,               0.00
MEDIPLUS PHARMA - CHEMBUR,          110085.00,           10500.00,               0.00,           99585.00,               0.00
MEDIRAJ DISTRIBUTORS - PUNE,           88574.00,           16610.00,           39323.00,               0.00,           10186.00
MEDITAB WORLWIDE-KANDIVALI,           12040.00,               0.00,               0.00,               0.00,               0.00
MEDITRUST UNIVERSAL-MUMBAI-02,           16013.00,               0.00,           16013.00,               0.00,               0.00
MEDIWELL PHARMA-SAMBHAJINAGAR,          163979.25,               0.00,               0.00,               0.00,               0.00
MEDLINE ENTERPRISES - LAKHANI,          237594.00,           31288.00,          100201.00,           60564.00,           45541.00
MEDLINK PHARMA - DOMBIVLI,           29360.00,           12553.00,               0.00,           16807.00,               0.00
MEDPHARMA IMPLANT & SURGICAL-PARBHANI,           52190.00,               0.00,           11677.00,           23538.00,           16975.00
MEDWELL PHARMACEUTICALS - AHILYANAGAR,            7949.00,               0.00,               0.00,               0.00,               0.00
MEDX LIFECARE - KOPARKHAIRANE,          158629.00,            5933.00,           84650.00,           19404.00,           11069.00
MEET AGENCIES - ALIBAUG-XX,           19437.00,               0.00,               0.00,               0.00,               0.00
MEET AGENCIES- NASIK,           65535.00,           19760.00,           19818.00,           18939.00,            7018.00
MEHADIA TRADELINKS-GOREGAON,          304692.00,           51257.00,          206059.00,               0.00,               0.00
MEHTA DISTRIBUTORS - GHANSOLI,            1500.00,               0.00,               0.00,               0.00,               0.00
MEHTA DRUG HOUSE- KANDIVALI,           64073.00,           17090.00,           40790.00,               0.00,           -1218.00
METRO PHARMA - AMRAVATI,           35986.00,               0.00,           17993.00,           17993.00,               0.00
MH PRAMOUNT PHARAM - SAMBHAJINAGAR-LN,          108885.00,               0.00,               0.00,               0.00,               0.00
MHAISAL GENERIC - MHAISAL,          107942.00,               0.00,           18731.00,           48647.00,           12120.00
MHALSA DIST-PIMPALGAON,          114283.00,           38497.00,               0.00,           39775.00,               0.00
MICROCARE PHARMA - WADALA,            9210.00,               0.00,               0.00,               0.00,            9210.00
MIHIR ENT - GHATKOPAR,           30671.00,               0.00,           12347.00,            9408.00,            8916.00
MILAP DOSHI (ATMARPIT NEETABEN)XX,           31200.00,               0.00,               0.00,               0.00,               0.00
MILES INTERNATIONAL,            -711.00,               0.00,               0.00,               0.00,            -711.00
MILTON GENERIC - PR STR,          134983.00,          -42657.00,          174795.00,            2845.00,               0.00
MILTON PHARMA LLP-BHIWANDI,           20475.00,               0.00,               0.00,           20475.00,               0.00
MINI DISTRIBUTORS  - DOMBIVALI,            7513.85,               0.00,               0.00,               0.00,               0.00
MINI PHARMA - DOMBIVLI,            3771.00,               0.00,            3771.00,               0.00,               0.00
MINISTRY OF RAILWAYS - BHUSAWAL,            1769.00,               0.00,               0.00,               0.00,               0.00
MINISTRY OF RAILWAYS - SOLAPUR,           92897.00,               0.00,               0.00,               0.00,               0.00
MISHRI DIST-SAMBHAJINAGAR -LN,           45319.00,               0.00,               0.00,               0.00,               0.00
MITRASEN MEDICARE - PAREL,           15750.00,               0.00,           15750.00,               0.00,               0.00
MJM PHARMA - PR STR,            3365.00,               0.00,               0.00,            3365.00,               0.00
MM ENTERPRISE - BANDRA (DIAPER),           41606.00,               0.00,               0.00,               0.00,               0.00
MODERN DRUG HOUSE-ELIPHSTONE,           16380.00,               0.00,               0.00,               0.00,               0.00
MODI PHARMA - UDGIR,            4486.00,               0.00,               0.00,               0.00,            4486.00
MOHIT MEDICO - MANCHAR,          216604.00,            5460.00,          107647.00,           61492.00,           42005.00
MOKSH PHARMA - AKOLA,           18295.00,               0.00,           18295.00,               0.00,               0.00
MORAYA PHARMA - DEHUGAOV,           23858.00,               0.00,               0.00,            3074.00,           20784.00
MORYA AGENCY-NALASOPARA-XX,          271086.45,               0.00,               0.00,               0.00,               0.00
MORYA AGENCY - LATUR -ADV -XX,           17823.78,               0.00,               0.00,               0.00,               0.00
MORYA DISTRIBUTORS - MIRAJ -XX,           84634.00,               0.00,               0.00,               0.00,               0.00
MORYA DISTRIBUTOR - KOLHAPUR,          163903.00,               0.00,               0.00,               0.00,           51723.00
MORYA PHARMA - TALEGAON,          306844.00,           24174.00,          162576.00,           66667.00,           53427.00
MORYA PHARMA-CHINCHWAD-XX,          471833.88,               0.00,               0.00,               0.00,               0.00
MORYA SURGICAL - BARAMATI,           38136.00,            2187.00,           35949.00,               0.00,               0.00
MOTI MEDICAL - MALEGAON,           16438.00,               0.00,               0.00,           10165.00,            6273.00
MR PHARMACEUTICAL - SANTACRUZ,          370822.00,           25343.00,          145301.00,          121311.00,           75724.00
MS DWARKA AGENCY - LOHGAON,           19678.00,               0.00,           19678.00,               0.00,               0.00
MSK DIST - GOVANDI-LN,          165651.00,               0.00,               0.00,               0.00,               0.00
MSP PHARMACEUTICALS - SANGLI,          468564.00,           78436.00,           36678.00,          229037.00,          124413.00
MUKTARAM MEDICAL AGENCY-WADSA -XX,          315199.27,               0.00,               0.00,               0.00,               0.00
MUKTARAM MEDICAL STORES-GONDIA-ELDER,           56144.00,               0.00,               0.00,               0.00,               0.00
MUKUND MEDICAL - MULUND,           28910.00,               0.00,            8033.00,            6576.00,               0.00
MUMBAI MEDICO - PAREL,             700.00,               0.00,             700.00,               0.00,               0.00
MUNOT DISTRIBUTORS-MANMAD-XX,          141481.00,               0.00,               0.00,               0.00,               0.00
MUSALE PHARMACETICALS-KANDHAR(NANDED)-LN,           42528.67,               0.00,               0.00,               0.00,               0.00
MUTHA MEDICO-AHILYANAGAR-XX,          110000.00,               0.00,               0.00,               0.00,               0.00
MUTUAL MEDICAL - NAGPUR,           10080.00,               0.00,           10080.00,               0.00,               0.00
N.CHIMANLAL - PRINCESS STREET,          179645.00,               0.00,          179645.00,               0.00,               0.00
NACHIKETA ENT - SOYEGAON,             481.00,               0.00,               0.00,               0.00,             481.00
NAGNATH PHARMA-WASHIM-XX,           67106.86,               0.00,               0.00,               0.00,               0.00
NAKODA - KARAD (ENTERPRISES),           24645.00,           15190.00,            9455.00,               0.00,               0.00
NAKODA - KARAD (MEDICAL),          594482.00,           63214.00,          245948.00,          173626.00,          111694.00
NAKSON PHARMA AND SURGICAL - SURAT,            5625.36,               0.00,               0.00,               0.00,               0.00
NALCO BIOTECH-INDORE-PUR,           71904.00,               0.00,               0.00,               0.00,               0.00
NAMAN PHARMA DRUGS - PR STR,           29768.00,               0.00,           12968.00,               0.00,           16800.00
NAMAN SALES - ULHASNAGAR-LN,          131086.00,               0.00,               0.00,               0.00,               0.00
NAMANN PHARMA - PUNE,           10773.00,               0.00,           10773.00,               0.00,               0.00
NAMISH SURGICAL - ISLAMPUR,          421591.00,               0.00,          105788.00,          182348.00,          131830.00
NAMO PHARMA - KOLHAPUR,          236559.00,               0.00,               0.00,           73403.00,           18144.00
NAMO PHARMA - BIBVEWADI,          289176.00,           14359.00,          130610.00,           74592.00,           68250.00
NAMOH MEDICAL (NILESH) - AHILYANAGAR,          169535.00,               0.00,           90405.00,           18956.00,           19158.00
NANDED SURGICAL-NANDED,          273004.00,            9660.00,          110488.00,             500.00,          152356.00
NANDINI PHARMA - NAGPUR,           27917.00,           10334.00,            9227.00,            8356.00,               0.00
NANDLAL PHARMA - SHINDEWAHI,             430.00,               0.00,               0.00,               0.00,               0.00
NARAYANI -HIMAYATNAGAR(NANDED),          130582.00,            9678.00,           95236.00,           25668.00,               0.00
NASIK ENTERPRISES-LASALGAON,           89651.00,               0.00,           29627.00,               0.00,           48430.00
NATH AGENCY-TALEGAON,           43869.00,               0.00,               0.00,            9660.00,            9009.00
NATH PHARMA - BULDHANA,           24389.00,           14663.00,            3287.00,               0.00,            6439.00
NATHANI SURGICAL - BHIWANDI,           20411.00,               0.00,            9660.00,               0.00,           10751.00
NATIONAL MEDITRADE - PUNE,           10931.00,               0.00,           10931.00,               0.00,               0.00
NATIONAL PHARMACEUTICALS - KOLHAPUR,            9569.00,               0.00,            7154.00,            2415.00,               0.00
NATURES MEDIPOINT-PUNE -XX,           55606.00,               0.00,               0.00,               0.00,               0.00
NAVBHARAT - WARDHA,           10462.00,            9148.00,               0.00,            1314.00,               0.00
NAVINO - ULHASNAGAR,          110728.00,            5403.00,           14791.00,           54955.00,           35579.00
NAVINYA PHARMA-AKOLA,          305712.00,           24896.00,          110241.00,           95440.00,           75135.00
NAVISHA DISTRIBUTOR - BHIWANDI-XX,          123362.60,               0.00,               0.00,               0.00,               0.00
NAVKAR AGENCY - DOCKYARD,           36069.00,            8762.00,            9016.00,            9408.00,            8883.00
NAVKAR ENT - DOMBIVALI -XX,             500.00,               0.00,               0.00,               0.00,               0.00
NAVKAR PHARMA - AWHALWADI (WAGHOLI)-XX,           17875.00,               0.00,               0.00,               0.00,               0.00
NAVKAR PHARMA - CHINCHWAD,           83631.00,               0.00,           22587.00,           28429.00,           32615.00
NAVKAR PHARMA - YERWADA,           95870.00,           27484.00,           62531.00,               0.00,            5855.00
NAVKAR PHARMACY - SAMBHAJI NAGAR,           82836.00,               0.00,               0.00,           56727.00,            7930.00
NAVKAR PHARMA - TALEGAON NEW,           29839.00,               0.00,               0.00,           25001.00,             500.00
NAVNIT MEDICO - PR STR,           12160.00,               0.00,               0.00,            4285.00,            7875.00
NAVNIT MED - MALEGAON,           63005.00,               0.00,           61435.00,               0.00,               0.00
NAVRATNA MEDICOS - AKOLA,           61743.00,           10574.00,            7035.00,            8269.00,           35865.00
NAYAK MEDICARE - BHANDUP,          380041.00,           49014.00,           80066.00,          103642.00,          147319.00
NAYAN AGENCES - NAGPUR,            7176.00,               0.00,            7176.00,               0.00,               0.00
NAYEEM AGENCIES - PARBHANI,           42693.00,               0.00,           10080.00,           32613.00,               0.00
NEELKANTH HEALTHCARE-ULHASNAGAR,           17162.00,               0.00,            4347.00,           12815.00,               0.00
NEHA PHARMACUTICALS-NANDED-ELDER,            8473.00,               0.00,               0.00,               0.00,               0.00
NEPTUNE MEDICAL-BARSHI,           18070.00,               0.00,             700.00,           14250.00,            3120.00
NEW A ONE PHARMA-GOVANDI,             500.00,               0.00,               0.00,             500.00,               0.00
NEW BEST PHARMA - PUNE,           60267.00,               0.00,           12518.00,               0.00,           47749.00
NEW BHAGYALAXMI GENERIC - BULDANA,           51166.00,            3633.00,           16594.00,           16429.00,           14510.00
NEW BHARAT MEDICAL - SHIRUR KASAR,           71320.00,           27061.00,           17061.00,           27198.00,               0.00
NEW CITY ENTERPRISES - NAGPUR (NEW),           11287.00,            3638.00,            7649.00,               0.00,               0.00
NEW DEAL DAWA BAZAR - MALKAPUR-XX,           46119.00,               0.00,               0.00,               0.00,               0.00
NEW DIAMOND - LANJA,          112892.00,           15880.00,           97012.00,               0.00,               0.00
NEW HARSH -SAMBHAJINAGAR-LN,          187777.00,               0.00,               0.00,               0.00,               0.00
NEW HINDUSTAN PHARMA & SURGICALS - NANDED,           98461.00,          -22782.00,           58074.00,               0.00,               0.00
NEW ILAG PHARMACEUTICAL-SINNAR,           13066.00,               0.00,           13066.00,               0.00,               0.00
NEW JADHAV PATIL - BASMATH,           85348.00,               0.00,           21886.00,           21424.00,           42038.00
NEW JANATA PHARMA-NASHIK,           42958.00,            6535.00,           21559.00,           14864.00,               0.00
NEW KALIKA SURGICAL - SHIRUR,           75359.00,               0.00,           51215.00,           18690.00,            5454.00
NEW KHUSHI ENTER - WADA,            4291.00,               0.00,            4291.00,               0.00,               0.00
NEW LAHOTI MEDICAL & SURGICAL- NANDED,          136646.00,           22256.00,           46126.00,           34134.00,            5116.00
NEW LAXMI MEDICAL STORES-MALEGAON,           49591.00,               0.00,            -568.00,               0.00,           50159.00
NEW LIFE AGENCY - WARORA,           42940.00,               0.00,               0.00,           42940.00,               0.00
NEW LUCKY COLLECTION'S DIAPERS - BANDRA,            2919.00,               0.00,               0.00,               0.00,               0.00
NEW MAHESH MEDICALS - SAMBHAJINAGAR,           27720.00,               0.00,           27720.00,               0.00,               0.00
NEW MARATHA MEDICAL - WASHIM,            6172.12,               0.00,               0.00,               0.00,               0.00
NEW MATOSHRI MEDICAL - KALAMB-LN,          258156.00,               0.00,               0.00,               0.00,               0.00
NEW MAULIKRUPA AGENCY - KASAR SHIRUR-BEED,          107109.00,            7517.00,           52272.00,            5829.00,            5061.00
NEW NANDED SWAST AUSHADHI-NANDED-XX,           46946.63,               0.00,               0.00,               0.00,               0.00
NEW NANDINI MEDICALS - GOTHI,           36285.00,           10395.00,           25890.00,               0.00,               0.00
NEW PATEL DIST - CHINCHWAD -XX,           15069.00,               0.00,               0.00,               0.00,               0.00
NEW RAJ AGENCIES - JALGAON,          190434.00,           25074.00,           29715.00,           50981.00,           84664.00
NEW SACHIN MEDICAL & GEN STORES-XX,           56440.00,               0.00,               0.00,               0.00,               0.00
NEW SALAKSHMI MEDISALES LLP - PUNE,           35518.46,               0.00,               0.00,               0.00,               0.00
NEW SARATHI CHEMIST - MAHALUNGE,           65239.00,               0.00,           45202.00,            5670.00,           14367.00
NEW SHIV SURGICAL - BARSHI,           26082.00,               0.00,               0.00,           26082.00,               0.00
NEW SHRADHA MEDICAL-NANDED,           47141.00,             966.00,           25194.00,               0.00,           11184.00
NEW SHREEJI AGENCIES-NANDED,          176339.00,            1000.00,           75729.00,             500.00,           62161.00
NEW SHRI VYANKTESH PHARMA-BASMAT-XX,           15113.00,               0.00,               0.00,               0.00,               0.00
NEW STAR ENTERPRISES - KALBADEVI,           56396.00,           12075.00,               0.00,           22796.00,           21525.00
NEW SUMEET AGENCIES - LATUR,           84869.00,               0.00,           26401.00,           34641.00,           23827.00
NEW SUPER DRUG - NAGPUR,           29903.00,            6090.00,           17813.00,            6000.00,               0.00
NEW TECH PHARMA HEALTH CARE-LATUR,          252570.00,             500.00,           93152.00,           22598.00,           18209.00
NEW UNIQUE ENTERPRISES - NAGPUR-XX,           93633.00,               0.00,               0.00,               0.00,               0.00
NEW UNISON PHARMA - PELAR,            8051.00,               0.00,            8051.00,               0.00,               0.00
NEW VENKATESH MEDICAL -  AHMEDPUR,          148432.00,           19068.00,               0.00,           15330.00,          106189.00
NEW YASH MARKETING - NANDED,          193530.00,               0.00,           84036.00,           58465.00,           51029.00
NIDA MEDICAL AGENCY - BHIWANDI,          147811.00,               5.00,           50380.00,           65972.00,           29906.00
NIDHI HEALTHCARE - KANDIVALI XX,          163291.00,               0.00,               0.00,               0.00,               0.00
NIDHI PHARMA - JALGAON,           38225.00,               0.00,           30110.00,            5333.00,               0.00
NIKAM SURGICAL-PANVEL-XX,           10943.00,               0.00,               0.00,               0.00,               0.00
NIKHIL SURGICAL - ANDHERI,           46995.00,           27850.00,           19145.00,               0.00,               0.00
NILESH AGENCIES - PAROLA,          190681.00,           11865.00,           60484.00,           58458.00,           59874.00
NILESH MEDICAL - NAMPUR,           17603.00,               0.00,               0.00,           17603.00,               0.00
NIMBORE DISTRIBUTORS - PUNE,           42263.00,               0.00,               0.00,               0.00,            7862.00
NIPUN PHARMA - BORIVALI,           82270.00,           67726.00,           14544.00,               0.00,               0.00
NIRAJ MEDICAL STORES-WARDHA,           39002.00,           15878.00,           12861.00,           10263.00,               0.00
NIRANJAN DISTRIBUTORS - PUNE(SADASHIV PETH),            4331.00,               0.00,            4331.00,               0.00,               0.00
NIRBHAY PHARMA-CHARNI ROAD,           38653.00,            2726.00,            9387.00,           26540.00,               0.00
NIRMAL MEDICAL - BRAMHAPURI,           40412.00,               0.00,           40412.00,               0.00,               0.00
NITI SURGICAL - THANE,           71187.00,           25475.00,           14294.00,           31418.00,               0.00
NIVI DISTRIBUTORS- GOREGAON W,           16029.00,            7621.00,            8408.00,               0.00,               0.00
NIVIRA EXPORT - BORIVALI (W),           12503.00,               0.00,           12503.00,               0.00,               0.00
NOBLE MEDICALS -DADAR WEST,            3909.00,               0.00,               0.00,            3909.00,               0.00
NOBLE PHARMA - PUNE,           19894.00,            4065.00,           15829.00,               0.00,               0.00
NRNXT DISTRIBUTORS LLP - CHUNABHATTI,           -4620.00,               0.00,           -4620.00,               0.00,               0.00
NTL PHARMA-PRINCESS STREET,           17646.00,               0.00,           19095.00,           -1449.00,               0.00
NUCLEUS - CHINCHWAD,           45360.00,               0.00,           42525.00,            2835.00,               0.00
Niddhi Traders (Diaper Point),            5200.00,               0.00,               0.00,               0.00,               0.00
OCAYO PHARMACEUTICALS LLP - NAGPADA,          319288.00,           85042.00,          125573.00,           92330.00,           16343.00
OK WHOLESALE -SHRIRAMPUR,            9450.00,            9450.00,               0.00,               0.00,               0.00
OLS PHARMA LLP-LATUR,          223954.00,               0.00,          125274.00,           87207.00,               0.00
OM DIAGNOSTICS - THERGAON,              -1.00,               0.00,              -1.00,               0.00,               0.00
OM DISTRIBUTORS - PALUS -XX-C/B,           47683.00,               0.00,               0.00,               0.00,               0.00
OM DISTRIBUTORS - ALIBAG,           14275.00,               0.00,               0.00,               0.00,               0.00
OM MAHALAXMI - SADASHIV PETH,            4266.52,               0.00,               0.00,               0.00,               0.00
OM MEDICAL - CHIKNI(WARORA),           20924.00,               0.00,               0.00,           10101.00,           10823.00
OM PHARMA -KOLHAPUR,           84337.00,               0.00,           52103.00,           25451.00,               0.00
OM PHARMA - OSMANABAD-CLOSE-LN,          249621.00,               0.00,               0.00,               0.00,               0.00
OM PHARMA - CHAKAN (PUNE)-XX,          119173.00,               0.00,               0.00,               0.00,               0.00
OM PHARMA - DHARAVI,          251695.00,               0.00,          124489.00,           41676.00,           34717.00
OM PHARMA - JHAMKHED,           28360.00,               0.00,               0.00,               0.00,               0.00
OM PHARMA - SATARA -XX,          121951.01,               0.00,               0.00,               0.00,               0.00
OM PHARMA-DEGLUR(NANDED),           38902.00,               0.00,           22207.00,           16695.00,               0.00
OM PHARMA-RISOD-XX,           93781.00,               0.00,               0.00,               0.00,               0.00
OM PHARMANEEDS - NASIK,          149752.00,           37827.00,           20790.00,           58622.00,               0.00
OM SAI (MANOJ) - NANDURA,           43359.00,               0.00,               0.00,            9973.00,            5129.00
OM SAI DIST - SHIRUR,           92325.00,               0.00,           -3508.00,               0.00,               0.00
OM SAI PHARMA - PANVEL,           13515.53,               0.00,               0.00,             580.53,               0.00
OM SAI PHARMA - YEOLA,           40336.00,               0.00,           20348.00,           19988.00,               0.00
OM SAI PHARMA - PANCHVATI X,           36255.49,               0.00,               0.00,            4393.49,               0.00
OM SAI RAM PHARMACEUTICAL-ULHASNAGAR,            1499.00,            1499.00,               0.00,               0.00,               0.00
OM SAI RAM AGENCY - CHEMBUR-XX,           23562.00,               0.00,               0.00,               0.00,               0.00
OM SAI WHOLESALE  - MURUD-OLS LATUR-XX,           46244.71,               0.00,               0.00,               0.00,               0.00
OM SHREE SAI ENT - VIRAR-LN,           81893.00,               0.00,               0.00,               0.00,               0.00
OM SURGICAL (MURLI) - KOLHAPUR,            7770.00,               0.00,               0.00,            7770.00,               0.00
OMA PHARMACY - KALYAN,            5114.00,               0.00,               0.00,               0.00,            5114.00
OMKAR DISTRIBUTORS - NANDED,          187164.00,               0.00,           32685.00,           49075.00,          105404.00
OMKAR DISTRIBUTORS-WALANDI-LN,          154049.00,               0.00,               0.00,               0.00,               0.00
OMKAR MEDICAL AGE-NAGPUR-(WINDLAS),           12032.00,               0.00,               0.00,               0.00,               0.00
OMKAR MEDICAL - RAVET XX,          610181.62,               0.00,             500.00,             500.00,             500.00
OMKAR MEDICAL-SAONER,           18162.00,           13922.00,            4240.00,               0.00,               0.00
OMKAR MEDICAL STORE -NAIGAON(VASAI),           10880.00,               0.00,               0.00,           10880.00,               0.00
OMKAR MEDICAL AGE-NANDED,            8984.00,               0.00,            8984.00,               0.00,               0.00
OMKAR PHARMA-NANDED- DONT OPEN-xx,           44663.00,               0.00,               0.00,               0.00,               0.00
OMKARESHWAR PHARMA-lasalgaon,           12201.00,            9531.00,            2670.00,               0.00,               0.00
ONKAR ENTERPRISES - PUNE,          395136.00,           93881.00,          127729.00,          173526.00,               0.00
ONKAR MEDI & DISTRI-LATUR-CONCEPT,           50975.00,               0.00,               0.00,               0.00,               0.00
ORACLE MEDICARE - MULUND-XX,           18874.00,               0.00,               0.00,               0.00,               0.00
ORACLE PHARMA - MULUND,           35246.00,           35246.00,               0.00,               0.00,               0.00
ORBIT IMPEX - BHIWANDI,            5045.00,               0.00,               0.00,               0.00,               0.00
OVI PHARMA - KOLHAPUR,            7999.00,               0.00,               0.00,               0.00,               0.00
OWI PHARMACEUTICALS - BHOSARI,          -37695.00,               0.00,          -62160.00,               0.00,           24465.00
OXY PHARMA-NASIK,          277000.00,               0.00,          152822.00,               0.00,          106639.00
OYSTER HEALTHCARE-KAMOTHE,          289548.00,            8254.00,          120497.00,           77382.00,           83415.00
OYSTER PHARMA-SATARA-(CLOSE)-LN,          351202.00,               0.00,               0.00,               0.00,               0.00
P N DISTRIBUTORS - RATNAGIRI,          212988.00,               0.00,           25327.00,          123023.00,           64638.00
P.K.PHARMA - YERAVDA,           32337.00,               0.00,               0.00,               0.00,               0.00
P.R.MDICAL & AGENCY-PARATWADA,           23212.00,               0.00,           21382.00,               0.00,               0.00
P.VISHRAM -GHATKOPAR-XX,            9713.00,               0.00,               0.00,               0.00,               0.00
PACHORA DRUG HOUSE - PACHORA,           11550.00,               0.00,           11550.00,               0.00,               0.00
PACIFIC MEDICAL AGENCY - AKOLA,           20000.00,               0.00,               0.00,               0.00,               0.00
PADAM ENTERPRISE - BHAYANDER -XX,           18121.69,               0.00,               0.00,               0.00,               0.00
PANAMAH PHARMA - MAZGAON,           54776.00,            9191.00,           37899.00,               0.00,            7686.00
PANKAJ MEDICALS-YAVATMAL -XX,          115342.41,               0.00,               0.00,               0.00,               0.00
PARAG PHARMA - SANPADA,             244.00,               0.00,               0.00,               0.00,               0.00
PARAG PHARMA - YAVATMAL XX,            9361.00,               0.00,            1000.00,            1000.00,             500.00
PARAKH MEDICOS- RAHURI,          121509.00,             370.00,           56450.00,           44432.00,           11007.00
PARAM AGENCIES - MIRAJ,           82061.00,            8257.00,           57007.00,           16797.00,               0.00
PARAM HEALTH SOLUTIOND LLP - SANPADA,           73156.00,           17250.00,           18817.00,           14409.00,           22680.00
PARAMEDICS SURGICAL - NAGPUR-XX,            5615.86,               0.00,               0.00,               0.00,               0.00
PARAS AGENCIES -PUNE,            2912.00,               0.00,               0.00,               0.00,               0.00
PARAS DISTRIBUTORS - MALAD,           21141.00,               0.00,            5984.00,           15157.00,               0.00
PARDESHI MEDICAL - WADKI-XX,           18323.00,               0.00,               0.00,               0.00,             500.00
PARESH PHARMACEUTICAL - KOPARKHAIRANE,           12491.00,               0.00,               0.00,               0.00,           25616.00
PARIJAT AGENCY-JALNA-(WINDLAS),           35225.00,               0.00,               0.00,               0.00,               0.00
PARIKSHITHA MEDICALS - KARNATAKA-XX,           41460.00,               0.00,               0.00,               0.00,               0.00
PARIM LIFECARE PRIVATE LIMITED - THANE,           20764.00,               0.00,           20764.00,               0.00,               0.00
PARK CHEM DRUGS - KHED,           27676.00,           21417.00,            6259.00,               0.00,               0.00
PARMATMA DISTRIBUTOR-NAGPUR-(WINDLAS)-XX C/B,           14401.53,               0.00,               0.00,               0.00,               0.00
PARMATMA MEDICAL-NAGPUR-XX,            8164.00,               0.00,               0.00,               0.00,             500.00
PARSHVA PHARMA - KOLBHAT LANE,           56586.00,               0.00,           19824.00,           13136.00,           23626.00
PARSHWANATH (HEMAL) - MUM 2,           25706.00,               0.00,               0.00,           15619.00,            7796.00
PARSHWANATH - CHINCHWAD,            8014.00,               0.00,               0.00,            8014.00,               0.00
PARSOULI MEDICO - NALASOPARA -XX,            1781.00,               0.00,               0.00,               0.00,               0.00
PARTH MEDICAL AGENCY - MALEGAON,           31500.00,               0.00,             460.00,           31040.00,               0.00
PARTH PHARMACEUTICALS - SOLAPUR,           42208.00,               0.00,               0.00,               0.00,               0.00
PARTH PHARMACEUTICAL DIST-URULI-XX,           43992.00,               0.00,               0.00,               0.00,             500.00
PASHUSEVA-BEED,           45513.00,               0.00,           18554.00,           10079.00,           16880.00
PATEL AGENCY - CHINCHWAD,           37198.00,               0.00,           23237.00,           13961.00,               0.00
PATEL DISTRIBUTORS (MANSUR) - PUNE,            9574.00,               0.00,               0.00,               0.00,               0.00
PATEL MEDICARE - VILLE PARLE (E),            2177.00,               0.00,               0.00,               0.00,            2177.00
PATEL MEDICAL-AMRAVATI,           31272.00,               0.00,            9450.00,               0.00,           21822.00
PATEL PHARMA-YAVATMAL-XX,           40120.00,               0.00,               0.00,               0.00,               0.00
PAVANSUT PHARMACEUTICALS - CHINCHWAD,            4479.00,            4479.00,               0.00,               0.00,               0.00
PAWAN DISTRIBUTORS-SANGLI,          129870.00,           32564.00,           25644.00,           71662.00,               0.00
PAWAN MEDICAL AGENCY-THANE XX,           94972.00,            5010.00,            4877.00,           29089.00,            3000.00
PAWAR AGENCIES -MALEGAON-OLD,           33507.00,               0.00,               0.00,               0.00,               0.00
PAWAR AGENCIES - MALEGAON,           70473.00,           14753.00,           40236.00,           15484.00,               0.00
PAWAR PHARMA - KINWAT,           36165.00,            6190.00,           16280.00,           13924.00,               0.00
PAYAL PHARMA - DEONAR-SALE,          173106.00,               0.00,               0.00,          117028.00,           49198.00
PEPPERMEDS BIOTECH LLP - PUNE,           14135.00,           14135.00,               0.00,               0.00,               0.00
PHARMA (INDIA) - TILAK NAGAR,           54372.00,               0.00,           25493.00,           28879.00,               0.00
PHARMA BROTHERS - ULWE (ALKEM)-LN-XX,          315601.00,               0.00,               0.00,               0.00,             500.00
PHARMA EXPRESS-ULHASNAGAR,           53564.00,           21550.00,               0.00,           32014.00,               0.00
PHARMA HOUSE - JALGAON,          244938.00,               0.00,           64329.00,           21512.00,          124273.00
PHARMA HUB - PIMPRI-C/B,          189405.97,               0.00,               0.00,               0.00,               0.00
PHARMA HUB-VASAI,           27137.00,               0.00,               0.00,               0.00,           27137.00
PHARMA KARRIER - MUMBAI 2,            9836.00,               0.00,            9836.00,               0.00,               0.00
PHARMA SALES - INDORE-XX,            8680.00,               0.00,               0.00,               0.00,               0.00
PHARMA SEVA SURGICAL - NANDED,          321112.00,             500.00,          141709.00,           96336.00,             500.00
PHARMA SYNTH - JOGESHWARI,          115594.00,           15167.00,           91720.00,            8707.00,               0.00
PHARMA TONE - TARDEO,          320906.00,          320906.00,               0.00,               0.00,               0.00
PHARMA ZONE - MUMBAI 2,            4135.00,               0.00,               0.00,               0.00,               0.00
PHARMA ZONE-AIROLI-XX,          117271.00,               0.00,               0.00,               0.00,               0.00
PHARMABULLS PRIVATE - BHANDARA,           29280.00,               0.00,           29280.00,               0.00,               0.00
PHARMACARE INDIA-NAVI MUMBAI,           56274.00,           28293.00,               0.00,           15955.00,           12026.00
PHARMACARE SPECIALITIES - WADALA,            4489.00,               0.00,            4489.00,               0.00,               0.00
PHARMACHEM HEALTHCARE - ULHASNAGAR XX,          266994.20,               0.00,               0.00,            2730.00,               0.00
PHARMACHEM DIST - KANKAVLI,           17656.00,               0.00,               0.00,           17656.00,               0.00
PHARMACIA HEALTHCARE-THANE,          145612.00,           23500.00,           54093.00,           68019.00,               0.00
PHARMACITY - KALYAN,          161182.00,           37475.00,           41738.00,           69424.00,           12545.00
PHARMACY TRADE LINKS - Kalaburagi,           79724.00,               0.00,               0.00,           79724.00,               0.00
PHARMAKIND - NALASOPARA-XX,           33074.86,               0.00,               0.00,               0.00,               0.00
PHARMAKWIK HEALTHTECH - DHARAVI,          177727.00,               0.00,               0.00,           31413.00,            3933.00
PHARMAX DIST - DHULE,           52920.00,               0.00,           52920.00,               0.00,               0.00
PIMPALE MEDICAL - CHANDRAPUR-XX,           10932.00,               0.00,               0.00,               0.00,               0.00
PIONEER  MEDICAL STORES-ICHALKARANJI,           71522.00,               0.00,           27721.00,           22501.00,           21300.00
PISALS PHARMACEUTICALS - KARJAT,          161540.00,           24544.00,           54964.00,           82032.00,               0.00
PIYUSH INTERNATIONAL-BORIVALI,             674.90,               0.00,               0.00,             674.90,               0.00
PIYUSH MEDICOS-VAIJAPUR-AKUMS-XX,            1600.00,               0.00,               0.00,               0.00,               0.00
PIYUSH MEDICOS-VAIJAPUR,           28181.00,               0.00,               0.00,               0.00,               0.00
PLATINUM HOSPITALS PVT LTD-XX,            4480.00,               0.00,               0.00,               0.00,               0.00
PM MEDICAL AGENCY-SAMBHAJI NAGAR-ELDER,           38227.00,               0.00,               0.00,               0.00,               0.00
PMBJP - ACHOLE ROAD,            5925.00,               0.00,            6290.00,            -365.00,               0.00
PMBJP - ANDHERI (CHAKALA),          164660.00,               0.00,           60549.00,           68331.00,               0.00
PMBJP - ANSIMG,            8425.00,               0.00,               0.00,               0.00,            8425.00
PMBJP - ANDHERI (K.S-ANIL),           34293.38,               0.00,               0.00,               0.00,               0.00
PMBJP - ANDHERI (ANIL/RAM),          168745.00,           45669.00,           54520.00,           27388.00,           41168.00
PMBJP - ANDHERI (RAJUBHAI),          282944.00,           60365.00,          126675.00,           73061.00,           22843.00
PMBJP - BHANDARA,            8856.00,               0.00,            8856.00,               0.00,               0.00
PMBJP - CHIPLUN,           13830.00,           13830.00,               0.00,               0.00,               0.00
PMBJP - CHEMBUR (VISHAL),           71890.00,           14448.00,           31439.00,               0.00,           26003.00
PMBJP - CHEMBUR (ANANDRAO),           41452.00,               0.00,           16515.00,           18533.00,               0.00
PMBJP - DADAR (VIJAY),           33882.00,           33882.00,               0.00,               0.00,               0.00
PMBJP - HIMAYATNAGAR,          144235.00,            4929.00,           73425.00,           31916.00,           33965.00
PMBJP - JATH,           34102.00,               0.00,           19862.00,               0.00,               0.00
PMBJP - KALYAN (KAVITA),            3049.00,            3049.00,               0.00,               0.00,               0.00
PMBJP - KANDIVALI (EAST)-XX,           12368.00,               0.00,               0.00,               0.00,               0.00
PMBJP - KANDIVALI(ANIL/SUSHIL)-XX,           28176.00,               0.00,               0.00,               0.00,               0.00
PMBJP - KEM HOSPITAL,           73297.00,               0.00,           27141.00,               0.00,           38377.00
PMBJP - KURLA (VISHAL),           36832.00,               0.00,           20522.00,           12443.00,             208.00
PMBJP - LATUR (AUSA),            4394.00,               0.00,               0.00,               0.00,               0.00
PMBJP - LATUR-LN,           43679.00,               0.00,               0.00,               0.00,               0.00
PMBJP - MANKHURD WEST,           16655.00,           16655.00,               0.00,               0.00,               0.00
PMBJP - MALAD {E}(PANKAJ),          138063.00,           22328.00,           77774.00,           37961.00,               0.00
PMBJP - MALAD -XX,            4742.00,               0.00,               0.00,               0.00,               0.00
PMBJP - MIRA ROAD (MITESH VAS),          339217.00,           46962.00,          191724.00,           80548.00,           19983.00
PMBJP - MIRA ROAD (SWATI),          255165.00,               0.00,           91415.00,           36829.00,           93173.00
PMBJP - MIRA ROAD (GUNWANTI),          155276.00,           38102.00,           80153.00,           37021.00,               0.00
PMBJP - MIRA ROAD (MANISH),          205745.00,               0.00,           62912.00,          104128.00,           38705.00
PMBJP - NANDED (RUPESH),           13327.00,               0.00,           13327.00,               0.00,               0.00
PMBJP - NALASOPARA (SAMELPADA),          118037.00,            3140.00,           44080.00,           37391.00,           33426.00
PMBJP - NALASOPARA (ABHISHEK),           48665.00,            6520.00,           23624.00,           18521.00,               0.00
PMBJP - NAGPUR,           16208.00,               0.00,           16208.00,               0.00,               0.00
PMBJP - NALASOPARA (TAKIPADA),           17173.00,               0.00,               0.00,           17173.00,               0.00
PMBJP - NILANGA -XX,           14431.00,               0.00,               0.00,               0.00,               0.00
PMBJP - PALGHAR (SAMIR),           59909.00,               0.00,            7944.00,           31136.00,           20829.00
PMBJP - PARBHANI(SHASHIKANT),          188094.00,               0.00,          113464.00,           45349.00,           29281.00
PMBJP - PUSAD,           65331.00,             500.00,           35715.00,           13760.00,           15356.00
PMBJP - SOLAPUR (SHARUKH),           25738.00,               0.00,               0.00,               0.00,               0.00
PMBJP - UDGIR,           35353.00,               0.00,           19224.00,               0.00,           16129.00
PMBJP - ULHASNAGAR,           19521.00,           19521.00,               0.00,               0.00,               0.00
PMBJP - VASHI NAKA(VISHAL),           16135.00,               0.00,               0.00,           -5785.00,               0.00
PMBJP - VIRAR (SOHANRAJ CHOYAL),           81528.00,           19959.00,           61569.00,               0.00,               0.00
PMBJP - VIRAR (K.S-SANDIP/HARISH)-XX,           35770.00,               0.00,               0.00,               0.00,               0.00
PMBJP - VIRAR (WEST)-XX,           10846.00,               0.00,               0.00,               0.00,               0.00
PMBJP - WADHONA(UDGIR)-CLOSE -XX,          301684.12,               0.00,               0.00,               0.00,               0.00
PNT PHARMA - VIDHYAVIHAR,         -113505.00,               0.00,               0.00,          -10395.00,         -103110.00
POLYCOS MEDICO - BHIWANDI-close-LN,          422161.00,               0.00,               0.00,               0.00,               0.00
POLYFORM-ANDHERI,            9765.00,               0.00,            9765.00,               0.00,               0.00
POOJA PHARMA-KAIJ,          118684.00,               0.00,           62675.00,               0.00,           56009.00
POOJA PHARMACARE - BIBVEWADI,            5875.00,             694.00,            5181.00,               0.00,               0.00
POONAM PHARMA -RAHURI,           38171.00,           13582.00,               0.00,           24589.00,               0.00
POSH PHARMA-KANDIVALI,           50262.00,               0.00,           50262.00,               0.00,               0.00
POSITIVE ENTERPRISE - AHMEDABAD,           15694.05,               0.00,               0.00,             674.05,               0.00
POSITRUS HEALTHCAREINDIA PVT LTD.-BHANDUP,            3570.00,               0.00,               0.00,               0.00,            3570.00
POWAR PHARMACEUTICALS - GARGOTI-LN,           36100.00,               0.00,               0.00,               0.00,               0.00
PRABHAT AGENCIES-MALKAPUR-XX,           75382.00,               0.00,               0.00,               0.00,               0.00
PRABHU PHARMA - ULHASNAGAR,           98140.00,               0.00,           20672.00,           47677.00,           10290.00
PRACHI PHARMA - NAGPUR-XX,           19646.24,               0.00,               0.00,               0.00,               0.00
PRADEEP MEDICO - AKLUJ-XX,           71139.44,               0.00,               0.00,               0.00,               0.00
PRADEEP MEDICAL - BARAMATI,           38599.00,               0.00,               0.00,           25377.00,           10038.00
PRADEEP PHARMACEUTICALS - FURSUNGI-LN-C/B,          461875.00,               0.00,               0.00,               0.00,               0.00
PRADEEP PHARMA - AKLUJ,          122684.61,               0.00,               0.00,           29409.00,           40031.00
PRAGATI PHARMA HUB - KALYAN,           79876.00,           40516.00,           27563.00,           11797.00,               0.00
PRAKASH AGENCY - SATARA,           59581.00,               0.00,               0.00,           33499.00,           26082.00
PRAKASH GENERAL STORE - GOVANDI-XX,           24183.00,               0.00,               0.00,               0.00,               0.00
PRAMUKHA AGENCY (DIAPERS),           13041.00,               0.00,           13041.00,               0.00,               0.00
PRASAD (PANKAJ) - DONDAICHA,           19106.00,               0.00,           19106.00,               0.00,               0.00
PRASAD MEDICAL-GANGAKHED,           24917.00,           14837.00,           10080.00,               0.00,               0.00
PRASHANT AGENCY - DHONDAICHA,          172331.00,           80523.00,               0.00,           30729.00,           61079.00
PRASHANT AGENCIES - BULDHANA,           44453.00,               0.00,           37034.00,            7419.00,               0.00
PRASU PHARMA - NASHIK,           45403.00,               0.00,           19554.00,            8047.00,           17802.00
PRATHAM MEDICARE - VASAI(WEST),          346239.00,               0.00,          185566.00,           85106.00,           51057.00
PRATIK DISTRIBUTORS-VADUJ,           33873.00,               0.00,           12576.00,           21297.00,               0.00
PRATIKSHA PHARMACEUTICALS - LATUR-XX-C/B,           66746.20,               0.00,               0.00,               0.00,               0.00
PRC SURGICAL - BHIWANDI,          163045.00,           25900.00,           30054.00,           31369.00,           75722.00
PREM MEDICAL - AMRAVATI,           47256.00,               0.00,               0.00,           36533.00,           10723.00
PREM MEDICALS - BHAGALPUR,            7403.00,            7403.00,               0.00,               0.00,               0.00
PREM MEDICAL-AMRAVATI-AKUMS,           13075.00,               0.00,               0.00,               0.00,               0.00
PREMIER PHARMA - KANDIVALI,          397929.00,           25122.00,           91928.00,           28686.00,          252193.00
PRIME AGENCY -BHIWANDI,           31114.00,           31114.00,               0.00,               0.00,               0.00
PRIME PHARMA - SOLAPUR,          447641.00,               0.00,           57952.00,          102381.00,               0.00
PRISHA PHARMA - NASIK,          303038.00,           38169.00,           45325.00,          134313.00,           60975.00
PRIT MEDICAL - NAGPUR-XX STOP,          125541.00,               0.00,               0.00,               0.00,               0.00
PRITHYANI MEDICAL - GONDIA,           26135.00,               0.00,           19329.00,               0.00,            6806.00
PRITI ENTERPRISE - BHAYANDER,           10389.00,               0.00,               0.00,           10389.00,               0.00
PRIYA PHARMA - DAHANU,          239462.00,               0.00,           83954.00,           52812.00,          102696.00
PRIYA PHARMACEUTICALS-BHOKAR,          231015.00,           41264.00,          110292.00,           44050.00,           35409.00
PRIYANKA ENTERPRISE - MALAD,           37251.00,           14088.00,           23163.00,               0.00,               0.00
PRO SUCCESS PHARMA - PUNE,           42304.00,           22277.00,               0.00,           20027.00,               0.00
PRONAVKAR LIFECARE - BARAMATI,           20673.00,               0.00,           20673.00,               0.00,               0.00
PUJA DIST - KUDAL,           32289.00,           23820.00,               0.00,            8469.00,               0.00
PULS DISTRIBUTORS - GOVANDI,          181399.00,           68931.00,          112468.00,               0.00,               0.00
PURELIFE REMEDIES - CHINCHWAD (ADVANCE),           26178.00,               0.00,               0.00,               0.00,           14838.00
PURVA ENTERPRISES-SOLAPUR,           75286.00,               0.00,               0.00,            1294.00,           47250.00
PUSHKAR PHARMA- SAMBHAJINAGAR-LN,          527045.00,               0.00,               0.00,               0.00,               0.00
PUSHPA MEDICAL - JAMNER,           46938.00,            5896.00,            9423.00,           31619.00,               0.00
PUSHPRAJ MEDICAL - SHIRPUR,           57279.00,           57279.00,               0.00,               0.00,               0.00
Prathama Poly Clinic - Naigaon,           34417.00,            4043.00,               0.00,            7168.00,           23206.00
QUROCEAN HEALTHCARE-NAGPUR,           97020.00,           14935.00,           44156.00,           37929.00,               0.00
R K HEALTHCARE - DOMBIVALI,           19449.00,            4172.00,           15277.00,               0.00,               0.00
R K SURGICAL - NALASOPARA,           30098.00,               0.00,           30098.00,               0.00,               0.00
R S SURGIPHARM PVT LTD - GUJARAT,            3885.00,               0.00,               0.00,               0.00,               0.00
R.J DISTRIBUTORS - UDGIR (THEOGEN) -XX C/B,            5000.00,               0.00,               0.00,               0.00,               0.00
R.K MEDICAL - PALAM-ELDER,           58226.00,               0.00,               0.00,               0.00,               0.00
R.K MEDICAL - PALAM,           29413.00,               0.00,           29413.00,               0.00,               0.00
R.K MEDICAL - PALAM-(AKUMS),           41694.00,               0.00,               0.00,               0.00,               0.00
R.K.DISTRIBUTORS-NANDED,          176791.00,               0.00,           54180.00,           55440.00,           67171.00
R.K.ENTERPRISE - CHIRABAZAR,            1718.00,            1718.00,               0.00,               0.00,               0.00
R.K.HEALTHCARE - CHALISGAON,           83915.00,               0.00,               0.00,               0.00,           24192.00
R.K.MEDICAL (FORT),          124456.00,            3807.00,          110697.00,            9952.00,               0.00
RAAMEDI HEALTHCARE-NALASOPARA XX,           49211.00,               0.00,               0.00,               0.00,               0.00
RADHA AGENCIES-JALNA-ELDER,            1814.00,               0.00,               0.00,               0.00,               0.00
RADHA MEDITECH - ELPHISTONE,             709.00,               0.00,               0.00,               0.00,               0.00
RADHA PHARMA - VASAI,           19003.00,               0.00,               0.00,               0.00,               0.00
RADHAKRUSHNA MEDICALS-YAVATMAL-XX,          138177.00,               0.00,               0.00,               0.00,               0.00
RADHE KRISHNA - WASHIM,           11844.00,               0.00,               0.00,               0.00,               0.00
RADHEY MEDICARE - BHIWANDI-XX,           62121.00,               0.00,               0.00,               0.00,               0.00
RADHEYA MEDICAL - ISLAMPUR -XX,          129261.51,               0.00,               0.00,               0.00,               0.00
RADIANT BIOSCIENCE - TURBHE,          189046.00,           95406.00,           80770.00,           12870.00,               0.00
RAHMANI MEDICAL-NAGPUR-(WINDLAS)-XX,          187112.00,               0.00,               0.00,               0.00,               0.00
RAHUL DISTRIBUTORS - NASHIK,            5321.00,            5321.00,               0.00,               0.00,               0.00
RAHUL PHARMA-WADALA,           16518.00,               0.00,           11012.00,            5506.00,               0.00
RAJ DISTRIBUTORS - NASHIK -XX,          195624.00,               0.00,               0.00,               0.00,               0.00
RAJ MEDICAL AGENCIES-KALHER,             131.00,             131.00,               0.00,               0.00,               0.00
RAJ MEDICAL AGENCIES - JOGESHWARI,           33975.00,           33975.00,               0.00,               0.00,               0.00
RAJ MEDICAL AGENCIES - TASGAON-CADILA,          137945.00,               0.00,               0.00,           32965.00,               0.00
RAJ MEDICOS-DHAD,           47528.00,               0.00,           22659.00,               0.00,           23001.00
RAJ PHARMA - JALGAON(RAHUL),            8978.00,               0.00,               0.00,               0.00,            8978.00
RAJ PHARMACHEM-DEGLUR,           72671.00,               0.00,           37391.00,           13860.00,           21420.00
RAJ SURGICAL - NANDED XX,          148168.73,               0.00,            1000.00,             500.00,               0.00
RAJA RAJESHWARA PHARMA - CHIKALWADI,           85805.00,           23554.00,           19149.00,           22384.00,           20718.00
RAJASTHAN ENTERPRISES - KALACHOWKI,           32612.00,               0.00,           17492.00,               0.00,           15120.00
RAJAWAT DISTRIBUTORS - BHIWANDI,           57202.00,               0.00,           57202.00,               0.00,               0.00
RAJDHAN ENTERPRISES-KOLHAPUR,           47253.00,           19474.00,               0.00,           27779.00,               0.00
RAJDHANI PHARMA - SATARA -LN,           84828.00,               0.00,               0.00,               0.00,               0.00
RAJENDRA CHEMIST - GIRGAON,           12389.00,               0.00,           12389.00,               0.00,               0.00
RAJESH HOSPICARE- SEWREE,           36180.00,           11044.00,            9293.00,           15843.00,               0.00
RAJESH PHARMA-AMRAVATI,           84803.00,               0.00,           27120.00,           43781.00,           13902.00
RAJESH PHARMA -SEWRI,          250616.00,          128602.00,           76906.00,           43795.00,            1313.00
RAJESH PHARMA - SHAHAPUR,           10160.00,            7221.00,            2939.00,               0.00,               0.00
RAJKUMAR AGENCY - NAGPUR-LN,          130809.00,               0.00,               0.00,               0.00,               0.00
RAJLAXMI DIST - Dhayri,           12096.00,               0.00,               0.00,               0.00,           12096.00
RAJLAXMI MEDICAL - MASUR (KARAD),           55081.00,           31607.00,           13362.00,           10112.00,               0.00
RAJMAN PHARMA - AHILYANAGAR,            2055.00,               0.00,               0.00,            2055.00,               0.00
RAJMANE MEDICAL - KALAMB,            2651.00,            2651.00,               0.00,               0.00,               0.00
RAJPUT DISTRIBUTORS-ICHALKARNJI-XX,           79780.00,               0.00,               0.00,               0.00,               0.00
RAJVEER PHARMA - SANGAMNER,            1455.00,               0.00,               0.00,               0.00,               0.00
RAKSHA LIFE SCIENCES - NASIK -xx,          727540.89,               0.00,               0.00,               0.00,               0.00
RAM AGENCY - JALNA,           68040.00,           13860.00,               0.00,           54180.00,               0.00
RAM GENERIC MEDICINE - SANGAMNER,           61641.00,           14771.00,           19831.00,           11262.00,           15777.00
RAM MEDICAL AGENCY - MIRA ROAD,           71579.00,            6143.00,           65436.00,               0.00,               0.00
RAM PHARMA - NANDGAON-LN,          116824.00,               0.00,               0.00,               0.00,               0.00
RAMA SURGICALS-AKOLA,           11322.00,               0.00,               0.00,               0.00,               0.00
RAMAI GENRICO - ULHASNAGAR -xx,           16768.45,               0.00,               0.00,               0.00,               0.00
RAMALAY MEDICARE - NASHIK,           92046.00,            3164.00,           34776.00,           53782.00,               0.00
RAMAN - AMBEJOGAI,          138676.00,           23953.00,           21989.00,           61805.00,           30929.00
RAMCHARAN PHARMA - CHANDRAPUR,          266889.00,           16800.00,          109763.00,           99609.00,           40717.00
RAMESHWAR PHARMA - ULHASNAGAR-XX,          134666.00,               0.00,               0.00,               0.00,               0.00
RAMKRISHNA DIST - AKKALKOT,          121102.00,               0.00,               0.00,            9228.00,           33241.00
RAMNARAYAN ENT - THANE,          266841.00,           31041.00,           53079.00,           61677.00,          121044.00
RAMSONS PHARMA - BHOSARI xx,           24583.00,               0.00,               0.00,               0.00,               0.00
RAMTHAKUR SURGICO - ULHASNAGAR,          117350.00,           32937.00,           50511.00,           33902.00,               0.00
RANJANA DISTRIBUTORS - KOLHAPUR,           19358.00,               0.00,               0.00,               0.00,               0.00
RAPCO (SALE) - PR STR,           -1589.00,               0.00,               0.00,            1680.00,            8138.00
RASHI PHARMA - YAVATMAL,           53660.00,               0.00,               0.00,           48426.00,            1827.00
RASHMI PHARMA - BHAYANDER (stop billing)XX,           59095.12,               0.00,               0.00,               0.00,               0.00
RATNAM PHARMA - AHMEDABAD,           94613.00,               0.00,               0.00,               0.00,               0.00
RATNAPRABHA-PHURSUNGI-XX         .,           75631.52,               0.00,               0.00,               0.00,               0.00
RAUNAK PHARMA - TITWALA,           25736.00,               0.00,           15918.00,               0.00,            9818.00
RAVI ENTERPRISE - DOMBIVALI,            5611.00,               0.00,               0.00,            5611.00,               0.00
RAVI MEDICAL-NAGPUR-XX,           48250.00,               0.00,               0.00,               0.00,               0.00
RAVI PHARMA - AKLUJ,           37226.00,               0.00,               0.00,           22352.00,           14874.00
RAVI PHARMA - AJRA XX,           53928.88,               0.00,               0.00,               0.00,               0.00
RAVI PHARMA - MANGAON,           59302.00,           28004.00,           31298.00,               0.00,               0.00
RAVIRAJ AGENCY - AKOLE,           12146.00,               0.00,               0.00,               0.00,               0.00
RAYAT PHARMA-LOHA-ELDER,           33731.00,               0.00,               0.00,               0.00,               0.00
RAYYAN DIAPER CENTRE - KURLA (DIAPER),           79084.00,               0.00,           79084.00,               0.00,               0.00
RBM PHARMA - KANPUR,           13440.00,               0.00,               0.00,               0.00,               0.00
RBN MEDITECH - PUNE (dont open),           76121.81,               0.00,               0.00,               0.00,             500.00
RBS MEDICIN - LONAND,           47370.00,               0.00,           47370.00,               0.00,               0.00
RBS PHARMACEUTICAL-VASAI X,           13000.00,               0.00,               0.00,            1000.00,             500.00
REAL CHEMIST- MUM 20          .,            8530.00,               0.00,               0.00,               0.00,               0.00
REAL REMEDIES - PR STR,           19012.78,               0.00,             500.00,            2512.78,            1000.00
REDDY PHARMA - LATUR-XX,           52542.81,               0.00,               0.00,               0.00,               0.00
REDDY PHARMA-BHOKAR,           20860.60,               0.00,               0.00,           20861.00,               0.00
REDDYS PHARMA -AHMEDPUR-XX C/B,          103106.98,               0.00,               0.00,               0.00,               0.00
REGAL SALES AGENCIES -  VASAI,            4510.00,               0.00,             100.00,               0.00,               0.00
REKHA MEDICAL - MAZGAON,          177716.00,           13833.00,           73220.00,           46620.00,           44043.00
RELAX MEDICAL - SAMBHAJINAGAR,           15503.00,               0.00,            8288.00,               0.00,            7215.00
RELIANCE MEDICO - AMRAVATI,           17173.00,               0.00,            5977.00,            3956.00,               0.00
REMEDIUM PLUS - KOREGAON,           82836.00,               0.00,               0.00,               0.00,           22572.00
RENUKA DIST - GANESHPUR(WANI),           13974.00,               0.00,               0.00,           13974.00,               0.00
RENUKA SALES-CHANDRAPUR,          188762.00,          123871.00,           54391.00,               0.00,           10500.00
RESONANCE PHARMA - MALAD,           71791.00,           12810.00,           23768.00,             500.00,           34713.00
RIDDHI MEDICAL AGENCY - NASHIK,          438005.00,           64162.00,          214345.00,           88610.00,           23940.00
RIDDHI PHARMA-AMRAVATI,            5342.00,               0.00,            5342.00,               0.00,               0.00
RIDDHI SIDDHI - ICHALKANJI,           33060.00,               0.00,               0.00,               0.00,           16594.00
RIDDHI SIDDHI - CHINCHWAD XX,           66879.00,           24323.00,           42556.00,               0.00,               0.00
RIDDHI SIDDHI PHARMA - JALGAON,           32727.00,               0.00,            9031.00,               0.00,           20974.00
RIDDHI SURGICAL-GHANSOLI,          116073.00,           23956.00,           11865.00,           25179.00,           55073.00
RIDDHISHREE HEALTHCARE - NALASOPARA XX,             959.00,               0.00,               0.00,               0.00,               0.00
RIDDHISHREE HEALTHCARE-BHACHAU(KUTCH),          404045.00,           99083.00,           91735.00,           99847.00,          120942.00
RIDHI SIDHI AGENCIES-RAIPUR-(WINDLAS),           45622.00,               0.00,               0.00,               0.00,               0.00
RIGAL PHARMA-GOREGAON,           19396.00,               0.00,               0.00,               0.00,               0.00
RINI AGENCY-BYCULLA (ALKEM),           48403.00,            5387.00,           14234.00,            8548.00,           20234.00
RISEN LIFE SCIENCES-BHIWANDI (STOP BILLING),           69387.11,               0.00,               0.00,               0.00,               0.00
RISHAB PHARMA - MUMBRA-LN,          141728.00,               0.00,               0.00,               0.00,               0.00
RISHABH MEDICAL STORES-NANDURBAR,           52255.00,               0.00,               0.00,           29474.00,               0.00
RISHABNATH HEALTHCARE - PUNE,          546273.00,               0.00,          358848.00,          187425.00,               0.00
RITA AGENCY - PUNE,           41368.00,               0.00,           10878.00,           16758.00,           13272.00
RITICAL HEALTHCARE - MIRA ROAD,          361700.00,               0.00,           10915.00,               0.00,           27145.00
RIYADH MEDICAL - NORTH SUDAN,         -339482.19,               0.00,               0.00,               0.00,               0.00
RMPL PHARMA LLP (SALE) - MARINE LINES,         1235899.00,          431236.00,          800032.00,               0.00,               0.00
ROHINI PHARMA - FURSUNGI,            7975.00,            7975.00,               0.00,               0.00,               0.00
ROHIT DIST - PARLI,           19000.00,               0.00,               0.00,           12288.00,           -5145.00
ROHIT ENTERPRISES-CHINCHWAD,          101715.00,               0.00,           53945.00,           39926.00,            7844.00
ROHIT PHARMA-KHAMGAON,           17420.00,               0.00,               0.00,               0.00,           17420.00
ROKDESHWAR PHARMA-BALAPUR-KALAMNURI,           64678.00,           18309.00,           13212.00,           33157.00,               0.00
ROMA DISTRIBUTORS - DHULE,           10248.00,               0.00,           10248.00,               0.00,               0.00
RONEFORD HEALTHCARE LLP - BHAYANDER,           61019.00,               0.00,           48631.00,               0.00,           12388.00
ROOPAM MEDICARE - KURLA,           26119.00,               0.00,           26119.00,               0.00,               0.00
ROTATION PHARMACEUTICAL - AMRAVATI,          315487.00,               0.00,           30729.00,          174836.00,           88786.00
ROYAL AGENCY - BHIWANDI,          156758.00,          156758.00,               0.00,               0.00,               0.00
ROYAL CHEMIST-J.J             .,           29988.00,               0.00,               0.00,               0.00,               0.00
ROYAL MEDICAL AGENCIES-NANDED,          191773.00,               0.00,           80816.00,           62759.00,           48198.00
ROYAL MEDICAL (SALE) - ASAN,          160414.00,               0.00,          160414.00,               0.00,               0.00
ROYAL MEDICAL AGENCIES-NANDED-(AKUMS),            2160.00,               0.00,               0.00,               0.00,               0.00
ROYAL MEDICAL AGENCIES-NANDED-ELDER,           30860.00,               0.00,               0.00,               0.00,               0.00
ROYAL PHARMA - AKOLA,           29088.00,           12655.00,               0.00,           16433.00,               0.00
ROYAL PHARMA AGENCIES-NASIK-XX-C/B,           99514.00,               0.00,               0.00,               0.00,               0.00
RUBY HALL CLINIC SERVICES PVT LTD - PUNE,            1030.00,               0.00,               0.00,               0.00,               0.00
RUBY PHARMA - AMBERNATH-XX,           67301.00,               0.00,               0.00,               0.00,               0.00
RUCHA DISTRIBUTOR-PANDHARKAWDA,           61837.00,               0.00,           40463.00,               0.00,               0.00
RUCHA ENTERPRISES - CHEMBUR,           71175.00,           71175.00,               0.00,               0.00,               0.00
RUDRA AGENCIES-WASHIM-XX,          137032.38,               0.00,               0.00,               0.00,               0.00
RUDRA ENT - CHINCHWAD,          149668.00,               0.00,           49140.00,           79202.00,           21326.00
RUDRA PHARMA - KAGAL,           39565.00,               0.00,               0.00,               0.00,           19527.00
RUDRA PHARMA-MOWAD,          188794.00,               0.00,          127718.00,               0.00,           61076.00
RUDRA PHARMA - ULHASNAGAR,          407266.00,               0.00,           11000.00,          126655.00,           71170.00
RUDRAKSH PHARMA - NASIK,          258777.00,               0.00,           56742.00,           95722.00,          106313.00
RUDRANI MEDICAL - WALUNJ,           63079.00,           47612.00,               0.00,           15467.00,               0.00
RUGVED PHARMA-PUNE -XX,           16000.00,               0.00,               0.00,               0.00,               0.00
RUPESH AGENCIES-LATUR,           38929.00,               0.00,           26070.00,           12859.00,               0.00
RUSHABH PHARMA- AKOLA-XX,           63892.00,               0.00,               0.00,               0.00,             500.00
RUSHABH PHARMA -THANE,            3307.00,               0.00,            2189.00,               0.00,               0.00
RUSHABH PHARMA-AKOLA-AKUMS-XX,            1000.00,               0.00,               0.00,               0.00,               0.00
RUSHABH SUR - SADASHIV PETH,           54564.00,           18178.00,           36386.00,               0.00,               0.00
RUSHI PHARMA - TAKLI DHOKESHWAR,          136289.00,           18182.00,           46769.00,           40110.00,           31228.00
RUSHIKRUPA AGENCY-GHEVRAI(BEED),           42767.00,               0.00,           36443.00,            6324.00,               0.00
RUSHIL PHARMA - BHUSAWAL,          106460.00,           37795.00,           18386.00,           50279.00,               0.00
RUTVIKART - TALEGAON,          155967.00,           23896.00,           68244.00,           27066.00,           36761.00
RX PHARMA - LATUR,           10352.00,               0.00,            5469.00,            4883.00,               0.00
RX TO GX PHARMA,           52575.00,               0.00,               0.00,           52575.00,               0.00
RYTOZ INDIA PVT LTD - CHINCHWAD-LN,           35814.00,               0.00,               0.00,               0.00,               0.00
Ramesh Medical & General Store- JALNA,            1903.00,               0.00,               0.00,               0.00,               0.00
S D INDIA MEDICARE - DOMBIVALI XX,          501944.00,             500.00,             500.00,            1000.00,            3500.00
S K PHARMA - BODWAD,           14919.62,               0.00,               0.00,             643.62,               0.00
S M PHARMA - NANDED,           52005.00,           18734.00,               0.00,           23557.00,            9714.00
S N PHARMA-NAGPUR,          220281.00,            6027.00,           12305.00,            5040.00,          196909.00
S P PHARMA - DADAR,           13833.00,               0.00,            4725.00,            7310.00,               0.00
S P PHARMA-MANKHURD-XX,           22741.32,               0.00,               0.00,               0.00,               0.00
S.A.CORPORATION - PRINCESS STREET,           12600.00,           12600.00,               0.00,               0.00,               0.00
S.A.MEDICAL - NALASOPARA,           39840.00,               0.00,           14395.00,           23229.00,               0.00
S.A.S KIDS WEAR-MUMBRA (DIAPERS),            2608.00,               0.00,            2608.00,               0.00,               0.00
S.D.P MEDICAL - DHULE,            3068.45,               0.00,             500.00,            1219.45,               0.00
S.F MARINE OFSHORE- MASJID BUN.,               0.00,               0.00,               0.00,               0.00,               0.00
S.G ENTERPRISE - NERUL XX,          248429.43,               0.00,               0.00,               0.00,               0.00
S.G.ENT - NALASOPARA XX,           37654.00,               0.00,          -59919.00,           35154.00,               0.00
S.HIMATLAL HEALTHCARE LLP (SALE),          612372.00,               0.00,               0.00,           64050.00,           99751.00
S.K AGENCY - NASIK-LN,           69395.09,               0.00,               0.00,               0.00,               0.00
S.K DISTRIBUTORS-NERUL-XX,           29730.00,               0.00,               0.00,               0.00,               0.00
S.K PHARMA - BHIWANDI XX,            1456.00,               0.00,               0.00,               0.00,               0.00
S.K PHARMA - WARJE,           72085.00,            6678.00,           38509.00,               0.00,           26898.00
S.K.PHARMA - GOA,           79922.00,           18900.00,            8274.00,           52748.00,               0.00
S.M AGENCIES-PALAM,          139268.00,           23931.00,           48270.00,           12441.00,           32570.00
S.M. PHARMA & SURGICAL - KATRAJ,           13445.00,            6767.00,               0.00,            6678.00,               0.00
S.MATHURADAS (SALE) - PR STR,            1605.00,               0.00,            1605.00,               0.00,               0.00
S.N.PHARMA-AHMEDPUR (NEW GST),           14255.00,               0.00,               0.00,           14255.00,               0.00
S.PHARMA - PUSAD,          161982.00,           17316.00,           61912.00,           45068.00,           37686.00
S.R.ENTERPRISES-KOPARKHAIRANE -XX,           67053.00,               0.00,               0.00,               0.00,               0.00
S.R.PHARMAHUB - MAZGAON-LN,           78320.00,               0.00,               0.00,               0.00,               0.00
S.R.PHARMATECH - NAGPUR,           34049.00,               0.00,           34049.00,               0.00,               0.00
S.R.PHARMA - PR STR-XX,           15801.00,               0.00,               0.00,               0.00,               0.00
S.S.DIST - MADHAVNAGAR,           17663.00,               0.00,               0.00,               0.00,               0.00
S.S.MEDICOS-CHANDRAPUR,           41858.00,            1000.00,            1000.00,               0.00,            1500.00
S.S.PHARMA - KOLHAPUR,           51153.00,               0.00,           15519.00,           31037.00,            4597.00
SAANVI PHARMA-GHANSOLI ERIS -XX,          228730.00,               0.00,               0.00,               0.00,               0.00
SAAVI PHARMA - KAPURAVHOL XX,             500.00,               0.00,               0.00,               0.00,             500.00
SACHIDANAND PHARMACEUTICAL-NANDED,           13849.00,               0.00,            3683.00,               0.00,           10166.00
SACHIN ENTERPRISES-AKOLA,          115173.00,               0.00,          115173.00,               0.00,               0.00
SADGURU KRUPA - NERUL(CASH ONLY)- XX,           15299.00,               0.00,               0.00,               0.00,               0.00
SADGURU MEDICAL - SHIKRAPUR,           47421.00,               0.00,               0.00,           26392.00,               0.00
SAEEL DIST - RAJGURUNAGAR X,          223366.00,               0.00,               0.00,            1000.00,            2500.00
SAFE CARE PHARMA - DIWA (NEW),          328638.40,               0.00,               0.00,           43341.00,               0.00
SAFELIFE PHARMA - ULWE,          224722.00,          103432.00,           44312.00,           55688.00,           21290.00
SAGAR ENTERPRISES - DAWA BAZAR (SALE),          292626.00,          233893.00,           58733.00,               0.00,               0.00
SAGAR ENTERPRISE - SAMBHAJINAGAR-XX,           17368.97,               0.00,               0.00,               0.00,               0.00
SAGAR PHARMA & SURGICAL - NANDED,           74155.00,           12212.00,               0.00,            7139.00,           54804.00
SAHARA MEDICAL AGENCIES - NANDED,           29146.00,           12177.00,           16969.00,               0.00,               0.00
SAHARA SURGICAL-BULDHANA-CONCEPT,            7634.00,               0.00,               0.00,               0.00,               0.00
SAHIL ENTERPRISES-CURREY ROAD,           63133.00,               0.00,           63133.00,               0.00,               0.00
SAHIL PHARMA-KALEWADI-XX,          320242.28,               0.00,               0.00,               0.00,               0.00
SAHIL SERVICES - DHANKAWADI (PUNE),           15026.00,           11104.00,               0.00,            3922.00,               0.00
SAHYADRI AGENCY - MAJALGAON,          114540.00,               0.00,           53702.00,           40487.00,            4814.00
SAHYADRI MEDICAL - MOSHI,           10054.00,               0.00,           10054.00,               0.00,               0.00
SAHYADRI MEDICAL-BULDHANA-XX,           39224.89,               0.00,               0.00,               0.00,               0.00
SAHYADRI MEDICARE - KOLHAPUR,           21084.00,               0.00,               0.00,               0.00,               0.00
SAHYADRI PHARMA- THERGAON,          396129.00,               0.00,          179376.00,           65077.00,          122617.00
SAI AGENCIES - MURUD (ALIBAG),           45264.00,           42334.00,               0.00,               0.00,            3770.00
SAI ARIHANT (ANAND) - WAGHOLI,           84537.00,               0.00,           57237.00,               0.00,               0.00
SAI BABA AGENCIES-AMRAVATI-XX,           10615.00,               0.00,               0.00,             500.00,               0.00
SAI CARE PHARMA - NAGPUR,            7093.00,               0.00,               0.00,               0.00,               0.00
SAI DISTRIBUTORS - PUNE,            1000.00,               0.00,               0.00,             500.00,             500.00
SAI DISTRIBUTORS - NALASOPARA,          152853.00,            5718.00,           37646.00,           69188.00,           40301.00
SAI HEALTHCARE-VAIJAPUR(AURNGABAD),            4410.00,               0.00,               0.00,               0.00,            4410.00
SAI KRUPA MEDI AGENCY-AKOLA,          144794.00,           16279.00,           53513.00,           58942.00,           16060.00
SAI KRUPA AGENCIES  - ULHASNAGAR,          360063.00,           68697.00,           59561.00,          180090.00,           51715.00
SAI LEELA ENT - NASIK,           47762.00,            3675.00,           30468.00,           13619.00,               0.00
SAI MEDICAL - HALI KHURD(LATUR)-STOP-LN,          181018.00,               0.00,               0.00,               0.00,               0.00
SAI MEDICAL - K.MAHAKAL-XX,           23000.00,               0.00,               0.00,               0.00,               0.00
SAI MEDICARE - HADAPSAR-LN,          358757.00,               0.00,               0.00,               0.00,               0.00
SAI MEDILINK - PUNE,           24649.00,               0.00,               0.00,           24649.00,               0.00
SAI PHARMA -AMBERNATH,           82112.00,           16104.00,           39796.00,           16996.00,            9216.00
SAI PHARMACEUTICALS - MANCHAR  -adv XX,           74008.00,               0.00,               0.00,               0.00,               0.00
SAI PHARMA - HADAPSAR,           19978.00,               0.00,           19978.00,               0.00,               0.00
SAI PHARMACEUTICAL - HAVELI-LN,          148219.00,               0.00,               0.00,               0.00,               0.00
SAI PHARMA - NANDED-LN,           53128.00,               0.00,               0.00,               0.00,               0.00
SAI PHARMA WHOLESALE-SINNAR,           22228.00,            7491.00,           14737.00,               0.00,               0.00
SAI PHARMA-WORLI,            3485.00,               0.00,               0.00,             872.00,             699.00
SAI PREM HEALTHCARE-KALYAN-E,           22379.00,               0.00,           -3000.00,               0.00,           25379.00
SAI SAMARTH - CHALISGAON,           38926.00,               0.00,           20178.00,           18748.00,               0.00
SAI SHRADDHA ENTERPRISES - SAMBHAJINAGAR,           49917.15,               0.00,               0.00,               0.00,               0.00
SAI SHRADDHA ENTERPRISES-KOPARKHAIRANE,            8636.00,               0.00,               0.00,               0.00,               0.00
SAI SIDDHI PHARMA - RASHIN,           65105.00,               0.00,               0.00,               0.00,               0.00
SAI SURGICALS - NALASOPARA -XX CLOSE SHOP,           11700.00,               0.00,               0.00,               0.00,               0.00
SAI VENKATESHWARA - KINWAT - XX,            2410.00,               0.00,               0.00,               0.00,               0.00
SAIDATTA PHARMA - YEOLA,           22205.00,               0.00,            8777.00,               0.00,               0.00
SAIDEEP DISTRIBUTORS - CHOPDA,           28221.00,               0.00,            6250.00,           21971.00,               0.00
SAIDHAM - GONDIA,           58097.00,           37793.00,            1819.00,               0.00,           18485.00
SAIFEE PHARMA-GULALWADI,           28614.00,            5145.00,           23469.00,               0.00,               0.00
SAIKRIPA AGENCIES - JARIPATKA(NAGPUR)-XX,           53976.58,               0.00,               0.00,               0.00,               0.00
SAIKRIPA DISTRIBUTORS - NAGPUR,            3279.00,               0.00,               0.00,               0.00,               0.00
SAIKRIPA DISTRIBUTORS - SANPADA,          313061.00,           54761.00,          127917.00,           53805.00,           76578.00
SAIKRUPA MEDICALS - KOPERGAON,            9438.00,               0.00,            5196.00,               0.00,            4242.00
SAIKRUSHNA ENTERPRISES-NASIK,           10572.00,               0.00,           10572.00,               0.00,               0.00
SAILAXMI AGENCY-GONDIA,           51040.00,               0.00,               0.00,           51040.00,               0.00
SAINATH AGENCIES - MURUD(LATUR),          250677.00,               0.00,           77662.00,           92935.00,           80080.00
SAINATH DISTRIBUTORS- BASMAT,           53494.00,           34157.00,           19337.00,               0.00,               0.00
SAINATH MEDICOS - NAGPUR,           55440.00,               0.00,           44100.00,           11340.00,               0.00
SAINATH MEDICO-KALAMBOLI,          177870.00,           87775.00,            2000.00,           88095.00,               0.00
SAINATH PHARMA - MUNDHE(KARAD),           51239.00,           10689.00,               0.00,           40550.00,               0.00
SAIPRASAD - NANDED- GST,           44848.00,               0.00,           15500.00,           12075.00,           17273.00
SAIRAM AGENCIES - AHMADPUR(LATUR),            9499.00,               0.00,               0.00,               0.00,            7499.00
SAISHRUTI MEDICAL - GADCHIROLI-XX,            7294.00,               0.00,               0.00,               0.00,               0.00
SAISMITA HEALTHCARE-SEWREE,           12428.05,               0.00,               0.00,             536.05,               0.00
SAKSHI PHARMA - NASIK,           51257.00,               0.00,               0.00,               0.00,           51257.00
SALASAR MEDICAL & SURGICAL - NANDED,          133862.00,            2415.00,           53675.00,           20701.00,           45731.00
SALASAR PHARMACEUTICALS-NAGPUR,            4684.00,               0.00,            4684.00,               0.00,               0.00
SAMARATH MULTIBIZ INDIA - SAMBHAJINAGAR,          482684.00,           90768.00,          138902.00,           86855.00,          166159.00
SAMARTH (YASHWANT) - SAMBHAJINAGAR,           29132.00,               0.00,           26082.00,               0.00,               0.00
SAMARTH ENTERPRISES-HADAPSAR-XX,           22907.00,               0.00,               0.00,               0.00,               0.00
SAMARTH MEDICAL -SINNAR,           89953.00,               0.00,           47693.00,           42260.00,               0.00
SAMARTH MEDICAL - BEED,            2550.00,            2550.00,               0.00,               0.00,               0.00
SAMARTH MEDICARE - CHINCHWAD,           16705.00,               0.00,               0.00,           16705.00,               0.00
SAMARTH PHARMA-(SIONI-ARCO)AKOLA-XX,          121155.27,               0.00,               0.00,               0.00,             500.00
SAMARTH SURGIMED - MANKHURD,           23681.00,               0.00,               0.00,           23681.00,               0.00
SAMARTHKRUPA (NEW)-SATPUR XX,          166551.00,               0.00,               0.00,               0.00,               0.00
SAMBHAV AGENCY - PUNE,           40245.00,               0.00,           13929.00,            7682.00,           18634.00
SAMEER AGENCY - JALGAON-XX CLOSE,            8081.00,               0.00,               0.00,               0.00,               0.00
SAMEER PHARMA & SURGICALS-PUNE,            1063.00,               0.00,               0.00,               0.00,               0.00
SAMIKSHA PHARMA -NASIK -XX(CLOSED),           63877.00,               0.00,               0.00,               0.00,               0.00
SAMINDER MEDICAL - LOHA,          240657.00,           68768.00,           80745.00,           83144.00,            8000.00
SAMPADA PHARMA-TAKLI DHOKESHWAR,            5682.00,               0.00,               0.00,               0.00,            5682.00
SAMRAT MEDICOSE - NAGPUR,           99348.00,           35993.00,           11038.00,           45851.00,            6466.00
SAMRAT PHARMA - PIMPALGAON,           41224.00,           18900.00,           22324.00,               0.00,               0.00
SAMRIDDHI MEDICAL STORE-KANPUR-XX,           22741.00,               0.00,               0.00,               0.00,               0.00
SAMRUDDHI PHARMA - MIRA ROAD,          108887.00,               0.00,               0.00,           42932.00,               0.00
SANDEEP MEDICOS - AHILYANAGAR,            7050.00,               0.00,            5513.00,               0.00,               0.00
SANDESH PHARMA - WADI,          223429.00,               0.00,           82934.00,          129470.00,           11025.00
SANDHYA MEDICAL AGENCY-NAGPUR,           67839.00,               0.00,           41255.00,               0.00,           24424.00
SANGAM MEDICAL - SAONER-XX,           68243.00,               0.00,               0.00,               0.00,             500.00
SANGAMESHWAR PHARMA - INDI(VIJAYAPUR)-LN,           42162.00,               0.00,               0.00,               0.00,               0.00
SANGEETA TRADING COMPANY-VIRAR,           29880.00,            7102.00,           12761.00,            8820.00,               0.00
SANGEWAR AGENCIES-LOHA,           48442.00,            4283.00,           10568.00,           33591.00,               0.00
SANGEWAR PHARMA-NANDED,           10000.00,               0.00,               0.00,               0.00,               0.00
SANGITA MEDICAL AND GENERAL STORES - MALEGAO,           11333.00,               0.00,           11333.00,               0.00,               0.00
SANIVEX HEALTHCARE PRIVATE LIMITED-GUJARAT,           57750.00,               0.00,               0.00,               0.00,               0.00
SANIYA DISTRIBUTORS - PANVEL,          152807.00,           37594.00,           85449.00,           29764.00,               0.00
SANJARIV PHARMA - NAGPUR,           90045.00,               0.00,           52779.00,           30420.00,            6846.00
SANJAY AGENCIES-ASHTI         .,            6495.00,            6495.00,               0.00,               0.00,               0.00
SANJAY AGENCIES - MALAD,            9326.00,            3373.00,            5953.00,               0.00,               0.00
SANJAY MEDICO - MIRAJ,          320303.00,               0.00,           69002.00,          147638.00,           63578.00
SANJAY SALES - GOA-LN,          154510.45,               0.00,               0.00,               0.00,               0.00
SANJAY TRADERS-AKOLA      .,           21810.00,           13937.00,               0.00,            7873.00,               0.00
SANJEEVANI SALES - ALIBAG,           19884.00,               0.00,           19884.00,               0.00,               0.00
SANJEEVANI PHARMACHEM-NANDED-XX,           38672.14,               0.00,               0.00,               0.00,               0.00
SANJEEVANI GENERIC - BOISAR,           35047.00,               0.00,               0.00,            5678.00,           29369.00
SANJEEVANI DISTRI - GHATKOPAR,           31411.00,               0.00,            9931.00,           21480.00,               0.00
SANJEEVANI(SACHIN)-KOLHAPUR-XX,            7694.00,               0.00,               0.00,               0.00,               0.00
SANJIVANI GENRIC - BADLAPUR,           18129.00,               0.00,           12003.00,            6126.00,               0.00
SANJIVANI SURGICAL DIST - THANE,           22945.00,               0.00,           13268.00,            9677.00,               0.00
SANKATESHWAR MEDICAL DISTRIBUTOR (NUBENO),            7739.00,               0.00,               0.00,               0.00,            7739.00
SANKET PHARMA - PRABHADEVI,           90647.00,               0.00,           39606.00,               0.00,           35469.00
SANKET PHARMA - AKOLA,           43470.00,               0.00,               0.00,           43470.00,               0.00
SANMATI - CHINCHWAD,          120310.00,            3465.00,           24669.00,           30902.00,           61274.00
SANMITRA PHARMA - KANDIVALI,           11301.00,               0.00,           11301.00,               0.00,               0.00
SANT GADGE BABA - KHAMGAON,           15660.00,           15660.00,               0.00,               0.00,               0.00
SANTACRUZ MEDICAL STORES - SANTACRUZ,            2363.00,               0.00,               0.00,               0.00,               0.00
SANTOSH PHARMA-MIRAJ-XX-C/B,          291514.10,               0.00,               0.00,               0.00,               0.00
SANTOSH SURGICALS - KOLHAPUR,           23867.00,           23867.00,               0.00,               0.00,               0.00
SANVI GENERICS PHARMA-KALWA(ERIS)CLOSE-LN,          358407.00,               0.00,               0.00,               0.00,               0.00
SARA MEDICAL - VELAPUR,            9424.00,               0.00,               0.00,            9424.00,               0.00
SARASWATI DISTRIBUTORS - KALYAN,          113909.00,               0.00,               0.00,           98115.00,           15794.00
SARASWATI PHARMA - SAMBHAJINAGAR,           55481.00,               0.00,               0.00,               0.00,               0.00
SARASWATI DIST - LATUR,          155248.00,               0.00,               0.00,               0.00,           82462.00
SARITA DIST - BHAYANDAR,           40302.00,           11347.00,           17311.00,           11644.00,               0.00
SARTHAK PHARMA-MUMBAI,            1995.00,               0.00,               0.00,               0.00,            1995.00
SARTHAK PHARMA - CHANDUR BAZAR,           23135.00,               0.00,           15384.00,               0.00,               0.00
SARTI MEDICO-THERGAON -LN,          325358.00,               0.00,               0.00,               0.00,               0.00
SARVADNYA PHARMA - DINDORI -XX,          104162.99,               0.00,               0.00,               0.00,               0.00
SARVADNYA PHARMA - MEHKAR,           53477.00,               0.00,           36415.00,               0.00,           17062.00
SARVADNYA MEDICAL-AHILYANAGAR - XX,           81953.00,               0.00,               0.00,               0.00,               0.00
SARVARTH AGENCIES - NASIK -XX,           31328.00,            4804.00,           26524.00,               0.00,               0.00
SARWADHNYA MEDICAL AGENCY-BULDHNA-CONCEPT,           12335.00,               0.00,               0.00,               0.00,               0.00
SATGURU MEDI AGENCIES-NAGPUR,            2115.00,               0.00,               0.00,               0.00,               0.00
SATGURU MEDICO (NEW)-ULHASNAGAR,           18084.00,            8105.00,               0.00,            9484.00,             495.00
SATGURU PHARMA - DOMBIVALI,           10500.00,               0.00,               0.00,               0.00,               0.00
SATGURU SURGIVAC - AMRAVATI,           23327.00,               0.00,               0.00,           17111.00,               0.00
SATISH MEDICAL-AHILYANAGAR,          143493.00,           18502.00,           13431.00,           65535.00,           46025.00
SATISH MEDICAL-PUNE,          313707.00,               0.00,           68645.00,          136253.00,          108809.00
SATNAM DRUG (RAJABHAI) - ULHASNAGAR-CONCEPT,          112430.00,               0.00,               0.00,               0.00,               0.00
SATNAM DRUG (RAJABHAI) - ULHASNAGAR (NEW),          616390.00,            3649.00,           92158.00,            1000.00,           70069.00
SATNAM HEALTH-AMBERNATH (KAMLESH)-XX,          493573.48,               0.00,               0.00,               0.00,               0.00
SATYAM MEDICAL WHOLESALE - ULHASNAGAR,          182284.00,               0.00,          179069.00,               0.00,               0.00
SAVA HEALTHCARE LIMITED - PUNE,          270996.06,           74803.00,          194055.00,           -5708.00,            4120.70
SAWAI SURGICAL AND DISTRIBUTORS - PUNE (ADV),            1559.00,               0.00,               0.00,               0.00,               0.00
SAWALE MEDICAL - HINGOLI,          163567.00,               0.00,           57197.00,           28341.00,           50394.00
SAYAS PHARMA PVT.LTD-PUNE - XX,          140923.00,               0.00,               0.00,               0.00,               0.00
SAYMA MEDICAL-BHOKAR-XX,           62987.26,               0.00,               0.00,               0.00,               0.00
SB PHARMA - NALASOPARA,           58860.00,               0.00,               0.00,           41467.00,               0.00
SEEMA AGENCIES-YAVATMAL,            4958.00,               0.00,            4958.00,               0.00,               0.00
SEJAL DIST - AHILYANAGAR,           48984.00,               0.00,           48984.00,               0.00,               0.00
SERAMIC PHARMACEUTICALS - KONGAON,          179299.00,           59882.00,          126730.00,           53451.00,          -48315.00
SERTURNER LABS PVT.LTD.- BORIVALI-XX,           13079.00,               0.00,               0.00,               0.00,               0.00
SERVICE PHARMA - VIRAR        .,           36143.00,               0.00,           36143.00,               0.00,               0.00
SEVA PHARMA - HIMAYATNAGAR,          103130.00,           32296.00,           46292.00,           14763.00,            9779.00
SEVA SURGINET & MEDICOS-NASIK,            4248.00,               0.00,               0.00,               0.00,               0.00
SEVA SURGICAL AND DRUG - NAGPUR,           32688.00,               0.00,           32688.00,               0.00,               0.00
SEVEN HEALTHCARE - POWAI-XX,           22002.91,               0.00,               0.00,               0.00,               0.00
SHAFIYA BABY CARE SHOP-MUMBRA,            5544.00,            5544.00,               0.00,               0.00,               0.00
SHAH MEDICAL - VADUJ,           14337.00,               0.00,           14337.00,               0.00,               0.00
SHAH SURGICALS - SION         .,            1699.00,            1699.00,               0.00,               0.00,               0.00
SHAH TRADING - NALASOPARA,          214445.00,           65982.00,           25552.00,          122911.00,               0.00
SHAHEEN PHARMA-NANDED-(AKUMS),            2160.00,               0.00,               0.00,               0.00,               0.00
SHAHEEN PHARMA-NANDED,          146587.00,           38587.00,           59440.00,            3612.00,           44948.00
SHAHIN TRADERS - NANDED,           51646.00,               0.00,           23163.00,           16387.00,               0.00
SHAKTHI PHARMA AGENCIES - Telangana,           12058.00,               0.00,           12058.00,               0.00,               0.00
SHAKTI REMEDIUM LLP - KALBADEVI,          205067.00,           56234.00,           85761.00,           20079.00,           41582.00
SHALIBHADRA - GOREGAON,          317098.00,           41154.00,          166323.00,          109621.00,               0.00
SHAMSHARVARI PHARMA - NASIK-XX,           20686.34,               0.00,               0.00,               0.00,               0.00
SHANKAR MEDICAL - AKLUJ,          287915.00,           44287.00,          148216.00,           26626.00,           68786.00
SHANKAR PHARMA - MUKHED,           66970.00,           48100.00,           18870.00,               0.00,               0.00
SHANKHESHWAR - VASAI XX,             118.00,               0.00,               0.00,               0.00,               0.00
SHARADA ENTERPRISES - KALYAN-XX,           59921.61,               0.00,               0.00,               0.00,               0.00
SHARDHA DISTRIBUTOR-WADALA - XX,           12455.00,               0.00,               0.00,               0.00,               0.00
SHASHI ENTERPRISE - CHINCHWAD,           62335.00,               0.00,           18044.00,           11701.00,               0.00
SHASHI MEDICOSE - GADCHIROLI,            4711.00,               0.00,               0.00,               0.00,               0.00
SHASHIMOHAN MEDICAL - KAMPTEE(ERIS)-XX,          235307.00,               0.00,               0.00,               0.00,               0.00
SHASHIMOHAN MEDICAL - KAMPTEE-XX-LN,           11202.00,               0.00,               0.00,               0.00,               0.00
SHASHWAT PAHRMACEUTICAL-MALEGAON-LN,          244267.00,               0.00,               0.00,               0.00,               0.00
SHATAYUSHI HEALTHCARE- YAVATMAL,           68682.00,           19295.00,           15552.00,           19006.00,           14829.00
SHAURYA PHARMA- WARDHA,            7817.00,            7817.00,               0.00,               0.00,               0.00
SHEETAL DISTRIBUTORS-SAMBHAJINAGAR,            1565.00,               0.00,               0.00,            1565.00,               0.00
SHEETAL PHARMA AND LIFECARE-JJ,             249.00,               0.00,               0.00,               0.00,               0.00
SHEKHAR MEDICO - BHOSARI,          217651.00,          -57588.00,           44129.00,          192522.00,           38588.00
SHIFA PHARMA - KONDHWA -XX-C/B,           17808.00,               0.00,               0.00,               0.00,               0.00
SHIV AGENCIES - KADA AHILYANAGAR,          103441.00,               0.00,           39330.00,           11293.00,           37738.00
SHIV AGENCY - AHMEDPUR-XX-C/B,          548174.19,               0.00,               0.00,               0.00,             500.00
SHIV ENTERPRISES - NANDED,          365600.00,            9923.00,               0.00,          268380.00,           87297.00
SHIV KRUPA - PUNE - XX,         2174875.00,               0.00,               0.00,               0.00,               0.00
SHIV MEDICAL - DEHUROAD-PUNE,           30735.00,               0.00,            6930.00,           13493.00,               0.00
SHIV MEDILIFE PHARMA - MOHAL,           11999.00,               0.00,            8389.00,               0.00,               0.00
SHIV PHARMA-KHADKI-AKOLA XX,          105940.00,               0.00,               0.00,               0.00,               0.00
SHIV PHARMA - VAIJAPUR-XX,           42430.00,               0.00,               0.00,               0.00,               0.00
SHIV PHARMACEUTICALS - JAMKHED,          245399.80,               0.00,             500.00,           27476.00,           14562.00
SHIV SAI ENTERPRISES-GOREGAON-XX,           15719.00,               0.00,               0.00,               0.00,               0.00
SHIV SAI ENTERPRISES-BHANDUP,          121460.00,           42089.00,           16106.00,           29737.00,           33528.00
SHIV SAI HEALTHCARE-AMBERNATH-LN,          127499.00,               0.00,               0.00,               0.00,               0.00
SHIV SURGICAL - ULWE,           33716.00,           33716.00,               0.00,               0.00,               0.00
SHIV SURGICALS - RAHATANI,           22649.00,               0.00,               0.00,               0.00,           22649.00
SHIV SURGICAL - KUWARBAO,            9504.00,               0.00,               0.00,          -18263.00,           27767.00
SHIVA MEDICAL - BOISAR,          220887.00,           61394.00,           87408.00,           71085.00,            1000.00
SHIVAM MEDICAL AGENCY - WADALA,           18604.00,            3578.00,            7513.00,            7513.00,               0.00
SHIVAM MEDICOSE- CHIKHLI,           18988.00,            4699.00,           14289.00,               0.00,               0.00
SHIVAM MEDICAL AGE-AMRAVATI,           18556.00,            5427.00,            8026.00,               0.00,            5103.00
SHIVAM PHARMA - VIJAPURA-XX,          114617.43,               0.00,               0.00,               0.00,               0.00
SHIVAM PHARMA-BORIVALI-W  MANAN .,          103871.00,           20790.00,           13010.00,           59151.00,           10920.00
SHIVANSH HEALTHCARE - KALYAN,          -11853.00,               0.00,               0.00,               0.00,               0.00
SHIVANSH PHARMA - PHALTAN-XX,          184741.00,               0.00,               0.00,               0.00,             500.00
SHIVANSH PHARMA - CHAKAN(RAJGURUNAGAR),           42817.00,               0.00,               0.00,               0.00,             500.00
SHIVANYA MEDICAL AGENCY - NAIGAON,           71121.00,               0.00,           38914.00,           13307.00,           18900.00
SHIVKRIPA ENT - THANE,          164104.00,            9922.00,           65138.00,            6698.00,           17391.00
SHIVKRUPA MEDICAL - YAVATMAL,           22869.00,               0.00,           13548.00,            9321.00,               0.00
SHIVKRUPA PHARMA - NASIK,           -2468.00,               0.00,               0.00,           -2468.00,               0.00
SHIVKRUPA MEDICAL-NARHE -XX,          205852.00,               0.00,               0.00,               0.00,               0.00
SHIVKRUPA - SAKOLI,           10926.00,               0.00,               0.00,           10926.00,               0.00
SHIVKRUPA AGENCIES - CHANDRAPUR,           32675.00,           23417.00,               0.00,            9258.00,               0.00
SHIVKRUPA MEDICAL - PACHORA,           54240.00,               0.00,           35300.00,           18940.00,               0.00
SHIVMARTAND HEALTHCARE- PADGHA XX,            1000.00,               0.00,            1000.00,               0.00,               0.00
SHIVRAY PHARMA-RISOD,          146546.00,           37290.00,           31150.00,           30819.00,           47287.00
SHIVSAI AGENCY-NANDED-CLOSE-LN,           22925.00,               0.00,               0.00,               0.00,               0.00
SHIVSAI AGENCY - CHINCHWAD XX,          309695.00,               0.00,            2000.00,            1000.00,               0.00
SHIVSAI PHARMA - JALGAON -XX,          241816.00,               0.00,               0.00,               0.00,               0.00
SHIVSAMARTH PHARMACEUTICALS- AKUMS-XX,           29271.44,               0.00,               0.00,               0.00,               0.00
SHIVSHAHI DISTRIBUTORS - OSMANABAD,           45510.00,               0.00,               0.00,               0.00,               0.00
SHIVSHAMBHU AGENCIES-DIGRAS-XX,           99451.87,               0.00,               0.00,               0.00,             500.00
SHIVTRITH ENT - AKLUJ XXXX,           22509.00,               0.00,               0.00,               0.00,               0.00
SHLOK MEDICAL - NANDED,          112481.00,           18975.00,           35048.00,           27287.00,           31171.00
SHOURYA PHARMA-KATOL-XX,           13525.00,               0.00,               0.00,               0.00,               0.00
SHRADDHA MEDICAL-CHIKHALI,           29058.00,            3862.00,            7625.00,           17571.00,               0.00
SHRADHA DISTRIBUTORS - UDGIR,           69709.00,               0.00,           43164.00,           11860.00,           14685.00
SHRAVAN PHARMA - AKLUJ,          170088.00,               0.00,           25798.00,           54431.00,           79346.00
SHRDHA AGENCIES - GEORAI XX,           20976.00,               0.00,               0.00,               0.00,               0.00
SHREE KRISHNA HEALTHCARE - DOMBIVALI,           81408.00,           49606.00,           31802.00,               0.00,               0.00
SHREE LAXMI PHRMA - VIRAR,           92006.00,               0.00,           16274.00,           31515.00,           15375.00
SHREE MAHALAKSHMI MEDICAL - AMARAVATI,            2377.00,               0.00,            2377.00,               0.00,               0.00
SHREE PARVATI DISTRIBUTORS - KHALAPUR,            7059.00,            7059.00,               0.00,               0.00,               0.00
SHREE SAI GANESH ENTERPRISES - HADPASAR,           93860.00,               0.00,               0.00,               0.00,               0.00
SHREEJI SURGICAL - DAWA BAZAAR (DIAPER),            7245.00,            4347.00,            2898.00,               0.00,               0.00
SHREESHA PHARMACEUTICALS - MOSHI,           26843.00,           10293.00,           16550.00,               0.00,               0.00
SHRENI (NEW) - KARAD,           18087.00,               0.00,               0.00,               0.00,               0.00
SHREYA MEDICAL-UDGIR-XX,           76288.00,               0.00,               0.00,               0.00,               0.00
SHREYAAN MEDICINE DISTRIBUTOR - AKKALKOT,           10476.00,               0.00,           10979.00,               0.00,            -503.00
SHREYANSH PHARMA - PUNE,           70518.00,               0.00,           49413.00,           21105.00,               0.00
SHREYASH MEDICO - THANE,            5376.00,            5376.00,               0.00,               0.00,               0.00
SHREYASH PHARMA-MANORA(WASHIM)- XX,          105201.58,               0.00,               0.00,               0.00,               0.00
SHRI ADITYA DISTRIBUTORS-PARLI,          281863.00,               0.00,           92590.00,           91388.00,           45034.00
SHRI AGENCIES - UMRED,           13828.00,               0.00,           11106.00,               0.00,            2722.00
SHRI AGENCY - THERGAON,           65677.00,               0.00,           42196.00,               0.00,           23481.00
SHRI AGENCIES-YAVATMAL,           28042.33,               0.00,               0.00,               0.00,               0.00
SHRI ANAND PHARMA-CHINCHWAD,            6180.00,            6180.00,               0.00,               0.00,               0.00
SHRI ASHIRWAD PHARMA - SADAVALI,          122429.00,               0.00,               0.00,               0.00,               0.00
SHRI ASHIRWAD PHARMA - SHAHUWADI -XX,          120823.00,               0.00,               0.00,               0.00,               0.00
SHRI BAJRANG-VAPI -XX,            3937.00,               0.00,               0.00,               0.00,               0.00
SHRI BALAJI - MALAD.,           54229.00,           23367.00,           30862.00,               0.00,               0.00
SHRI BALAJI SALES - NAGPUR-LN,           26500.00,               0.00,               0.00,               0.00,             500.00
SHRI BALAJI PHARMA - SAMBHAJINAGAR,          143261.00,               0.00,           53051.00,               0.00,           84672.00
SHRI BHAGWATI MEDICAL-MALEGAON-LN,         1286143.00,               0.00,               0.00,               0.00,             500.00
SHRI BHAVYA TRADING-DAWA BAZAR -XX,            1500.00,               0.00,               0.00,               0.00,               0.00
SHRI CHOUNDESHWARI - SATARA,          117254.00,           41520.00,           21765.00,           44388.00,            9581.00
SHRI DATTA PHARMA - TEMBHURNI (PRASAD),           60247.00,               0.00,               0.00,               0.00,               0.00
SHRI DATTA PHARMA - RATNAGIRI,           24809.00,               0.00,               0.00,            2625.00,           22184.00
SHRI DATTAKRUPA MEDICAL -BHIGWAN,          176926.00,               0.00,          121682.00,           14033.00,           30939.00
SHRI DATTA SURGICALS - AKOLA,           36792.00,           36792.00,               0.00,               0.00,               0.00
SHRI DATTA PHARMA - CHALISGAON,          189349.00,               0.00,           56909.00,           60371.00,           72069.00
SHRI DATTA PHARMA - BARAMATI- LN,          105913.00,               0.00,               0.00,               0.00,               0.00
SHRI DATTA - KANHAN,           41315.00,           18830.00,           15072.00,            7413.00,               0.00
SHRI DATTA MEDICAL- CHAKAN,           52651.00,           22920.00,               0.00,           29731.00,               0.00
SHRI DATTA PHARMA - TEMBHURNI,           79161.00,           60778.00,               0.00,           18383.00,               0.00
SHRI DEVKRUPA - PARBHANI,           26372.00,               0.00,               0.00,               0.00,           26372.00
SHRI DHANVANTARI MEDICAL - NANDED,          196166.00,           23730.00,           81695.00,           13230.00,           72135.00
SHRI DIST - KHAMGAON,            5675.00,               0.00,               0.00,             500.00,               0.00
SHRI DURVANKUR PHARMA - SHIRVAL,          444118.00,           14364.00,          177291.00,          158049.00,           84789.00
SHRI ENTERPRISES - NANDED,           32768.53,               0.00,               0.00,               0.00,               0.00
SHRI ENTERPRISES - BADLAPUR,          285909.00,           47922.00,           66237.00,          104302.00,           67448.00
SHRI G AGENCIES - WARDHA,            2699.00,               0.00,               0.00,               0.00,            2699.00
SHRI GAJANAND DIST-HINGOLI,           13434.00,               0.00,            9450.00,            3984.00,               0.00
SHRI GAJANAN AGENCIES - PATHARDI,           10947.00,               0.00,               0.00,            1646.00,            9301.00
SHRI GAJANAN PHARMA - NANDED,           65668.00,            9500.00,           18023.00,           15097.00,           23048.00
SHRI GAJANAN MEDICAL - PUSAD,           57184.00,               0.00,            4508.00,           15943.00,           36733.00
SHRI GANESH DISTRIBUTOR - HADAPSAR,           85620.00,               0.00,               0.00,               0.00,               0.00
SHRI GANESH MEDICAL AGENCY-KINWAT - XX,          124000.00,               0.00,               0.00,               0.00,             500.00
SHRI GANESH AGENCY - NASIK JAIL,          188372.00,           18090.00,           52063.00,           89594.00,           28625.00
SHRI GANESH DIST - DHULE,            2995.00,               0.00,               0.00,            2995.00,               0.00
SHRI GANESH MEDICAL-AKOLA,           41769.00,               0.00,           18940.00,           15329.00,               0.00
SHRI GANESH PHARMA-DEGLUR (NEW),           64719.00,               0.00,           25951.00,           12075.00,           26693.00
SHRI GANESH-SANGOLA-XX,           17747.95,               0.00,               0.00,               0.00,               0.00
SHRI GANESH MEDICAL-AKKALKOT-XX,           12719.00,               0.00,             500.00,               0.00,             500.00
SHRI GANESH MEDICAL AGENCY-GHATKOPAR,           66622.00,               0.00,             882.00,           45538.00,           20202.00
SHRI GANESH (MOHAN) - SANGLI,           18319.00,               0.00,           18319.00,               0.00,               0.00
SHRI GANESH PHARMA-KALEWADI-LN,          479664.00,               0.00,               0.00,               0.00,               0.00
SHRI GANESH - AHILYANAGAR-XX,          129079.00,               0.00,               0.00,               0.00,               0.00
SHRI GANESHA PHARMA - KALYAN,          102482.00,           31897.00,           70585.00,               0.00,               0.00
SHRI GANESH - UDGIR(HALI),           13870.00,               0.00,           13870.00,               0.00,               0.00
SHRI GAURI MEDICAL-LATUR-XX,           30922.00,               0.00,               0.00,               0.00,               0.00
SHRI GOVIND PHARMA - NANDED-XX,           30423.00,               0.00,               0.00,               0.00,               0.00
SHRI GURUKRUPA AGENCIES-NANDED,           90807.00,           23046.00,           56675.00,               0.00,           10069.00
SHRI GURUNANAK REMEDIES -NAGPUR-XX,           24467.00,               0.00,             500.00,             500.00,             500.00
SHRI JAGDISH PHARMA-NAGPUR,            8879.00,               0.00,               0.00,            8879.00,               0.00
SHRI JYOTI AND MEDICAL STORE - KOKRUD,           17827.00,               0.00,            3996.00,               0.00,           13831.00
SHRI KRISHNA DIST-SAMBHAJINAGAR,            8309.00,               0.00,               0.00,               0.00,               0.00
SHRI KRISHANA MEDICOSE - UMRED,           89336.00,               0.00,           23924.00,           31879.00,           13575.00
SHRI KRISHNA LIFECARE-MULUND,            3416.00,               0.00,               0.00,               0.00,               0.00
SHRI KRISHNA DISTRIBUTORS - PUNE,            8689.00,               0.00,               0.00,               0.00,               0.00
SHRI KRISHNA - PIRANGUT,           46116.00,               0.00,               0.00,               0.00,               0.00
SHRI KRISHNA - ULHASNAGAR,           -1151.00,           -2028.00,             877.00,               0.00,               0.00
SHRI KRISHNA (MEHUL) - DAHISAR,           54286.00,            3150.00,           16858.00,            7436.00,           26842.00
SHRI LAXMI PHARMA DIST-PUSAD,            3991.00,               0.00,               0.00,               0.00,               0.00
SHRI LAXMI VYANKATESH MEDICAL - BASMAT- C/B,           55247.36,               0.00,               0.00,               0.00,               0.00
SHRI LIFELINE PHARMA-NASIK,          140025.00,           14096.00,           93026.00,           10223.00,           22680.00
SHRI MAHALAXMI DISTRIBUTOR- TALEGAON,          134234.00,               0.00,           31785.00,           95429.00,            7020.00
SHRI MALHAR MEDISALES - DAUND,           17659.00,               0.00,               0.00,               0.00,           17659.00
SHRI MEDI HUB - NAVI MUMBAI,           87067.00,           45728.00,               0.00,           41339.00,               0.00
SHRI MEDICAL (SACHIN) - UMARI,           71103.00,               0.00,           45191.00,           25912.00,               0.00
SHRI MEDICAL AGENCY-MEHKAR-AKUMS - XX-C/B,           90516.95,               0.00,               0.00,               0.00,               0.00
SHRI MEDICAL - WADGAON,          277701.00,           37666.00,           73794.00,           74422.00,           91819.00
SHRI MEDICAL-BEED-XX,          118960.96,               0.00,               0.00,               0.00,               0.00
SHRI MEDICO - LASALGAON-XX,          372388.49,             500.00,             500.00,               0.00,               0.00
SHRI MEDICAL AGENCIES - NANDGAON,          121953.00,           15834.00,           33363.00,           17240.00,           55516.00
SHRI MEDICAL AGENCIES - WASHIM,           26082.00,               0.00,               0.00,           26082.00,               0.00
SHRI MEDICAL - CHAKAN (advance)-XX,            6099.00,               0.00,               0.00,               0.00,               0.00
SHRI MORYA AGENCIES-PARNER-MIRACULES-XX,          125440.00,               0.00,               0.00,               0.00,               0.00
SHRI NARAYANI DIST - KOLHAPUR,          190117.00,               0.00,          126703.00,           57229.00,            6185.00
SHRI NARSINHA MEDICAL - PURNA(PARBHANI),           92583.00,           16927.00,               0.00,            6637.00,           67570.00
SHRI NATH MEDICAL - NAGPUR,           13137.00,               0.00,            7828.00,            5309.00,               0.00
SHRI NAVKAR AGENCY - KALBADEVI,           34650.00,               0.00,               0.00,               0.00,               0.00
SHRI NAVKAR (SAURABH) - PR STR,            5610.00,               0.00,               0.00,               0.00,               0.00
SHRI OM - KARMALA-XX (do not bill),          190064.92,               0.00,               0.00,               0.00,               0.00
SHRI OM SAI PHARMA-NASIK (MANOJ) XX,          234517.37,               0.00,           48557.00,               0.00,               0.00
SHRI PANCHAKRUSHNA - SINNAR,           69852.00,            1518.00,           -1482.00,           69816.00,               0.00
SHRI PARSHURAM - NASIK,           14634.00,               0.00,               0.00,            6580.00,            8054.00
SHRI PHARMA-NERE(PUNE)-XX,           10030.00,               0.00,               0.00,               0.00,               0.00
SHRI PHARMA-VASAI,          199453.00,           42564.00,           75152.00,           81737.00,               0.00
SHRI PHARMA - TARKPUR,          565313.00,               0.00,               0.00,          155579.00,           78434.00
SHRI PHARMA - NASHIK,          110809.00,           35561.00,           39074.00,           36174.00,               0.00
SHRI PHARMA-NANDED-ELDER,            7952.00,               0.00,               0.00,               0.00,               0.00
SHRI PHARMA - LOWER PAREL,          795944.00,               0.00,             500.00,            1000.00,             500.00
SHRI PHARMA-SAMBHAJINAGAR,           54770.00,               0.00,           34272.00,           20498.00,               0.00
SHRI PHARMA - KOLHAPUR -XX,             500.00,               0.00,               0.00,               0.00,               0.00
SHRI PHARMA - UMERKHED,           53566.37,               0.00,               0.00,               0.00,               0.00
SHRI PHARMA- (NAGTHANE)SATARA,           22256.00,               0.00,            8820.00,               0.00,           13436.00
SHRI RAM CORPORATION - DHULE XX,            4000.00,               0.00,               0.00,               0.00,               0.00
SHRI RAM MEDICAL - AMALNER,            7950.00,               0.00,               0.00,               0.00,               0.00
SHRI RAM PHARMA - CHINCHWAD,           93455.00,           14591.00,           33430.00,           18792.00,           26642.00
SHRI RAM TRADERS-MUM-2-LN,           61899.00,               0.00,               0.00,               0.00,               0.00
SHRI RAMDEO SALES - MEHKER-XX,            5771.00,               0.00,               0.00,               0.00,               0.00
SHRI RENUKA MEDICAL - MIRAJ-XX,          138581.00,               0.00,               0.00,               0.00,               0.00
SHRI RUDRA MEDICAL AGENCY - PARLI VAIJANATH,            4935.00,               0.00,               0.00,               0.00,               0.00
SHRI SACCHIDINAND-PARBHANI-(AKUMS),            3254.00,               0.00,               0.00,               0.00,               0.00
SHRI SACCHIDINAND-PARBHANI,            5830.00,               0.00,               0.00,               0.00,            5830.00
SHRI SAI (SAWALIA) - NASIK,           14679.00,               0.00,           14679.00,               0.00,               0.00
SHRI SAI - HADAPSAR (5%NSP),            2359.00,               0.00,               0.00,            2359.00,               0.00
SHRI SAI DIST - BARAMATI,           24435.00,           14980.00,            9455.00,               0.00,               0.00
SHRI SAI PHARMA - VASAI,           94217.00,               0.00,           34204.00,           46790.00,           13223.00
SHRI SAI PHARMA - LASALGOAN,           37180.00,               0.00,           27899.00,            9281.00,               0.00
SHRI SAI PHARMA (SUNIL) - DHULE,           22680.00,               0.00,               0.00,           22680.00,               0.00
SHRI SAI SURGICAL - AMRAVATI,            6260.00,               0.00,               0.00,            6260.00,               0.00
SHRI SAIBABA TRUST - SHIRDI(25-26),         2768370.00,          473927.00,         1006743.00,          252081.00,           96777.00
SHRI SAIBABA HOSP (TO RETURN),           -9305.00,               0.00,               0.00,               0.00,               0.00
SHRI SAIBABA TRUST - SHIRDI(24-25),          894040.00,               0.00,               0.00,               0.00,               0.00
SHRI SAIBABA TRUST - SHIRDI(DONATION),         1059795.00,               0.00,           18295.00,               0.00,               0.00
SHRI SAINATH PHARMA-NANDED-ELDER,            4032.00,               0.00,               0.00,               0.00,               0.00
SHRI SAINATH PHARMA - NANDED,           96295.00,           41027.00,               0.00,               0.00,           40332.00
SHRI SAMARTH PHARMA - NASHIK,            1000.00,               0.00,               0.00,               0.00,               0.00
SHRI SAMARTH DISTRIBUTORS - BARAMATI,           72400.00,           10587.00,           37162.00,            8663.00,           15988.00
SHRI SAMARTHA - KHED (3%),           21974.00,               0.00,               0.00,           21974.00,               0.00
SHRI SAMARTH ENT - DOMBIVALI,           38087.00,               0.00,           13643.00,           19719.00,            4725.00
SHRI SAMARTH MEDICAL AGENCY - DHULE (NEW),           40100.00,               0.00,               0.00,               0.00,               0.00
SHRI SAMARTH GENERICSS - JATH XX,           97712.00,               0.00,             500.00,             500.00,               0.00
SHRI SAMARTH AGENCY-PAITHAN-XX,           25417.00,               0.00,               0.00,               0.00,               0.00
SHRI SANNIDHI PHARMA - ATHANI,            3046.00,               0.00,               0.00,               0.00,               0.00
SHRI SATGURU MEDICAL - NAGPUR-XX,           33614.80,               0.00,               0.00,               0.00,               0.00
SHRI SEVA MEDICAL AGENCY - DIGRAS,            6282.76,               0.00,            1248.88,               0.00,               0.00
SHRI SEVA MEDICALS - KARMALA,           64030.00,           13232.00,           20371.00,            -338.00,           30765.00
SHRI SHANTIGURU - AKKALKUWA,           10921.00,               0.00,            1000.00,               0.00,               0.00
SHRI SHESHNARAYAN MEDICO-AKOLE,           15404.00,               0.00,            7560.00,            7844.00,               0.00
SHRI SHIV PHARMA - DEGLUR,          224543.00,            7338.00,          132640.00,           16850.00,           67715.00
SHRI SIDDHIVINAYAK MEDI-BIDRI,            9199.00,               0.00,            9199.00,               0.00,               0.00
SHRI SIDDHESHWAR - JATH-LN,          182607.00,               0.00,               0.00,               0.00,               0.00
SHRI SIDDHIVINAYAK - MULUND,           60036.00,               0.00,           26536.00,           33500.00,               0.00
SHRI SIDDHA PHARMA-GADCHIROLI-XX,           40906.89,               0.00,               0.00,               0.00,             500.00
SHRI SIDDHIVINAYAK SURGICALS - NAGPUR.,           89094.00,           20832.00,           37124.00,           18144.00,           12994.00
SHRI SIDDHIVINAYAK MEDICO CENTRE - SOLAPUR,           11319.00,               0.00,               0.00,               0.00,               0.00
SHRI SUMEET PHARMA-PUSAD,           29719.00,               0.00,           23209.00,            6510.00,               0.00
SHRI SURYA PHARMA - NASIK,          257285.00,               0.00,           27056.00,          220884.00,            9345.00
SHRI SWAMI SAMARTH PHARMA - SANGAMNER,           57243.00,           23825.00,           16422.00,               0.00,           16996.00
SHRI SWAMI SAMARTH PHARMA-NANDED-AKUMS,           15750.13,               0.00,               0.00,               0.00,               0.00
SHRI SWAMI SAMARTH PHARMA-NANDED,           88350.00,               0.00,           56950.00,               0.00,           31400.00
SHRI SWAMI SAMARTH ENT. - KUDAL,            6550.00,               0.00,            6550.00,               0.00,               0.00
SHRI SWAMI SAMARTH-OZAR-XX,           33679.90,               0.00,               0.00,               0.00,               0.00
SHRI SWAMI SAMARTH - HINJEWADI,          195821.00,               0.00,          111217.00,           84604.00,               0.00
SHRI SWAMI SAMARTH MEDICAL-PANDHARPUR,           89667.00,           28527.00,           27959.00,               0.00,           33181.00
SHRI SWAMI SAMARTH AGENCIES - NASHIK,          125684.00,               0.00,          125684.00,               0.00,               0.00
SHRI SWAMI SAMARTH SURGI - KAMOTHE XX,           70685.46,               0.00,               0.00,               0.00,               0.00
SHRI TIRUMALA PHARMA-DEGLUR,           12056.00,               0.00,               0.00,               0.00,           12056.00
SHRI TULJAI ENTERPRISES-DHULE-XX,           31565.00,               0.00,               0.00,               0.00,               0.00
SHRI TULJAI MEDICAL - DEGLUR,           39696.00,               0.00,           36483.00,            3213.00,               0.00
SHRI VAKRATUND PHARMA-SAYKHEDA-XX,           46394.67,               0.00,               0.00,               0.00,               0.00
SHRI VARSHA AGENCIES - VIJAYPUR,            6349.60,               0.00,               0.00,               0.00,               0.00
SHRI VENKATESH MEDICO - NASRAPUR,           24457.00,               0.00,               0.00,               0.00,               0.00
SHRI VENKATESH PHARMA - CHIKODI,          113134.00,           49558.00,               0.00,           61536.00,               0.00
SHRI VIGHNAHAR MEDICAL - LOHARA(OSMANABAD)-X,            8635.00,               0.00,               0.00,               0.00,               0.00
SHRI VISHNU MEDICO - KONDWA,           52957.00,               0.00,               0.00,               0.00,               0.00
SHRI VITTHAL PHARMA-SANGOLA-XX,          155194.63,               0.00,               0.00,               0.00,               0.00
SHRI VYANKATESH PHARMA- BASMAT,           91037.93,               0.00,               0.00,               0.00,               0.00
SHRI VYANKATESH - JALGAON-XX,           59813.00,               0.00,               0.00,               0.00,               0.00
SHRIHARI SURGICAL - PIMPLE GURAV,          132181.00,           23397.00,          108784.00,               0.00,               0.00
SHRIJI DISTRIBUTORS - NASIK,             876.00,               0.00,               0.00,               0.00,               0.00
SHRIJI MEDICO - DAHISAR,           83905.00,               0.00,           20229.00,           60421.00,            3255.00
SHRIJI SALE - NAGPUR-XX,           28340.00,               0.00,               0.00,               0.00,               0.00
SHRIKRUSHNA PHARMA - PARATWADA,           23015.00,               0.00,               0.00,               0.00,               0.00
SHRIMAD RAJCHANDRA JIVADAYA TRUST-DHARAMPUR,           34417.00,               0.00,           43482.00,               0.00,               0.00
SHRIMAD RAJCHANDRA HOSPITAL-DHAMAPUR,           16425.00,               0.00,               0.00,               0.00,               0.00
SHRIMAD RAJCHANDRA HOSPITAL (NEW),          169286.00,          120607.00,           45994.00,            -132.00,            2817.00
SHRIMAD RAJCHANDRA HOS - DHARAMPUR (OLD DIFF,           40594.00,               0.00,               0.00,               0.00,               0.00
SHRIMEDIN - DOMBIVALI,            4411.00,               0.00,            4411.00,               0.00,               0.00
SHRINATH ENTERPRISES - DOMBIVALI,          171065.00,            8819.00,           21669.00,           86614.00,           39489.00
SHRINATH MEDICAL - SASWAD,          482131.00,           30450.00,          226518.00,           52087.00,          173076.00
SHRINATH PHARMA-NALASOPARA,           34131.00,               0.00,           12398.00,           17343.00,               0.00
SHRINATH PHARMA-KASHIMIRA - XX,            4313.00,               0.00,               0.00,               0.00,               0.00
SHRINIDHI MEDICAL AGENCY - NANDED,           34263.00,               0.00,               0.00,               0.00,               0.00
SHRINIVASA PHARMA-NANDED(CIDCO),           18858.00,           18858.00,               0.00,               0.00,               0.00
SHRINIWAS PHARMA - NANDED(RODE)-XX,          449499.85,               0.00,               0.00,               0.00,               0.00
SHRIPAD PHARMA - NASIK,          137105.00,               0.00,            7340.00,           70017.00,           17824.00
SHRIRAM HEALTHCARE-BIBWEWADI-XX,          165618.00,               0.00,               0.00,               0.00,               0.00
SHRIRAM MEDIHUB - NASHIK,           46959.00,               0.00,               0.00,           46959.00,               0.00
SHRIRAM PHARMA - WADI (SALE),          -10280.00,         -188428.00,          102677.00,           62355.00,           13116.00
SHRIRAM PHARMA - KAMOTHE,           22918.00,               0.00,            9870.00,           13048.00,               0.00
SHRUSHTI MEDICOS - BHANDARA,            8627.00,            3431.00,            5196.00,               0.00,               0.00
SHUBH MEDICORP - PUNE,          -20003.00,               0.00,          -20003.00,               0.00,               0.00
SHUBHAM DIST - SATARA,           41550.00,            8992.00,           28098.00,               0.00,            4460.00
SHUBHAM DIST - DHULE,           81957.00,               0.00,           26709.00,           40304.00,               0.00
SHUBHAM MEDICAL - ALIBAUG,          204698.00,               0.00,          204698.00,               0.00,               0.00
SHUBHAM PHARMA- KARAD,          192365.00,           50978.00,           27987.00,           66019.00,           47381.00
SHUBHASHRI PHARMA - MANGAON,           62432.00,               0.00,               0.00,               0.00,            7670.00
SHWETA PHARMA - NASIK,           98668.00,               0.00,           33514.00,           41556.00,           23598.00
SIDDH POOJA HOSPITAL-SANPADA,           11721.00,           11721.00,               0.00,               0.00,               0.00
SIDDHANATH PHARMA - KAMOTHE,           76855.00,           16409.00,           32902.00,               0.00,           27544.00
SIDDHARTHA PHARMACEUTICALS - JAIPUR,            1800.00,               0.00,               0.00,            1800.00,               0.00
SIDDHESHWAR DRUG - MANGALWEDHA,            3192.00,               0.00,               0.00,            3192.00,               0.00
SIDDHESHWAR PHARMA - BADLAPUR,          840093.00,          170191.00,          224422.00,          335018.00,          101012.00
SIDDHI AGENCY-CHINCHWAD,           19922.00,           11866.00,            8056.00,               0.00,               0.00
SIDDHI CORPORATION - MUMBAI,           41514.00,               0.00,               0.00,           41514.00,               0.00
SIDDHI ENT.& SIDDHI MEDICAL - SHIRPUR,           11181.00,               0.00,           11181.00,               0.00,               0.00
SIDDHI MEDICAL - GHOTI(NASHIK),           60271.00,           21735.00,            5894.00,           22016.00,           10626.00
SIDDHI MEDICAL - MIRA ROAD-XX,            5712.00,               0.00,               0.00,               0.00,               0.00
SIDDHI PHARMA - KOLHAPUR,          294276.00,           16275.00,          209143.00,           68858.00,               0.00
SIDDHI PHARMA - AHILYANAGAR,           13327.00,            5636.00,               0.00,            7691.00,               0.00
SIDDHI PHARMA - MANWATH -XX,          147012.44,               0.00,               0.00,               0.00,               0.00
SIDDHI VINAYAK ASSOCIATES - NAGPUR,           43470.00,           43470.00,               0.00,               0.00,               0.00
SIDDHIVINAYAK (TENDER)- NAGPUR,            4653.00,               0.00,               0.00,               0.00,               0.00
SIDDHIVINAYAK TRADING - PALGHAR-XX,           40808.60,               0.00,               0.00,               0.00,             500.00
SIDDHIVINAYAK - CHIKHALI-XX,           15078.00,               0.00,               0.00,               0.00,               0.00
SIDDHIVINAYAK AGENCIES -(SWAMI) LATUR,          218598.00,            1500.00,           75019.00,           46266.00,           53668.00
SIDDHIVINAYAK MEDISALES-LONAND,           60964.00,           22712.00,           20848.00,           17404.00,               0.00
SIDDHIVINAYAK PHARMA-MIRA ROAD-XX,          131709.63,               0.00,               0.00,               0.00,               0.00
SIDDHIVINAYAK TRADERS- THANE,           75358.00,           22432.00,           15063.00,           37863.00,               0.00
SIDDHIVINAYAK PHARMA - NASIK,           30561.00,               0.00,               0.00,           30561.00,               0.00
SIDDHIVINAYAK DIST-LATUR (PETKAR),           69410.00,               0.00,           40400.00,            -200.00,               0.00
SIDDHIVINAYAK ENT - OSMANABAD,           18418.00,               0.00,               0.00,               0.00,               0.00
SIDDHIVINAYK HEALTHCARE-NANDGAON-XX,          376082.76,               0.00,               0.00,               0.00,               0.00
SIDVIN PHARMA-AIROLI-XX,           22246.00,               0.00,               0.00,               0.00,               0.00
SIGMA HEALTHCARE - DOMBIVALI (OLD) XX,          297150.38,               0.00,               0.00,               0.00,               0.00
SIGMA HEALTHCARE - DOMBIVALI (NEW),          285597.00,           27316.00,           69353.00,          107015.00,           65609.00
SIMMAL MEDICAL - THANE,           92175.00,           17672.00,           32397.00,           24253.00,           17853.00
SIND MEDICO-GONDIA-(AKUMS),           11155.00,               0.00,               0.00,               0.00,               0.00
SIND MEDICO - GONDIA,           45324.00,               0.00,           18101.00,           19625.00,               0.00
SIND MEDICO-GONDIA-ELDER,           14386.00,               0.00,               0.00,               0.00,               0.00
SINDH ENTERPRISES - MEERUT UTTAR PARDESH,           68455.00,               0.00,               0.00,               0.00,               0.00
SINDHUDURG DISTRIBUTOR-SINDHUDURG,           11655.00,               0.00,               0.00,               0.00,               0.00
SIRVI SURGICALS - PUNE,           14490.00,           14490.00,               0.00,               0.00,               0.00
SIYA LIFECARE-ULWE- C/B-XX,          910496.00,               0.00,               0.00,               0.00,               0.00
SK DISTRIBUTORS - PUNE,           76039.00,           26861.00,           49178.00,               0.00,               0.00
SK PHARMA - AHILYANAGAR,           73602.00,               0.00,           35175.00,           38427.00,               0.00
SK PHARMA - MANJARI,           31134.00,               0.00,           31134.00,               0.00,               0.00
SKY LAB - BORIVALI,           73047.00,           10074.00,           32181.00,           24093.00,            6699.00
SKYLINE PHARMA - NASHIK,           12159.00,               0.00,               0.00,               0.00,               0.00
SKYOGEN HEALTHCARE LTD-KALBADEVI ROAD,          426720.00,               0.00,               0.00,               0.00,               0.00
SMART PHARMA - AKOLA -XX,           41503.51,               0.00,               0.00,               0.00,               0.00
SMD SURGICALS -THANE,           90873.00,           30526.00,           60347.00,               0.00,               0.00
SMITA PHARMA-NAGPUR,            8676.00,               0.00,               0.00,            8676.00,               0.00
SOAR LIFE SCIENCES - WADI-XX,          303345.00,               0.00,               0.00,               0.00,               0.00
SOFT TOUCH-KOLHAPUR,           16044.00,               0.00,            8694.00,               0.00,            7350.00
SOHAM PHARMA-PADMAVATI,          152394.00,           33760.00,           94332.00,           24302.00,               0.00
SOHAM PHARMACETICALS - PUNE,           33706.00,              -1.00,           33707.00,               0.00,               0.00
SOJAL PHARMA - CHANDVAD,          111405.00,           36734.00,           65390.00,            9281.00,               0.00
SONA HEALTHCARE - VASAI,           33952.00,               0.00,           17761.00,           16191.00,               0.00
SONA PHARMA AGENCY -VADUJ,           84236.00,               0.00,               0.00,           43060.00,               0.00
SONALI DISTRIBUTORS-BOKARDAN-AKUMS,           10047.00,               0.00,               0.00,               0.00,               0.00
SONALI DISTRIBUTORS - BHOKARDAN,           47216.00,               0.00,               0.00,           47216.00,               0.00
SONI PHARMA -KANDIVALI,           23310.00,               0.00,               0.00,           23310.00,               0.00
SPACT MEDICARE - KAMOTHE,            8064.00,               0.00,               0.00,               0.00,               0.00
SPGS HEALTHCARE PVT. -MANCHAR,           19971.00,               0.00,           19971.00,               0.00,               0.00
SPLENZ PHARMACEUTICALS - PUNE,          317245.00,               0.00,            5897.00,          164899.00,           25389.00
SPROUT PHARMA - KALYAN -XX,           68259.46,               0.00,               0.00,               0.00,               0.00
SR FARMALIFE - VASAI,             157.88,               0.00,               0.00,             157.88,               0.00
SRI VARI PHARMA - CHENNAI,           22250.00,               0.00,               0.00,               0.00,           22250.00
SRIYA LIFESCIENCE - NERUL-XX,            1500.00,               0.00,               0.00,               0.00,               0.00
SRS PHARMA - CHIKHALI (EMCURE)-XX C/B,          158258.58,               0.00,               0.00,               0.00,               0.00
SRUJAN  PHARMA - TELANGANA,           12163.00,           12163.00,               0.00,               0.00,               0.00
SS PHARMA - Akurdi ( Chinchwad),          228464.00,           47298.00,          121082.00,           60084.00,               0.00
STAR ENTERPRISES-DONGRI,           33922.00,           16857.00,            1810.00,           15255.00,               0.00
STAR PHARMA - DHARAVI,           20303.00,           20303.00,               0.00,               0.00,               0.00
STAR PHARMA-BHIWANDI (ALKEM ONLY)-LN,           39406.34,               0.00,               0.00,               0.00,               0.00
STAR PHARMA - KHAMGAON XX,           12500.00,               0.00,               0.00,               0.00,               0.00
STAR PHARMA-KARANJA-LAD XX,           97938.61,               0.00,               0.00,               0.00,               0.00
STORE T/F                     .,           45123.00,               0.00,               0.00,               0.00,               0.00
SUBHASH MEDICALS - PANDHARPUR,           31242.00,            3735.00,           27507.00,               0.00,               0.00
SUCCESS PHARMA - BOISAR-LN,           75930.58,               0.00,               0.00,               0.00,               0.00
SUCCESS PHARMA - BHOSARI,          121879.00,               0.00,           14376.00,           54067.00,           53436.00
SUCCESS SURGICALS - PUNE-LN,          895952.00,               0.00,               0.00,               0.00,               0.00
SUCCESS SURGICALS LLP - PUNE,           10500.00,               0.00,               0.00,               0.00,           10500.00
SUDARSHAN FIRST AID-SAMBHAJINAGAR-XX,           17265.00,               0.00,               0.00,               0.00,               0.00
SUDARSHAN GENERIC HUB -SAMBHAJINAGAR,           19661.90,               0.00,               0.00,               0.00,               0.00
SUKHAKARTA DISTRIBUTORS- UMARKHED,           39437.00,               0.00,            8361.00,               0.00,           31076.00
SUKHAKARTA DISTRIBUTORS-LASALGAON,          195231.00,           67520.00,           63052.00,           39371.00,           25288.00
SULTAN PHARMA - BHIWANDI,           49407.00,               0.00,           36922.00,               0.00,           12485.00
SUMAIRA HEALTHCARE - AMRAVATI-XX,          103641.00,               0.00,               0.00,               0.00,               0.00
SUMAN MEDICO - PANVEL,            4480.00,               0.00,               0.00,               0.00,               0.00
SUMAN MEDICAL - NANDED,           84925.00,           12693.00,            7840.00,           39300.00,           25092.00
SUMAN PHARMA - PIMPALGAON,          393432.00,            3465.00,          136325.00,          137633.00,           48993.00
SUMEET PHARMA - DAHISAR,          191813.00,               0.00,               0.00,            7502.00,            9828.00
SUMEET SALES - DHULE,           50010.00,               0.00,           24521.00,           14742.00,               0.00
SUN CURE PHARMA - VISAKHAPATNAM,           35781.00,               0.00,           29034.00,            6747.00,               0.00
SUN MEDICOS - DAHISAR,           86892.00,            9985.00,           31879.00,           45028.00,               0.00
SUN PHARMA - DHULE,           74328.00,               0.00,           31799.00,           10714.00,           31815.00
SUNNY PHARMA - SATARA,           93367.00,           71881.00,           21486.00,               0.00,               0.00
SUNRISE DISTRIBUTORS - MALEGAON,           38763.00,           18984.00,            8946.00,           10833.00,               0.00
SUNSHINE ENTERPRISES-NERUL-XR,           81752.00,               0.00,               0.00,               0.00,               0.00
SUPEKAR AGENCIES - AHILYANAGAR,          374364.00,               0.00,          158105.00,           77658.00,          138601.00
SUPER PHARMA - DHANKWADI,          340952.00,             500.00,           87277.00,          177300.00,           75875.00
SUPREME SURGICLAS - CHANDRAPUR,           13489.00,           13489.00,               0.00,               0.00,               0.00
SURABHI PHARMA - KALYAN,          138864.00,               0.00,           86769.00,           26715.00,           25380.00
SURAJ AGENCIES- JALGAON,            3292.00,               0.00,               0.00,            3292.00,               0.00
SURAJ PHARMA - PALGHAR,           25432.00,            4253.00,            7088.00,           14091.00,               0.00
SURBHI MEDICAL-NAGPUR-XX,          251521.00,               0.00,               0.00,               0.00,               0.00
SURBHI PHARMA-KINWAT,           81005.00,           28185.00,           20915.00,           19761.00,           12144.00
SURE RELIEF PHARMA - MIRA ROAD,           91004.00,           30124.00,           21260.00,           26502.00,           13118.00
SURESH GENERIC MEDICAL - NANDED,           12348.00,               0.00,           12348.00,               0.00,               0.00
SURGI PHARMA - NASHIK,          131513.00,               0.00,           20023.00,           47412.00,           50295.00
SURGI TECH - PUNE-LN-C/B,           75478.00,               0.00,               0.00,               0.00,               0.00
SURGICAL SVR-YAVATMAL,          129747.00,           72672.00,           45570.00,            3255.00,            3072.00
SURGICO HEALTHCARE -AMRAVATI,           29428.00,               0.00,           29428.00,               0.00,               0.00
SURGICON HEALTHCARE - NEW SANGVI,           48938.00,               0.00,               0.00,               0.00,           48938.00
SURGIMATE PHARMA - THERGAON,          320215.00,           48232.00,          232956.00,           39027.00,               0.00
SURGIPHARM PVT.LTD-CHEMBUR,            9230.00,               0.00,               0.00,               0.00,               0.00
SURYAKIRAN PHARMA - KALAMNURI,           65042.00,               0.00,           12878.00,           52164.00,               0.00
SURYODAY PHARMA-CHAKAN,           35603.00,           35603.00,               0.00,               0.00,               0.00
SUSHANT ENTERPRISES - PARBHANI,            9320.00,               0.00,            7556.00,               0.00,            1764.00
SUSHEEL - NIPANI,           11797.00,               0.00,           11797.00,               0.00,               0.00
SUSHIL PHARMA LLP-ICHALKARNJI-WINDLAS,           13838.00,               0.00,               0.00,               0.00,               0.00
SUSHIL PHARMA - KOLHAPUR,           30028.00,               0.00,               0.00,            6195.00,           23833.00
SUSHIL PHARMA GENX - KOLHAPUR,           10523.00,               0.00,           10523.00,               0.00,               0.00
SUSPENCE A/C,         8517617.15,               0.00,               0.00,               0.00,               0.00
SUSPENCE DEPOSIT              .,           30494.58,          -43611.00,         -212724.00,          -20097.00,            4226.00
SUVARNA AGENCY - AMRAVATI,          278819.00,               0.00,           11599.00,          190884.00,           76336.00
SUYASH MARKTING-BASMAT-,           73860.72,               0.00,               0.00,               0.00,               0.00
SUYOG DISTRIBUTORS-PARBHANI,           81629.00,               0.00,               0.00,           12764.00,               0.00
SUYOG PHARMA - AHILYANAGAR,           21167.00,               0.00,            9975.00,               0.00,           11192.00
SWAJAL PHARMACETICAL - SHRIGONDA,           42844.00,           12537.00,           30307.00,               0.00,               0.00
SWAMI ENTERPRISES - SEWRI,            4694.00,            4694.00,               0.00,               0.00,               0.00
SWAMI SAMARTH - AHILYANAGAR -XX,           83792.00,               0.00,               0.00,               0.00,             500.00
SWAMI SHUKDEVANAND HOSPITAL-UTTARAKHAND-XX,           33940.00,               0.00,               0.00,               0.00,               0.00
SWAMIDNYA PHARMA - PANVEL,           41466.00,           16971.00,           24495.00,               0.00,               0.00
SWARA DIST - MIRAJ,           98451.00,           10762.00,           18721.00,           43600.00,           25368.00
SWAROOP MEDICO - BADLAPUR(EMCURE)-XX,            7430.00,               0.00,               0.00,               0.00,               0.00
SWAROOP MEDICARE -SAMBHAJINAGAR-LN,          274901.00,               0.00,               0.00,               0.00,               0.00
SWAST GENERIC PHARMA - BHAYANDAR,           20625.00,               0.00,               0.00,               0.00,               0.00
SWASTHYA LIFECIENCE P.LTD - KURUND,          174328.00,               0.00,           56556.00,          117772.00,               0.00
SWASTIK ENTERPRISES - NAGPUR GR,            3184.00,               0.00,               0.00,               0.00,               0.00
SWASTIK MEDICAL - NALLASOPARA,           20715.00,           11564.00,            9151.00,               0.00,               0.00
SWASTIK PHARMA-MANKHURD,          188260.00,               0.00,           13052.00,           86915.00,           54162.00
SWATI MEDICALS - PULGAON,           10611.00,               0.00,           10611.00,               0.00,               0.00
SWAYAMBHU PHARMA - BALAPUR,           33072.00,               0.00,               0.00,               0.00,               0.00
SWAYAMBHU PHARMA - NATEPUTE,          138206.00,               0.00,               0.00,            8786.00,           76690.00
SWAYAMBHU HEALTHCARE - CHINCHWAD-LN,           51100.00,               0.00,               0.00,               0.00,               0.00
T R PHARMA - CHINCHWAD,           39874.00,            4231.00,           25993.00,               0.00,            9650.00
T S PHARMA - KUMBHARI,           67875.00,               0.00,            7138.00,           53527.00,            7210.00
T.K.PHARMA - KOLHAPUR,           99051.00,           11826.00,            8222.00,           79003.00,               0.00
TABLET BIOSCIENCE - NALASOPARA -XX,          220358.44,               0.00,               0.00,               0.00,               0.00
TAJ PHARMA - BHIWANDI,           40331.00,               0.00,           16676.00,            9951.00,           13704.00
TANTRA PHARMA-GAMDEVI,           27329.00,               0.00,               0.00,           27329.00,               0.00
TAWARI AGENCIES-AKOT,           13159.00,               0.00,               0.00,               0.00,               0.00
TEJAS DISTRIBUTERS - DHULE,           19117.00,               0.00,           10773.00,            8344.00,               0.00
TEJAS MEDICARE - NASIK -LN,          137033.32,               0.00,               0.00,               0.00,               0.00
TEJAS PHARMA -SATARA,           30646.00,               0.00,           18128.00,           12518.00,               0.00
TEJAS SURGICAL AND PHARMA-BRAMAHAPURI XX,           45001.00,               0.00,               0.00,               0.00,               0.00
TERA TERA CHEMIST - ULHASNAGAR,            3057.00,               0.00,            3057.00,               0.00,               0.00
TERNA MEDICAL - KAMTI -XX,           37179.13,               0.00,               0.00,               0.00,               0.00
THAKKAR PHARMA - GHATKOPAR,           46149.00,            8295.00,           37854.00,               0.00,               0.00
THAKKER MEDICARE-KANDIVALI,           12224.00,            9685.00,            2539.00,               0.00,               0.00
THAKKUR PHARMA (MIRACALUS),            8200.00,               0.00,               0.00,               0.00,               0.00
THE ASHOK (ORIGINAL) - AKOLA (SALE),           73489.00,            5198.00,               0.00,               0.00,               0.00
THE COMMANDANT - MILITRY HOSPITAL CTC PUNE,            4441.64,               0.00,               0.00,               0.00,               0.00
THE MINISTRY OF DEFENCE - NASHIK CITY,            3264.00,               0.00,               0.00,               0.00,               0.00
THE MINISTRY OF DEFENCE -AHILYANAGAR,            4253.00,               0.00,               0.00,               0.00,               0.00
THE NEW DEAL DAWABAZAR-KODOLI(2ND)STOP-LN,          504040.00,               0.00,               0.00,               0.00,               0.00
THE PAREL CHEMISTS - PAREL,             692.00,               0.00,               0.00,           -1602.00,               0.00
THE RATHI (SHEKH) - BULDHANA,            8958.00,               0.00,            8958.00,               0.00,               0.00
THERACHEM LABORATORIES - TARDEO,          383357.00,          383357.00,               0.00,               0.00,               0.00
THERAPIA PHARMA - TURBHE,           58359.00,               0.00,           13888.00,           14222.00,           15318.00
TILAKWALA SURGICALS - NAGPUR -XX,           42173.72,               0.00,               0.00,               0.00,               0.00
TIRUMALA PHARMA - PUSAD-XX,           62449.30,               0.00,               0.00,               0.00,               0.00
TIRUMALA PHARMACEUTICAL-NANDED,           46711.00,           16141.00,               0.00,           15360.00,           15210.00
TIRUPATI (MAHENDRA) - NASIK,          221150.00,           65772.00,           58980.00,               0.00,           51338.00
TIRUPATI (KAKA) - PARBHANI,           26522.00,               0.00,           13367.00,           13155.00,               0.00
TIRUPATI AGENCIES - ANANTPAL-LN,          431018.00,               0.00,               0.00,               0.00,               0.00
TIRUPATI DISTRIBUTORS - RISOD,          104327.00,               0.00,            1500.00,           42919.00,               0.00
TIRUPATI MEDICAL STORES-LATUR-CONCEPT,           66831.31,               0.00,               0.00,               0.00,               0.00
TIRUPATI MEDICAL - GONDIA,            7134.00,               0.00,               0.00,               0.00,               0.00
TIRUPATI MEDICAL - MURTIZAPUR,           46864.00,               0.00,           29022.00,               0.00,           17842.00
TIRUPATI SALES CORPORATION-GOA-XX,           12807.13,               0.00,               0.00,               0.00,               0.00
TODKAR PHARMA - AMBEJOGAI,           19372.00,               0.00,               0.00,               0.00,               0.00
TOP MEDICAL - AMBEJOGAI,           91222.00,               0.00,               0.00,               0.00,           18457.00
TOP PHARMA-YAVATMAL,           74326.00,               0.00,           13519.00,           17337.00,           43470.00
TOP SURGICAL - YAVATMAL,           47734.00,               0.00,               0.00,               0.00,           47734.00
TRIKAYA GLOBAL - VILE PARLE,           16800.00,           16800.00,               0.00,               0.00,               0.00
TRIMURTI (NITIN) - PARBHANI,            6070.00,               0.00,            6070.00,               0.00,               0.00
TRIMURTI (JAY) - NASIK,          155939.00,               0.00,           25843.00,           17682.00,               0.00
TRIMURTI DRUG HOUSE - SATARA -XX,           16671.00,               0.00,               0.00,               0.00,               0.00
TRIMURTI DISTRIBUTORS-PACHORA-XX,           18470.00,               0.00,               0.00,               0.00,               0.00
TRIMURTI ENTERPRISES-THANE,          188304.00,           18853.00,           64916.00,           71748.00,           32787.00
TRIMURTI ENT - BADLAPUR,          118400.00,           14830.00,           37205.00,           38859.00,            8400.00
TRIMURTI ENTERPRISE-LATUR-CONCEPT,            5463.00,               0.00,               0.00,               0.00,               0.00
TRIMURTI PHARMA - AKLUJ XXX,           10911.00,               0.00,               0.00,               0.00,               0.00
TRIMURTI PHARMA - SATANA XX,           41125.87,             500.00,             500.00,             500.00,            1000.00
TRISHA PHARMA- VIKROLI,          236798.69,               0.00,           58976.00,           24652.00,               0.00
TRUSHA PHARMA - HADAPSAR      .,            4560.00,               0.00,               0.00,               0.00,             500.00
TULJAI DISTRIBUTORS-UMARKHED-XX-C/B,          268844.00,               0.00,               0.00,               0.00,               0.00
TULJAI MEDICAL AGENCY-BULDHANA,          197259.00,           62614.00,           74766.00,           59879.00,               0.00
TULJAI PHARMA & SURGICAL-RISOD,          117282.00,           28562.00,           39650.00,           25508.00,           23562.00
TULSI PHARMA DISTRIBUTORS - NILANGA(LATUR),           35510.00,               0.00,           35510.00,               0.00,               0.00
TUSHAR MEDICAL - BAMANI,           17466.00,               0.00,           17466.00,               0.00,               0.00
TWINS PHARMA - NAGPUR,           33717.00,               0.00,               0.00,           33717.00,               0.00
UDASHI MEDICAL AGE-BRAHMPURI-AKUMS,            5940.00,               0.00,               0.00,               0.00,               0.00
UDASI MEDICAL AGE - BRAMAHAPURI,           23008.00,            7733.00,               0.00,           15275.00,               0.00
UDR PHARMA - PANVEL-XX-C/B,          119059.00,               0.00,               0.00,               0.00,             500.00
UJS PHARMA-MUMBAI-CONCEPT,            8081.00,               0.00,               0.00,               0.00,               0.00
UJS PHARMA LLP (SALE),         1732141.24,          410189.00,          505393.00,          523513.00,          293046.24
UMESH PHARMA-AKOLA,            7911.99,               0.00,               0.00,               0.00,               0.00
UMESH PHARMA - AMRAVATI,           24772.00,               0.00,           14314.00,           10458.00,               0.00
UNICARE PHARMA HUB-HADAPSAR,          361819.00,          202946.00,          101084.00,           29293.00,           28496.00
UNIQUE DISTRIBUTORS-NAGPUR,           19694.00,               0.00,           19694.00,               0.00,               0.00
UNIQUE ENTERPRISES - NAGPUR,            5718.00,            5718.00,               0.00,               0.00,               0.00
UNIQUE FORMULATION - MIRA ROAD-CLOSE-LN,          388656.00,               0.00,               0.00,               0.00,               0.00
UNIQUE PHARMA DISTRIBUTOR-URLI DEVACHI-XX,           43582.00,               0.00,               0.00,               0.00,               0.00
UNIQUE PHARMA - WARJE,          393656.00,           18664.00,          123043.00,           91365.00,          160584.00
UNIQUE PHARMA AGENCY- BHIWANDI,          266677.00,          119898.00,          101156.00,            6164.00,           39459.00
UNISON PHARMACEUTICALS - BADDI.,          200000.00,               0.00,               0.00,               0.00,               0.00
UNITED GENERAL DRUGS - ALIBAUG,            8518.00,               0.00,               0.00,               0.00,               0.00
UNITED PHARMA - CHANDRAPUR,           67039.00,               0.00,           33557.00,            8602.00,           24880.00
UNITY MEDICALS - DAPODI,           18815.00,               0.00,            3441.00,           12382.00,            2992.00
UNITY PHARMA - KERALA,           46142.00,               0.00,               0.00,               0.00,               0.00
UNIVERSAL AGENCIES-PUNE-LN,          612566.00,               0.00,               0.00,               0.00,               0.00
UNIVERSAL MEDICAL AGENCIES-NAGPUR,           38835.00,               0.00,           38835.00,               0.00,               0.00
UNNATI DISTRIBUTORS-NAGPUR-ELDER,            4956.00,               0.00,               0.00,               0.00,               0.00
UNNATI DIST - NAGPUR,          216593.00,           30727.00,               0.00,           95571.00,           95159.00
UNOTEX PHARMA LLP - GUJRAT,          168000.00,          168000.00,               0.00,               0.00,               0.00
URAZA HEALTHCARE - WADALA,            9408.00,               0.00,            9408.00,               0.00,               0.00
URJA HEALTHCARE - KAMOTHE,          121449.00,            7926.00,           50212.00,           29445.00,           33866.00
USHAI MEDICAL STORES-YAVATMAL-XX,          200684.64,               0.00,               0.00,               0.00,               0.00
USHMA JITENDRA ISHWARLAL A/C,         -271794.00,               0.00,          308790.00,               0.00,               0.00
V D HEALTHCARE - KOLHAPUR,          332207.00,           47142.00,          169581.00,          115484.00,               0.00
V PHARMA(BABI)-NANDED,           16811.00,               0.00,               0.00,               0.00,               0.00
V R DISTRIBUTORS - PUNE,           60697.00,            8788.00,           26949.00,            7620.00,           12955.00
V R HEALTH CARE - KALYAN,          224417.00,               0.00,           23152.00,          108214.00,           62244.00
V.B PHARMA -NANDURBAR- XX,          124438.00,               0.00,               0.00,               0.00,               0.00
V.N.MEDICO - KOPARKHAIRANE,          102641.00,           51571.00,           51070.00,               0.00,               0.00
V.S.MEDICO LLP - BHANDUP,           18308.00,               0.00,               0.00,               0.00,               0.00
V.S.PHARMA - NANDURBAR,           54396.00,               0.00,             500.00,            1500.00,            2000.00
VACCICARE LIFE - AHILYANAGAR-XX,           11279.00,               0.00,               0.00,               0.00,               0.00
VAIBHAV MEDICALS-JALGAON-XX,          129550.00,               0.00,               0.00,               0.00,               0.00
VAIBHAV PHARMA-NASIK,            3465.00,               0.00,            3465.00,               0.00,               0.00
VAISHNAV DUSTRIBUTORS - NANDURBAR,            7730.00,               0.00,            7730.00,               0.00,               0.00
VAKRTUND MEDICAL-FULSAWANGI-XX,           73123.09,               0.00,               0.00,               0.00,               0.00
VALFRAN SALES & SERVICE-XX,            2593.00,               0.00,               0.00,               0.00,               0.00
VAMA HEALTHWORLD LLP - PAREL,           91245.00,               0.00,               0.00,           33915.00,           57330.00
VANSH PHARMA - SOLAPUR 3%,           98802.00,           36095.00,           62707.00,               0.00,               0.00
VARAD LIFE CARE - SAMBHAJINAGAR-XX,          482231.00,               0.00,               0.00,               0.00,               0.00
VARAD MEDICAL-VAIJAPUR,          121198.00,               0.00,           23272.00,           54206.00,           43720.00
VARDAN SURGICAL-NANDED-C/B,          112841.96,               0.00,               0.00,               0.00,               0.00
VARDHAMAN AGENCIES - PHALTAN,          302850.00,           45874.00,          148092.00,           62991.00,           45893.00
VARDHAMAN PHARMANET - DAHISAR,          377594.00,           76135.00,          130633.00,           73223.00,           97603.00
VARDHAMAN PHARMACEUTICALS-AHILYANAGAR,           46648.00,               0.00,           24193.00,            9397.00,           13058.00
VARDHAMAN MEDICO-KACHCHH,          126661.00,           31457.00,           50721.00,           21312.00,            2922.00
VARDHAMAN DRUG - NASIK,          173518.00,               0.00,          109651.00,           48677.00,               0.00
VARDHAMAN DIST - VASHI,          186742.00,           32386.00,          100429.00,           53927.00,               0.00
VARDHAMAN PHARMA - MALAD,          107271.00,           19577.00,           15918.00,           59600.00,           12176.00
VARDHAMAN AGENCY - THANE,           12964.00,           12964.00,               0.00,               0.00,               0.00
VED PHARMA - PUNE,           55928.00,               0.00,           32217.00,           23711.00,               0.00
VED PHARMA -PAITHAN XX,           11357.00,              -1.00,               0.00,               0.00,               0.00
VED PHARMA-NAGPUR,            8324.00,               0.00,               0.00,            8324.00,               0.00
VEDANGI DIST - SATARA,           12810.00,            3465.00,            9345.00,               0.00,               0.00
VEDANT PHARMA-DIWA (stop billing)XX,           42026.22,            1500.00,            3500.00,             500.00,               0.00
VEDANT PHARMA-PANVEL-XX,           52698.72,               0.00,               0.00,               0.00,             500.00
VEDANT PHARMA - CHEMBUR (OLD)XX,           38139.86,               0.00,               0.00,               0.00,               0.00
VEDANT PHARMA-KURLA-XX,           19548.12,               0.00,               0.00,               0.00,               0.00
VEDANT PHARMA - CHEMBUR (NEW),          150825.00,               0.00,               0.00,               0.00,               0.00
VEDANTA HEALTH CARE - BHAYANDAR,           33978.00,               0.00,           12389.00,           21589.00,               0.00
VEER ENTERPRISE - BOISAR-XX,           87327.66,               0.00,               0.00,               0.00,               0.00
VENKATESH PHARMACEUTICALS - PHALTAN,          314458.00,               0.00,          113493.00,           64598.00,               0.00
VENKATESH (PAWAN) - NANDED,           45108.00,           22470.00,               0.00,           22638.00,               0.00
VENTESHWARA AGENCIES - BARAMATI,          221839.00,           45562.00,           63280.00,           62651.00,           50346.00
VICKY ENTERPRISE- KANDIVALI,           24988.00,               0.00,            7332.00,           17656.00,               0.00
VICTUS HEALTHCARE-KALAMB-CONCEPT,           60133.64,               0.00,               0.00,               0.00,               0.00
VIDARBH PHARMA - WARDHA,           23749.00,           15556.00,               0.00,            8193.00,               0.00
VIDARBH PHARMA - UMARKHED,             340.00,               0.00,               0.00,               0.00,             340.00
VIDHARBH PHARMA LLP-GOVANDI-XX,           51890.38,               0.00,               0.00,               0.00,               0.00
VIDHARBHA MEDICAL - NAGPUR-LN,           21469.00,               0.00,               0.00,               0.00,               0.00
VIDHI PHARMA - MIRA ROAD,          306749.00,           37539.00,           72227.00,          127382.00,           69601.00
VIGHANHARTA SURGICAL-FURSUNGI-LN,          398529.00,               0.00,               0.00,               0.00,               0.00
VIGHNAHAR AGENCIES-NERUL-XX,           91509.00,               0.00,               0.00,               0.00,               0.00
VIGHNAHARTA PHARMA - PANVEL,           58647.00,               0.00,           55339.00,               0.00,            3308.00
VIGHNAHARTA SALES-NAGPUR,           17509.00,               0.00,           17509.00,               0.00,               0.00
VIGHNAHARTA DISTRIBUTORS - KEDGAON,          105797.00,               0.00,           63632.00,           13406.00,           28759.00
VIJAY AGENCIES-KHAMGAON,           55361.00,               0.00,           28246.00,               0.00,           27115.00
VIJAY AGENCIES - HINGOLI,           71215.00,               0.00,           44226.00,           26989.00,               0.00
VIJAY ANAND ENTERPRISE- BANDRA,           15118.00,               0.00,           15119.00,               0.00,              -1.00
VIJAY PHARMA - PR STR (SALE),           18512.00,            2430.00,            5642.00,           10440.00,               0.00
VIJAYALAXMI AGENCIES-SOLAPUR-XX,          155076.00,               0.00,               0.00,               0.00,               0.00
VIJAYLAXMI AGENCIES-UDGIR-(AKUMS),            5040.00,               0.00,               0.00,               0.00,               0.00
VIJAYLAXMI AGENCIES-UDGIR,           43022.00,           28022.00,           15000.00,               0.00,               0.00
VIKAS AGENCIES - SAMBHAJINAGAR,          139323.00,               0.00,               0.00,          139323.00,               0.00
VIKAS SURGICALS - KOREGAON(SATARA)-LN,           42374.73,               0.00,               0.00,               0.00,               0.00
VIKRAM LIFECERE - KANDIVALI,           33579.00,            2835.00,           17462.00,            2079.00,           11203.00
VILIX - NANDED,           28220.00,               0.00,             500.00,               0.00,           27720.00
VIMAL MEDICAL & DISTRIBUTOR - PUNE,           48083.00,               0.00,               0.00,               0.00,           17311.00
VIMAL PHARMA - SADASHIV PETH,           -1074.00,           -1074.00,               0.00,               0.00,               0.00
VIMAL PHARMA- PUNE,           83164.00,               0.00,           11541.00,           45520.00,               0.00
VINAR MEDICAL - KHAMGAON,           16383.00,           16383.00,               0.00,               0.00,               0.00
VINAYAK AGENCY -RAHATNI,           38870.00,               0.00,               0.00,           38870.00,               0.00
VINAYAK AGENCIES-DAHISAR,           12508.00,               0.00,           12508.00,               0.00,               0.00
VINAYAK ENTERPRISES - SEWREE,           27442.00,           10259.00,               0.00,           17183.00,               0.00
VINAYAK PHARMA - VIRAR  -XX,           17544.92,               0.00,               0.00,               0.00,               0.00
VINIT ENTERPRISES-MUM-02,          595613.00,          517650.00,           77963.00,               0.00,               0.00
VINOD PHARMA - KHOPOLI (ALKEM ONLY),           25128.40,               0.00,               0.00,               0.00,               0.00
VIOLET MEDI PHARMA - MARINE LINES,            2520.00,               0.00,               0.00,               0.00,            2520.00
VIPUL DIST. - PUNE            .,           20315.00,               0.00,            9291.00,           11024.00,               0.00
VIRAJ AGENCIES - YEOLA,           70164.00,               0.00,               0.00,           39630.00,           30534.00
VIRAJ DISTRIBUTORS-KILLARI-XX-C/B,          368502.00,               0.00,               0.00,               0.00,             500.00
VIRAJ PHARMA - PARLI,           53902.00,           18287.00,           35615.00,               0.00,               0.00
VIRAJ PHARMA - BHIWANDI-XX,           15000.00,               0.00,               0.00,               0.00,               0.00
VISHAL AGENCIES - MANMAD,           12134.00,           12134.00,               0.00,               0.00,               0.00
VISHAL MEDICAL - KOLHAPUR XX,           25879.00,               0.00,               0.00,               0.00,               0.00
VISHAL PHARMACY-KOLHAPUR,           14280.00,               0.00,               0.00,               0.00,           14280.00
VISHAL PHARMA AGENCIES - NASHIK,          153620.00,           62144.00,           22181.00,           40690.00,           28605.00
VISHAL SURGICALS - KALYAN,          173050.00,           76129.00,           60803.00,           36118.00,               0.00
VISHNUPRIYA MEDICAL - UDGIR-LN,           22677.00,               0.00,               0.00,               0.00,               0.00
VISHVASNAND PHARMA - WALUJ,           34641.00,            9848.00,           24793.00,               0.00,               0.00
VISION MARKETING AGENCY - DEHUROAD PUNE,            9559.00,               0.00,               0.00,            9559.00,               0.00
VISION PHARMA DIST-LATUR-XX,          132626.32,               0.00,               0.00,               0.00,               0.00
VITHAI AGENCIES - UDGIR,           23384.00,               0.00,           11208.00,           12176.00,               0.00
VITTHALKRUPA MEDICAL STORES - NARSI(NANDED),           75797.00,           45882.00,           16227.00,           13688.00,               0.00
VIVI LIFE CARE LLP - RABALE,          684188.00,           30875.00,          152939.00,          342978.00,          157396.00
VK PHARMACEUTICALS - THANE,           31135.00,               0.00,               0.00,           13570.00,               0.00
VORA PHARMA CARE-BHIWANDI,           16800.00,           16800.00,               0.00,               0.00,               0.00
VRINDA HEALTH -ANDHERI,           17448.00,            1229.00,           16219.00,               0.00,               0.00
VRUNDAVAN DISTRIBUTOR - PACHORA-XX CLOSE,           88963.52,               0.00,               0.00,               0.00,               0.00
VYANKATESH (SANJAY) - SOLAPUR,          124047.00,               0.00,           28471.00,           32803.00,           62773.00
VYANKATESH PHARMACUTICALS - PARBHANI,          195770.00,           16861.00,           95290.00,           68259.00,           15360.00
VYANKATESH MEDICAL AGENCIES - NAGPUR,           15808.00,               0.00,           15808.00,               0.00,               0.00
VYANKATESH - PARLI,           45916.00,           38063.00,               0.00,            7853.00,               0.00
VYANKATESH PHARMA-SAMBHAJINAGAR-AKUMS,          208186.76,               0.00,               0.00,               0.00,               0.00
VYANKATESH PHARMA-SAMBHAJINAGAR-ELDER,            3839.00,               0.00,               0.00,               0.00,               0.00
VYANKATESH PHARMA-SAMBHAJINAGAR xx,           15002.00,               0.00,               0.00,               0.00,               0.00
VYANKATESH (DHANANJAY) - SOLAPUR,            6048.00,               0.00,               0.00,            6048.00,               0.00
VYANKATESH PHARMA-SAMBHAJINAGAR-WINDLAS,           19426.00,               0.00,               0.00,               0.00,               0.00
WAIKO DRUGS & PHARMA - NANDED XX,           28248.79,               0.00,               0.00,               0.00,               0.00
WE CARE MEDICAL & PHARMA - AMRAVATI,           70802.00,               0.00,           28176.00,           42626.00,               0.00
WELCOME DIAPER SHOP-MUMBRA,            2757.00,               0.00,           -1292.00,               0.00,               0.00
WELCOME DIST - AMBERNATH,          416363.00,           99957.00,          144861.00,          117280.00,           54265.00
WELCOME MEDICAL-BHIWANDI XX(STOP BILLING),          354340.00,               0.00,               0.00,               0.00,               0.00
WELL LIFE PHARMACEUTICALS - MIRA ROAD,           33133.68,               0.00,               0.00,               0.00,               0.00
WELLCARE DISTRIBUTOR - GOA XX,           98008.84,               0.00,               0.00,           20107.00,               0.00
WELLCARE ENTERPRISES - BHAYANDAR,          410696.00,           11970.00,          336756.00,           61970.00,               0.00
WELLCARE MEDICON-MIRA ROAD,           84263.00,           28350.00,           42525.00,           13388.00,               0.00
WELLCARE PHARMA- ALANDI (PUNE),            6804.00,               0.00,               0.00,               0.00,               0.00
WELLONA PHARMA - SURAT,           53902.00,           55125.00,               0.00,           -1223.00,               0.00
WESTERN HASMUKH MKT - BHAYANDAR -XX,            5434.00,               0.00,               0.00,               0.00,               0.00
WILLSAI PHARMACEUTICAL - JAMKHED,           28548.00,               0.00,           11048.00,               0.00,           17500.00
WINISTA PHARMA-CHEMBUR,          249670.00,           16094.00,          112017.00,           83087.00,           38472.00
WINJOY HEALTHCARE- MAHAPE,          283000.00,               0.00,           93353.00,           48563.00,           71422.00
WOCKHARDT HOSPITAL - MUMBAI CENTRAL,           39644.20,            9259.00,          -33884.80,           24061.00,            1601.00
WORLD LAB - PUNE-LN,          928437.00,               0.00,               0.00,               0.00,               0.00
WORLDPRIME EXPORT LLP - JUNAGADH,         1251531.00,            6829.00,          407247.00,          837455.00,               0.00
Wellcare pharma - Pune,           39108.00,               0.00,            7335.00,           31773.00,               0.00
XX SURBHI DIST - CHINCHWAD,           31259.55,               0.00,               0.00,               0.00,               0.00
XXX MAHAVIR MEDICAL & GEN STORES  .,               0.00,               0.00,               0.00,               0.00,               0.00
XXX MAULI SURGICAL - SILLOD,               0.00,               0.00,               0.00,               0.00,               0.00
XXX SAI PHARMA-NASIK,               0.00,               0.00,               0.00,               0.00,               0.00
XXX SHAKTI PHARMA - PR STR CLOSE FIRM,               0.00,               0.00,               0.00,               0.00,               0.00
XXX SHRI SAI MEDICAL - THERGAON-TITANIC,               0.00,               0.00,               0.00,               0.00,               0.00
XXX SHUSHRUSHA CHEMIST - NERUL .,               0.00,               0.00,               0.00,               0.00,               0.00
XXX SUNIL MEDICAL - ULHASNAGAR,               0.00,               0.00,               0.00,               0.00,               0.00
XXX SUNNY AGENCY-DHULE,               0.00,               0.00,               0.00,               0.00,               0.00
XXX VIKAS GENERIC AUSHADHI SEVA-SHRIRAMPUR-X,            2904.00,               0.00,               0.00,               0.00,               0.00
XXXX 3 R MEDICAL-VASAI-E-XX,            9415.00,               0.00,               0.00,               0.00,               0.00
XXXX 9Rx PHARMA - JUNNAR-XX,            2307.00,               0.00,               0.00,               0.00,               0.00
XXXX A AND A MEDICAL DIST -TROMBAY-XX,           29243.00,               0.00,               0.00,               0.00,               0.00
XXXX AADI PHARMA-PR STR XX         .,            5040.00,               0.00,               0.00,               0.00,               0.00
XXXX AADINATH AGENCY -SAMBHAJINAGAR-XX,            9653.00,               0.00,               0.00,               0.00,               0.00
XXXX AADISH (NEW)-AMBERNATH-XX,            8400.00,               0.00,               0.00,               0.00,               0.00
XXXX AADISH MEDICAL-AMBERNATH-XX,           30000.00,               0.00,               0.00,               0.00,               0.00
XXXX AARNAV SURGICAL - TITWALA-XX,           99192.00,               0.00,               0.00,               0.00,               0.00
XXXX AARSU PHARMA - SATANA-XX,             500.00,               0.00,               0.00,               0.00,               0.00
XXXX ABHAY PHARMA - CHINCHWAD-XX,            7616.00,               0.00,               0.00,               0.00,               0.00
XXXX ABID PHARMA - KOLHAPUR-XX,           78036.00,               0.00,               0.00,               0.00,               0.00
XXXX ACME MEDICOS-AKOLA-(WINDLAS)-XR,           27874.00,               0.00,               0.00,               0.00,               0.00
XXXX ACTIVE AGENCIES - DAHISAR-XX,           20832.00,               0.00,               0.00,               0.00,               0.00
XXXX ACTIVENTIS BIOTCH PVT.LTD.THANE-XX,            1627.00,               0.00,               0.00,               0.00,               0.00
XXXX ADINATH DISTRIBUTOR - GONDIA-XX,            6726.00,               0.00,               0.00,               0.00,               0.00
XXXX ADITYA PHARMA - MOSHI(BHOSARI)-XX,           11760.00,               0.00,               0.00,               0.00,               0.00
XXXX AKSHAR PHARMA-KANDIVALI-XX,            7728.00,               0.00,               0.00,               0.00,               0.00
XXXX AKSHAY PHARMA-SUPA-XX,           28649.00,               0.00,               0.00,               0.00,               0.00
XXXX AL-BURHAN PHARMACY-BHAYENDEER-XX,            8607.00,               0.00,               0.00,               0.00,               0.00
XXXX AL-MOOSA AGENCIES-GOA-XX,           34611.00,               0.00,               0.00,               0.00,               0.00
XXXX ALFA MEDICO-YAVATMAL-XX,            6897.00,               0.00,               0.00,               0.00,               0.00
XXXX ALICE PHARMA PVT.LTD.-TURBHE-XX,           16974.00,               0.00,               0.00,               0.00,               0.00
XXXX ALL INDIA MEDICAL-MUMBAI-XX,            4720.00,               0.00,               0.00,               0.00,               0.00
XXXX AMAR AGENCY (VARUN) - VASAI -XX,           14114.00,               0.00,               0.00,               0.00,               0.00
XXXX AMAR PHARMA-PUNE-XX              .,           78830.00,               0.00,               0.00,               0.00,               0.00
XXXX AMBICA PHARMA-NAGPUR-XX,            5525.00,               0.00,               0.00,               0.00,               0.00
XXXX AMBICA DISTRIBUTOR-TURBHE-XX,           10678.00,               0.00,               0.00,               0.00,               0.00
XXXX AMBIKA PHARMA(NEW)-BHAYANDER-XX,           35645.00,               0.00,               0.00,               0.00,               0.00
XXXX AMBIKA PHARMA(OLD)- BHAYANDER,           61013.00,               0.00,               0.00,               0.00,               0.00
XXXX AMEYA SURGICALS-NAGPUR-XX,          132531.00,               0.00,               0.00,               0.00,               0.00
XXXX AMINUR EXIM PVT LTD - ANDHERI-XX,            2771.00,               0.00,               0.00,               0.00,               0.00
XXXX AMOGH AGENCY-NANDED,               0.00,               0.00,               0.00,               0.00,               0.00
XXXX AMTRAX LIFE SCI - JUINAGAR-XX,           16017.00,               0.00,               0.00,               0.00,               0.00
XXXX ANAND HEALTHCARES - AURANGABAD-XX,            5798.00,               0.00,               0.00,               0.00,               0.00
XXXX ANAND ENTERPRISES - BADLAPUR-XX,           43273.00,               0.00,               0.00,               0.00,               0.00
XXXX ANIL MEDICALS- BHUSAWAL-XX,           51871.00,               0.00,               0.00,               0.00,               0.00
XXXX ANIL PATHAK - SIPRA (PERSONAL)-XX,            2612.00,               0.00,               0.00,               0.00,               0.00
XXXX ANIRUDDH PHARMACEUTICALS-WATEGAON-XX,           20246.00,               0.00,               0.00,               0.00,               0.00
XXXX ANIRUDDHA (ANIL) - KHARGAR-XX,           10080.00,               0.00,               0.00,               0.00,               0.00
XXXX ANJALI AGENCY - NEWASA-XX,           11761.00,               0.00,               0.00,               0.00,               0.00
XXXX ANJANEY PHARMA-ISLAMPUR-XX,            2898.00,               0.00,               0.00,               0.00,               0.00
XXXX ANVI PHARMA-MOSHI-XX,            1444.00,               0.00,               0.00,               0.00,               0.00
XXXX APEKSHA MEDICAL-NANDED-WIND UP-XX,          122142.00,               0.00,               0.00,               0.00,               0.00
XXXX APEX PHARMA - MANMAD-XX,            5626.00,               0.00,               0.00,               0.00,               0.00
XXXX APEX PHARMA - BHIWANDI-XX,           35932.66,               0.00,               0.00,               0.00,               0.00
XXXX APOLLO PARMACY - PANVEL-XX,            1680.00,               0.00,               0.00,               0.00,               0.00
XXXX ARHAM AGENCIES-SHRIRAMPUR-XX,            5843.00,               0.00,               0.00,               0.00,               0.00
XXXX ARIEVA LIFE SCIENCE[X]C.RE.-XX,            3578.00,               0.00,               0.00,               0.00,               0.00
XXXX ARIHANT (KUNAL)-PR STR-XX,            5824.00,               0.00,               0.00,               0.00,               0.00
XXXX ARIHANT MEDISALES -PUNE-XX,           26181.00,               0.00,               0.00,               0.00,               0.00
XXXX ARIHANT DISTRIBUTORS-NASIK -XX,          166287.67,               0.00,               0.00,               0.00,               0.00
XXXX ARIHANT MEDICAL-BULDHANA-XX,           16661.00,               0.00,               0.00,               0.00,               0.00
XXXX ARIHANT JAIN 360,         -111837.00,               0.00,               0.00,               0.00,               0.00
XXXX ARIHANT AGENCIES - YAVATMAL-XX,            4945.00,               0.00,               0.00,               0.00,               0.00
XXXX ARIHANT MEDISALES - WAGOLI 10%-XX,           17569.00,               0.00,               0.00,               0.00,               0.00
XXXX ARIHANT AGENCIES -GONDIA-XX,           20994.00,               0.00,               0.00,               0.00,               0.00
XXXX ARPITA ENTERPRISE -BORIVALI-XX,            2003.00,               0.00,               0.00,               0.00,               0.00
XXXX ARTI PHARMACEUTICAL -BHOSA-XX,           21420.00,               0.00,               0.00,               0.00,               0.00
XXXX ARUBHI INTERNATIONAL-SALE-XX,           33625.00,               0.00,               0.00,               0.00,               0.00
XXXX ARUN PHARMA - AKLUJ-XX,            5040.00,               0.00,               0.00,               0.00,               0.00
XXXX ARVIND SURGICO - THANE-XX,           46908.00,               0.00,               0.00,               0.00,               0.00
XXXX ARYAN ENTERPRISES -PAWAI-XX,            1969.00,               0.00,               0.00,               0.00,               0.00
XXXX ASHA MEDICAL-KALAMBOLI-XX,           22230.00,               0.00,               0.00,               0.00,               0.00
XXXX ASHAPURI MEDICAL AGENCY-(DEOLA)-LN,          203276.00,               0.00,               0.00,               0.00,               0.00
XXXX ASHAPURA MEDICAL - BHIWANDI-XX.,          162260.00,               0.00,               0.00,               0.00,               0.00
XXXX ASHAPURA MEDICAL - BHIWANDI-XX,          101383.13,               0.00,               0.00,               0.00,               0.00
XXXX ASHIRWAD - SAHAD-XX,           48789.00,               0.00,               0.00,               0.00,               0.00
XXXX ASHIRVAD PHARMA-SOLAPUR-FIRM CLOSE-XX,          108526.00,               0.00,               0.00,               0.00,               0.00
XXXX ASHISH MEDICAL - SANGLI-XX,            7651.00,               0.00,               0.00,               0.00,               0.00
XXXX ASHISH SURGI PHARMA-NAGPUR-(AKUMS),           49150.00,               0.00,               0.00,               0.00,               0.00
XXXX ASHOKA ENTERPRISE-AMBERNATH-XX,           78267.00,               0.00,               0.00,               0.00,               0.00
XXXX ASHOKA ENT-ULHASNAGAR,               0.00,               0.00,               0.00,               0.00,               0.00
XXXX ASHTAVINAYAK -BHANDUP,               0.00,               0.00,               0.00,               0.00,               0.00
XXXX ASHTAVINAYAK - HADAPSAR-XX,            3000.00,               0.00,               0.00,               0.00,               0.00
XXXX ASHTAVINAYAK -NASIK-XX,           30011.00,               0.00,               0.00,               0.00,               0.00
XXXX ASHTAVINAYAK - NALASOPARA-XX,           13825.00,               0.00,               0.00,               0.00,               0.00
XXXX ASHWINI DEFENCE HOSPITAL - COL.,               0.00,               0.00,               0.00,               0.00,               0.00
XXXX ASIAN HEALTHCARE -THANE-XX,          152774.00,               0.00,               0.00,               0.00,               0.00
XXXX ASP PHARMA - GOREGAON-XX,            2759.00,               0.00,               0.00,               0.00,               0.00
XXXX ASSOCIATED ENTERPRISES - DHULE-XX,            3500.00,               0.00,               0.00,               0.00,               0.00
XXXX ATHARVA PHARMA - NANDED-XX,          175548.00,               0.00,               0.00,               0.00,               0.00
XXXX ATHARV MEDICAL - MULUND-XX,           37898.00,               0.00,               0.00,               0.00,               0.00
XXXX ATHARVA CHEMIST-BHAYANDAR-XX,           22050.00,               0.00,               0.00,               0.00,               0.00
XXXX ATHARVA ENTERPRISES-THANE-XX,            6038.00,               0.00,               0.00,               0.00,               0.00
XXXX AVDHUT PHARMA -NASIK,           51072.00,               0.00,               0.00,               0.00,               0.00
XXXX AVI PHARMA-BHAYANDER-XX,           30423.58,               0.00,               0.00,               0.00,               0.00
XXXX AVIGHNA MEDICAL - VASAI- XX,           34807.00,               0.00,               0.00,               0.00,               0.00
XXXX AVIGNHA DIST-NERUL-XX,           11475.00,               0.00,               0.00,               0.00,               0.00
XXXX AVINASH PHARMA - MANKHUR-XX,            6980.00,               0.00,               0.00,               0.00,               0.00
XXXX AWANI PHARMA - NAGPUR-XX,           30000.00,               0.00,               0.00,               0.00,               0.00
XXXX AYUSHI SURGICAL-AIROLI-XX,           20253.00,               0.00,               0.00,               0.00,               0.00
XXXX AYUSH HEALTHCARE-MULUND-XX,          344626.00,               0.00,               0.00,               0.00,               0.00
XXXX AYUSHMAN PHARMA - KARJAT-XX,            2646.00,               0.00,               0.00,               0.00,               0.00
XXXX AYUSH PHARMA - FURSUNGI-XX,           46722.00,               0.00,               0.00,               0.00,               0.00
XXXX B R PHARMA - PHALTAN,            3670.00,               0.00,               0.00,               0.00,               0.00
XXXX B.M.MEDICAL & AGENCIES-HINGOLI-XX,           10000.00,               0.00,               0.00,               0.00,               0.00
XXXX BAFNA PHARMA-BHOSARI-XX,          105854.00,               0.00,               0.00,               0.00,               0.00
XXXX BALAJI PHARMA - KALABURAGI -XX,            7018.00,               0.00,               0.00,               0.00,               0.00
XXXX BALAJI SURGI-YAVATMAL-XX,            6241.00,               0.00,               0.00,               0.00,               0.00
XXXX BALAJI SURGICAL -MALEGON-XX,           34697.00,               0.00,               0.00,               0.00,               0.00
XXXX BALAJI DIST - PHALTAN-,           42579.00,               0.00,               0.00,               0.00,               0.00
XXXX BANWARILAL - SILLOD-XX,           21848.00,               0.00,               0.00,               0.00,               0.00
XXXX BARROS ENT -GOA-XX,            4889.00,               0.00,               0.00,               0.00,               0.00
XXXX BASANT MEDICAL -CHEMBUR-XX,           23313.10,               0.00,               0.00,               0.00,               0.00
XXXX BDPL PHARMA - KANDIVALI-XX,           29460.00,               0.00,               0.00,               0.00,               0.00
XXXX BEST ONE ENTERPRISES-SOLAPUR-XX,           17342.00,               0.00,               0.00,               0.00,               0.00
XXXX BH PHARMA - AURANGABAD-XX,            8837.00,               0.00,               0.00,               0.00,               0.00
XXXX BHAIRAV SEVA SAMITI-XX,            5765.00,               0.00,               0.00,               0.00,               0.00
XXXX BHAKTI VEDANTA HOSPITAL - PALGHAR-XX,           14754.00,               0.00,               0.00,               0.00,               0.00
XXXX BHAKTI MEDICO-PUNE-XX,           99540.00,               0.00,               0.00,               0.00,               0.00
XXXX BHAKTIVEDANTA HOSPITAL -KANDIVALI-XX,            7559.00,               0.00,               0.00,               0.00,               0.00
XXXX BHAKTI MEDICAL - KANDHAR-(AKUMS),            5405.00,               0.00,               0.00,               0.00,               0.00
XXXX BHAKTI MEDICAL AGENCY - KANDHAR(NANDED),               0.00,               0.00,               0.00,               0.00,               0.00
XXXX BHARAT PHARMA -CHIPLUN-XX,            9880.00,               0.00,               0.00,               0.00,               0.00
XXXX BHARAT MEDICO-SAKINAKA-XX,            6084.00,               0.00,               0.00,               0.00,               0.00
XXXX BHARAT GENERIC JANAUSHADHI KENDRA-NALA-,          115130.00,               0.00,               0.00,               0.00,               0.00
XXXX BHATIA MEDICAL - SANTACRUZ (EAST)-XX,            1445.00,               0.00,               0.00,               0.00,               0.00
XXXX BHAVANI AGENCIES-OSMANABAD-XX,           10000.00,               0.00,               0.00,               0.00,               0.00
XXXX BHAVANI MEDICAL STORE-SILVASA-XX,             915.00,               0.00,               0.00,               0.00,               0.00
XXXX BHAVANI DRUGS - ERNAKULAM-XX,           60324.00,               0.00,               0.00,               0.00,               0.00
XXXX BHAVANI MEDICAL STORE-SURAT-XX,            3115.00,               0.00,               0.00,               0.00,               0.00
XXXX BHAVESH CLINIC-VAPI-XX,            2831.00,               0.00,               0.00,               0.00,               0.00
XXXX BHAVISHA PHARMA-SANTACRUZ-XX,            3647.00,               0.00,               0.00,               0.00,               0.00
XXXX BHAVIK TRADERS-BORIVALI-XX,           26444.00,               0.00,               0.00,               0.00,               0.00
XXXX BHAVISHA HEALTH - KANDIVALI-XX,           87682.00,               0.00,               0.00,               0.00,               0.00
XXXX BHAYANI PHARMA -PRINCE TOWER-XX,          225821.00,               0.00,               0.00,               0.00,               0.00
XXXX BHUJBAL PHARMA -NARAYANGAON-XX,           52288.00,               0.00,               0.00,               0.00,               0.00
XXXX BHUSHAN DISTRIBUTORS -JALGAON,            7739.00,               0.00,               0.00,               0.00,               0.00
XXXX BIOMEDIX PHARMACEUTICALS - MALAD XX,            8050.00,               0.00,               0.00,               0.00,               0.00
XXXX BOMBAY HOSPITAL STORE-XX,            1909.00,               0.00,               0.00,               0.00,               0.00
XXXX BOMBAY DRUG - SANTACRUZ-XX,           86944.00,               0.00,               0.00,               0.00,               0.00
XXXX BOMBAY HOSPITAL (PHARMACY)-MARINE LINE-,          177770.00,               0.00,               0.00,               0.00,               0.00
XXXX BORIVALI JANAUSHADHI-BORIVALI-XX,           10124.87,               0.00,               0.00,               0.00,               0.00
XXXX BRHAMCHAITNYA - PANDHARPUR-XX,           58504.00,               0.00,               0.00,               0.00,               0.00
XXXX C.L.GALA CLINIC-XX,            5429.00,               0.00,               0.00,               0.00,               0.00
XXXX CARE ENTERPRISES - AMBERNATH-XX,            6000.00,               0.00,               0.00,               0.00,               0.00
XXXX CENTRAL CHEMIST-DAPOLI-XX,            6992.00,               0.00,               0.00,               0.00,               0.00
XXXX CHAITANYA MEDICAL-CHINCHWAD-XX,           13954.00,               0.00,               0.00,               0.00,               0.00
XXXX CHAITANYA - OTUR-XX,           64748.00,               0.00,               0.00,               0.00,               0.00
XXXX CHAMUNDA PHARMA - GOREGAON XX,            3000.00,               0.00,               0.00,               0.00,               0.00
XXXX CHANDRA BHAGAT - MATUNGA-XX,          126055.00,               0.00,               0.00,               0.00,               0.00
XXXX CHD PHARMACEUTICAL - KALBADEVI (OLD),            4990.00,               0.00,               0.00,               0.00,               0.00
XXXX CHETAN DRUG HOUSE - PALGHAR-XX,            2153.00,               0.00,               0.00,               0.00,               0.00
XXXX CHETAN MEDICAL-LONAR-XX,            2227.00,               0.00,               0.00,               0.00,               0.00
XXXX CHHAYA AGENCY -AMBERNATH-XX,           19510.00,               0.00,               0.00,               0.00,               0.00
XXXX CHINTAN APPU BHAI FRIEND-XX,            4813.00,               0.00,               0.00,               0.00,               0.00
XXXX CHIRAYU PHARMA -SHIRUR-XX,           57138.00,               0.00,               0.00,               0.00,               0.00
XXXX CHIRAG (APURVA'S FRIEND)-XX,            2912.00,               0.00,               0.00,               0.00,               0.00
XXXX CHIRAG SURGICAL -MAHIM-XX,           32956.00,               0.00,               0.00,               0.00,               0.00
XXXX CHIRAYU PHARMA -KARAD-XX,           30911.00,               0.00,               0.00,               0.00,               0.00
XXXX CHOUDHARY MEDICO -KALYAN,            8709.00,               0.00,               0.00,               0.00,               0.00
XXXX CHUZAAR PHARMA PVT -ULHASNAGAR-XX,           21591.00,               0.00,               0.00,               0.00,               0.00
XXXX CITIZEN PHARMACY-NAGPUR-XX,            2000.00,               0.00,               0.00,               0.00,               0.00
XXXX CITY MEDICAL -MALEGAON-XX,           11087.00,               0.00,               0.00,               0.00,               0.00
XXXX COMMISSION DILIP RAJPURE-(MIDAS) 1%,          521568.00,               0.00,           50000.00,               0.00,               0.00
XXXX CRAFTISION INDIA-XX,            7408.00,               0.00,               0.00,               0.00,               0.00
XXXX CRYSTLE CHEMICALS - CHEMBUR-XX,            3906.00,               0.00,               0.00,               0.00,               0.00
XXXX CURE (CLOSED) - PUNE-XX,            4568.00,               0.00,               0.00,               0.00,               0.00
XXXX CURE SURGICALS - PUNE-XX,           58050.00,               0.00,               0.00,               0.00,               0.00
XXXX D&D PHARMA MULTI SPE PVT-PARBHANI-XX,            4579.00,               0.00,               0.00,               0.00,               0.00
XXXX D.M.ENTERPRISES-KURLA-XX,           36911.00,               0.00,               0.00,               0.00,               0.00
XXXX D.N.SURGICAL & DRESSING-DAHISAR-XX,             300.00,               0.00,               0.00,               0.00,               0.00
XXXX D.P.ENT-DOMBIVLI-XX,           15115.00,               0.00,               0.00,               0.00,               0.00
XXXX DARSH PHARMA-VIRAR-XX,           16985.00,               0.00,               0.00,               0.00,               0.00
XXXX DARSHAN AGENCIES-AKOLA-XX,           24144.00,               0.00,               0.00,               0.00,               0.00
XXXX DARSHAN PHARMA-RISOD-XX,           10600.00,               0.00,               0.00,               0.00,               0.00
XXXX DAS SURGICALS - AKOLA-XX,             500.00,               0.00,               0.00,               0.00,               0.00
XXXX DAWASETU PRIVAT LTD-NAGPUR-ELDER,            1159.00,               0.00,               0.00,               0.00,               0.00
XXXX DELKARSH CHEMIST-XX,            6352.00,               0.00,               0.00,               0.00,               0.00
XXXX DELTA ENTERPRISES-FORT-XX,            3528.00,               0.00,               0.00,               0.00,               0.00
XXXX DELUX ENTERPRSIES -DOMBIVALI-XX,           13835.00,               0.00,               0.00,               0.00,               0.00
XXXX DEV MEDICAL - NANDED-XX,            5826.00,               0.00,               0.00,               0.00,               0.00
XXXX DEVANSHI ENTERPRISES -PUNE-XX,           25243.00,               0.00,               0.00,               0.00,               0.00
XXXX DHANASHREE PHARMA -UDGIR-XX,           36544.00,               0.00,               0.00,               0.00,               0.00
XXXX DHANLAXMI PHARMA - ULHASNAGAR-XX,           74622.00,               0.00,               0.00,               0.00,               0.00
XXXX DHANLAXMI CHEMIST - MALAD-XX,           12246.00,               0.00,               0.00,               0.00,               0.00
XXXX DHANSHREE DIST -CHUNABHATTI-XX,           15951.00,               0.00,               0.00,               0.00,               0.00
XXXX DHANWANTRI CLINIC & PANVEL-XX,           14392.00,               0.00,               0.00,               0.00,               0.00
XXXX DHARAM DISTRIBUTORS - CAMBAY-XX,            1990.00,               0.00,               0.00,               0.00,               0.00
XXXX DHIRUBHAI AMBANI HOSPITAL-XX,             939.00,               0.00,               0.00,               0.00,               0.00
XXXX DIPAK LOKHANDE-XX,          116536.00,               0.00,               0.00,               0.00,               0.00
XXXX DIPIKA AGENCY-SANPADA-XX,           16101.00,               0.00,               0.00,               0.00,               0.00
XXXX DISNIL BIOTECH-VASAI-XX,           42914.00,               0.00,               0.00,               0.00,               0.00
XXXX DN.ASSOCIATES - WADI (NAGPUR)-XX,           60469.00,               0.00,               0.00,               0.00,               0.00
XXXX DOCTOR MEDICAL - PUNE-XX,            5281.00,               0.00,               0.00,               0.00,               0.00
XXXX DOCTOR'S SHOPEE - NASIK-XX,           16070.00,               0.00,               0.00,               0.00,               0.00
XXXX DOK AUSHDHI PVT - AURANGABAD-XX,          181018.00,               0.00,               0.00,               0.00,               0.00
XXXX DOSHI (SONS) - KHETWADI-XX,           40093.00,               0.00,               0.00,               0.00,               0.00
XXXX DOSHI ENT - MULUND-XX,            5401.00,               0.00,               0.00,               0.00,               0.00
XXXX DOSHI (GUNWANT) - KHETWADI-XX,           58984.00,               0.00,               0.00,               0.00,               0.00
XXXX DR.A.D.MEHTA - BORIVALI (W),            3540.00,               0.00,               0.00,               0.00,               0.00
XXXX DR.BABASAHEB AMBEDKAR-KHOPOLI-XX,           19431.00,               0.00,               0.00,               0.00,               0.00
XXXX DR.D.J.ZAWAR-PALGHAR-XX,            6888.00,               0.00,               0.00,               0.00,               0.00
XXXX DR.H.S.VAKHARIA - MALAD-XX,           13014.00,               0.00,               0.00,               0.00,               0.00
XXXX DR.KISHORE KENKRE-GOA-XX,            6153.00,               0.00,               0.00,               0.00,               0.00
XXXX DR.OMPRAKASH JAGNANI - MALAD-XX,            1260.00,               0.00,               0.00,               0.00,               0.00
XXXX DR.PAMU - WOCKHARDT-XX,            6574.00,               0.00,               0.00,               0.00,               0.00
XXXX DR.SHARAD SHAH - VASAI(W)-XX,           15772.00,               0.00,               0.00,               0.00,               0.00
XXXX DR.SIDDHI'S - VIRAR-XX,            4196.00,               0.00,               0.00,               0.00,               0.00
XXXX DR.SUNIL MEHTA - JUHU-XX,           16529.00,               0.00,               0.00,               0.00,               0.00
XXXX DR.SUMITRO BANERJEE -GOREGAON-XX,            7672.00,               0.00,               0.00,               0.00,               0.00
XXXX DR.V.H.SHROFF-XX,            1260.00,               0.00,               0.00,               0.00,               0.00
XXXX DURGA MEDICAL - MALINAGAR-XX,          112962.00,               0.00,               0.00,               0.00,               0.00
XXXX EDDY HEALTHCARE - BODWAD(JALGAON ),           45206.71,               0.00,               0.00,               0.00,               0.00
XXXX EKDANT - DAHISAR-XX,            3952.00,               0.00,               0.00,               0.00,               0.00
XXXX EKDANT PHARMA - VIRAR-XX,           12078.00,               0.00,               0.00,               0.00,               0.00
XXXX ELIXIR PHARMA-THANE-XX,           12983.51,               0.00,               0.00,               0.00,               0.00
XXXX ERIS LIFESCIENCES LTD-SANTACRUZ-XX,            8463.00,               0.00,               0.00,               0.00,               0.00
XXXX EXCEL ENTERPRISE -ANDHERI-XX,            2988.00,               0.00,               0.00,               0.00,               0.00
XXXX EXIM-PHRMA-XX,            6990.00,               0.00,               0.00,               0.00,               0.00
XXXX Eagle Enterprises - NARAYANGAON-XX,            6449.00,               0.00,               0.00,               0.00,               0.00
XXXX FAKIRCHAND TOLARAM -PACHORA-XX,            8026.00,               0.00,               0.00,               0.00,               0.00
XXXX FAMOUS SURGICAL-MUM-02-XX,            1411.00,               0.00,               0.00,               0.00,               0.00
XXXX FAROOQUI TRADERS-NANDED,               0.00,               0.00,               0.00,               0.00,               0.00
XXXX FAUZIYA CHEMIST -KURLA-XX,           21840.00,               0.00,               0.00,               0.00,               0.00
XXXX FIVE PILLARS - ANDHERI-XX,           17472.00,               0.00,               0.00,               0.00,               0.00
XXXX FORTIS HOSPITALS LIMITED-XX,            2926.00,               0.00,               0.00,               0.00,               0.00
XXXX FORTUNE HEALTHCARE - CHINCHAWAD-XX,           57402.00,               0.00,               0.00,               0.00,               0.00
XXXX FREDUN PHARMACEUTICALS LIMITED - PALGHA,           10080.00,               0.00,               0.00,               0.00,               0.00
XXXX G.O.DISTRIBUTORS-VIRAR-XX,            3564.00,               0.00,               0.00,               0.00,               0.00
XXXX G.O.DISTRIBUTIRS-VIRAR-XX,             121.00,               0.00,               0.00,               0.00,               0.00
XXXX G.O.PHARMA - VIRAR-XX,           21178.00,               0.00,               0.00,               0.00,               0.00
XXXX G.T.ENT (LABHDHI) - AIROLI-XX,            7700.00,               0.00,               0.00,               0.00,               0.00
XXXX G.T.S.SURGICO-RATNAGIRI-XX,            2000.00,               0.00,               0.00,               0.00,               0.00
XXXX GAGAN PHARMA - MALAD-XX,           30999.00,               0.00,               0.00,               0.00,               0.00
XXXX GAJANAN PHARMA-MIRAJ-XX,           19600.00,               0.00,               0.00,               0.00,               0.00
XXXX GAJANAN DISTR - NASIK-XX,           15173.00,               0.00,               0.00,               0.00,               0.00
XXXX GAJANAN MEDICAL AGENCY-DOMBIVLI -XX,           10640.00,               0.00,               0.00,               0.00,               0.00
XXXX GALAXY PHARMA-MIRA ROAD-XX,           49447.00,               0.00,               0.00,               0.00,               0.00
XXXX GALAXYSTAR PHARMA(DAONIL)- JOGESHWARI-X,           36132.00,               0.00,               0.00,               0.00,               0.00
XXXX GANESH PHARMACITUCAL- NASIK-XX,           16278.00,               0.00,               0.00,               0.00,               0.00
XXXX GARODIA DIST - BHAYANDER-XX,           32341.00,               0.00,               0.00,               0.00,               0.00
XXXX GATTANI MEDICO -RISOD-XX,           18207.00,               0.00,               0.00,               0.00,               0.00
XXXX GAYATRI PHARMA-CHICHWAD-XX,           24594.00,               0.00,               0.00,               0.00,               0.00
XXXX GAYKAR LIFECARE - SANGAMNER XX,            2520.71,               0.00,               0.00,               0.00,             500.00
XXXX GENERICO-HARIOM NAGAR-XX,          129741.00,               0.00,               0.00,               0.00,               0.00
XXXX GENERAL DRUG (DAONIL)-XX,            6965.00,               0.00,               0.00,               0.00,               0.00
XXXX GIRIRAJ AGENCY - VASAI-XX,           15283.00,               0.00,               0.00,               0.00,               0.00
XXXX GIRISH MEDICOS-CHANDRAPUR-XX,           19516.00,               0.00,               0.00,               0.00,               0.00
XXXX GIRISH MEDICAL-HINGOLI-XX,           51920.00,               0.00,               0.00,               0.00,               0.00
XXXX GIRNAR PHARMA-NAGPUR-XX,            1141.00,               0.00,               0.00,               0.00,               0.00
XXXX GLOBAL DISTRIBUTORS-LATUR-XX,            6812.78,               0.00,               0.00,               0.00,               0.00
XXXX GLOBAL WELLNESS-BHUSAWAL-XX,            3968.39,               0.00,               0.00,               0.00,               0.00
XXXX GLOBAL HOSPITAL-PAREL-XX    .,            8326.00,               0.00,               0.00,               0.00,               0.00
XXXX GLOBAL SURGICAL - MULUND-XX,           13436.00,               0.00,               0.00,               0.00,               0.00
XXXX GLOBAL CREATION - NAVI MUM-XX,           17019.00,               0.00,               0.00,               0.00,               0.00
XXXX GLUMEX PHARMACEUTICALS-XX,           43875.00,               0.00,               0.00,               0.00,               0.00
XXXX GO GENERIC-ANDHERI-XX,           11859.00,               0.00,               0.00,               0.00,               0.00
XXXX GOPIRATAN (TENDER)-XX,           61796.00,               0.00,               0.00,               0.00,               0.00
XXXX GORA PHARMA -MAHAD-XX,           22000.00,               0.00,               0.00,               0.00,               0.00
XXXX GORTE MEDICOS-AMRAVATI-XX,           16108.00,               0.00,               0.00,               0.00,               0.00
XXXX GOVIND DIST-PHALTAN,           32898.00,               0.00,               0.00,               0.00,               0.00
XXXX GREENEDGE AGENCIES-NAGPUR-XX,            4493.00,               0.00,               0.00,               0.00,               0.00
XXXX GREEN CARE PHARMA-MUMBRA-XX,            1500.00,               0.00,               0.00,               0.00,               0.00
XXXX GSM PHARMA AGENCIES-SANGAMNER-XX,           89147.00,               0.00,               0.00,               0.00,               0.00
XXXX GURU ENT ULHASNAGAR-XX,           24274.00,               0.00,               0.00,               0.00,               0.00
XXXX GURUKRUPA MEDICAL-SINNAR,           58886.00,               0.00,               0.00,               0.00,               0.00
XXXX GURUKRUPA MEDI-PARNER-XX,           11243.00,               0.00,               0.00,               0.00,               0.00
XXXX GURUKRUPA MEDICAL-SENGAON(HINGOLI)-XX,            4500.00,               0.00,               0.00,               0.00,               0.00
XXXX GURUKRUPA ENT - GOREGAON-XR,           13280.00,               0.00,               0.00,               0.00,               0.00
XXXX GURUKRUPA MEDICAL-PATUS-XX,           75437.00,               0.00,               0.00,               0.00,               0.00
XXXX GURUKRUPA MEDICAL AGENCY-KOLHA.,            5147.00,               0.00,               0.00,               0.00,               0.00
XXXX GURUKRUPA MEDICO - THANE  .,             945.00,               0.00,               0.00,               0.00,               0.00
XXXX GURUKRIPA DISTRIBUTOR-KORE-XX.,            3985.00,               0.00,               0.00,               0.00,               0.00
XXXX GURUKRIPA MEDICAL-WARORA-XX,           52238.00,               0.00,               0.00,               0.00,               0.00
XXXX GURUKRUPA PHARMA-YEOLA     .,           70180.00,               0.00,               0.00,               0.00,               0.00
XXXX GURUMAULI MEDICALS-MEHKAR-XR,           23985.00,               0.00,               0.00,               0.00,               0.00
XXXX GURUNANAK AGENCY - NAGPUR .,            7445.00,               0.00,               0.00,               0.00,               0.00
XXXX H.D.PHARMA - NANDED-XR,            8496.00,               0.00,               0.00,               0.00,               0.00
XXXX H.N HOSPITAL - (PROBLEMS),           28278.00,               0.00,               0.00,               0.00,               0.00
XXXX H.P.MEDISALE - PEN (XBAKA),           51200.00,               0.00,               0.00,               0.00,               0.00
XXXX H1 ARIHANT - NANDURBAR        .,            8000.00,               0.00,               0.00,               0.00,               0.00
XXXX H1 LAXMI MKT-AHILYANAGAR,            7200.00,               0.00,               0.00,               0.00,               0.00
XXXX H1 SHREE PRABHU - SHAHADA     .,            5500.00,               0.00,               0.00,               0.00,               0.00
XXXX H1 SHREE RAJURESHWARI -JALNA,           14700.00,               0.00,               0.00,               0.00,               0.00
XXXX H1 SUYOG - PARBHANI,           25000.00,               0.00,               0.00,               0.00,               0.00
XXXX HAKE MEDICAL - PARBHANI (XX.,           69283.00,               0.00,               0.00,               0.00,               0.00
XXXX HARI OM PHARMA - KALYAN(EAST)-XX,          328520.00,               0.00,               0.00,               0.00,               0.00
XXXX HARI HAR AGENCIES -RATNAGIRI,           14807.00,               0.00,               0.00,               0.00,               0.00
XXXX HARI OM DIST - AMBERNATH,            2123.00,               0.00,               0.00,               0.00,               0.00
XXXX HARIPRIYA DISTRIBUTORS - SA.,            5000.00,               0.00,               0.00,               0.00,               0.00
XXXX HARSH ENTERPRISES - MALAD  .,             962.00,               0.00,               0.00,               0.00,               0.00
XXXX HARSH MEDICAL-AURANGABAD  -DIPAK CLOSED,           20988.00,               0.00,               0.00,               0.00,               0.00
XXXX HEALTHCARE - NASIK,             883.00,               0.00,               0.00,               0.00,               0.00
XXXX HEALTH SECURE [INDIA] PVT L.,            6684.00,               0.00,               0.00,               0.00,               0.00
XXXX HEALTH CHEMIST - KALYAN,           25334.00,               0.00,               0.00,               0.00,               0.00
XXXX HEALTHCARE - GOA-XR,           65926.00,               0.00,               0.00,               0.00,               0.00
XXXX HELP LINE -MIRA ROAD-(CLOSE)-LN,          219669.00,               0.00,               0.00,               0.00,               0.00
XXXX HET GENERICS - MULUND,           27567.00,               0.00,               0.00,               0.00,               0.00
XXXX HI-TECH MEDICAL - PUNE - TITANIC,          177683.00,               0.00,               0.00,               0.00,               0.00
XXXX HINDUJA DIST-NASIK-MUKESH TIWARI NIRMA-,           14784.00,               0.00,               0.00,               0.00,               0.00
XXXX HITAKSHI PHARMA - THANE,            1614.00,               0.00,               0.00,               0.00,               0.00
XXXX HL PHARMA - TITWALA,            2028.00,               0.00,               0.00,               0.00,               0.00
XXXX HONEY ENTERPRISES-NAGPUR(RAJANMIRACULES,           47638.00,               0.00,               0.00,               0.00,               0.00
XXXX HORIZON ENT-DOMBIVALI,           47175.00,               0.00,               0.00,               0.00,               0.00
XXXX HP PHARMA SQUARE - THIRUVANANTHAPURRAM,           29847.00,               0.00,               0.00,               0.00,               0.00
XXXX I.C.LIFE CARE - MIRAJ -XX,            1759.00,               0.00,               0.00,               0.00,               0.00
XXXX ICON PHARMA-KHOPOLI           .,            8091.00,               0.00,               0.00,               0.00,               0.00
XXXX INDIA PHARMA-DOMBIVLI  ONLY FOR CASH,            1968.00,               0.00,               0.00,               0.00,               0.00
XXXX INDIAN PHARMA - MALAD (BAD PARTY),           44520.00,               0.00,               0.00,               0.00,               0.00
XXXX INDIA MEDICAL AGENCY-BHIWA.,           14160.00,               0.00,               0.00,               0.00,               0.00
XXXX INDIRAI MEDICAL - LOHA,             500.00,               0.00,               0.00,               0.00,               0.00
XXXX INDIRA MEDICAL - NASIK -XX,           49578.00,               0.00,               0.00,               0.00,               0.00
XXXX INDRAPRASTH MEDICAL - NAGP.,           16602.00,               0.00,               0.00,               0.00,               0.00
XXXX INH LIFE SCIENCE-KAMOTHE,           46236.00,               0.00,               0.00,               0.00,               0.00
XXXX ISHWARI MEDICO - PUNE (SAD.,            5685.00,               0.00,               0.00,               0.00,               0.00
XXXX J.M LIFE - DOMBIVALI,            2016.00,               0.00,               0.00,               0.00,               0.00
XXXX J.P DISTRIBUTORS - TALOJA#CB1,           29061.00,               0.00,               0.00,               0.00,               0.00
XXXX J.S.DISTRIBUTORS - VASAI,           13182.00,               0.00,               0.00,               0.00,               0.00
XXXX J.S.ENT - SAKI NAKA (NEW),            9513.00,               0.00,               0.00,               0.00,               0.00
XXXX J.S.ENTER - SAKINAKA (OLD) .,          113240.00,               0.00,               0.00,               0.00,               0.00
XXXX J.S.PHARMA - MALEGAON      .,            4841.00,               0.00,               0.00,               0.00,               0.00
XXXX JAGRUT DISTRIBUTORS - NANDED,            1500.00,               0.00,               0.00,               0.00,               0.00
XXXX JAI BABAJI - NASIK-LN,          197911.00,               0.00,               0.00,               0.00,               0.00
XXXX JAI MATA DI AGENCY - SHIRUR.,           21809.00,               0.00,               0.00,               0.00,               0.00
XXXX JAIMIT PHARMA-NASIK,           48786.00,               0.00,               0.00,               0.00,               0.00
XXXX JAIN MEDICAL - AKOLA          .,            5291.00,               0.00,               0.00,               0.00,               0.00
XXXX JAIRAM - NAGPUR @ ALL EXP IN COVID,           46562.00,               0.00,               0.00,               0.00,               0.00
XXXX JAMADAR MEDICAL-SOLAPUR (X).,            8776.00,               0.00,               0.00,               0.00,               0.00
XXXX JANATA MEDICAL - WASHIM (X.,           17187.00,               0.00,               0.00,               0.00,               0.00
XXXX JASLOK HOSPITAL - PEDDER ROAD .,            2058.00,               0.00,               0.00,               0.00,               0.00
XXXX JASPAL MEDICAL - PUNE,            3539.00,               0.00,               0.00,               0.00,               0.00
XXXX JAY BAJRANGBALI PHARMA-UMARKHED-LN,           52369.00,               0.00,               0.00,               0.00,               0.00
XXXX JAY PHARMACEUTICALS- MUM-02   .,            5600.00,               0.00,               0.00,               0.00,               0.00
XXXX JAYATI DRUG HOUSE - DHULE,           17415.00,               0.00,               0.00,               0.00,               0.00
XXXX JAYESH LIFESCIENCES - MALAD,           21980.00,               0.00,               0.00,               0.00,               0.00
XXXX JAYPRAKASH PHARMA - AMRAVATI-XX-SHOP CL,           55297.00,               0.00,               0.00,               0.00,               0.00
XXXX JAYSHRI PHARMA - SOLAPUR   .,           11550.00,               0.00,               0.00,               0.00,               0.00
XXXX JILAVEER INTERNATIONAL - PRINC.,            8305.00,               0.00,               0.00,               0.00,               0.00
XXXX JIVDANI PHARMA - NALASOPARA,            4465.00,               0.00,               0.00,               0.00,               0.00
XXXX JMD LIFECARE - WADI BUNDER (STOP)-,            1277.00,               0.00,               0.00,               0.00,               0.00
XXXX JMD PHARMA - BHIWANDI,           91303.00,               0.00,               0.00,               0.00,               0.00
XXXX JMD PHARMA - BHIWANDI xx,           15000.00,               0.00,               0.00,               0.00,               0.00
XXXX JOLENE FERNANDES-ANDHERI(ERIS),            5208.00,               0.00,               0.00,               0.00,               0.00
XXXX JOSHI MEDICO- NALASOPARA   .,            9400.00,               0.00,               0.00,               0.00,               0.00
XXXX JOVIAL PHARMACEUTICALS - NAGPUR-XX,               0.00,               0.00,               0.00,               0.00,               0.00
XXXX JYOTI ENTERPRISES - KURLA-XX,            2152.00,               0.00,               0.00,               0.00,               0.00
XXXX K.D.ENTERPRISE - ULSHANAGR .,           14622.00,               0.00,               0.00,               0.00,               0.00
XXXX K.J PHARMA - GOVANDI(TITANIC),           20766.00,               0.00,               0.00,               0.00,               0.00
XXXX K.K.AGENCIES - AMBERNATH,           15258.00,               0.00,               0.00,               0.00,               0.00
XXXX K.K.HEALTHCARE - THANE (x-1.L,           11665.00,               0.00,               0.00,               0.00,               0.00
XXXX KADUS DISTRIBUTORS-AHILYANAGAR,            1698.00,               0.00,               0.00,               0.00,               0.00
XXXX KAILASH SURGICAL - SADASHIV PETH,            2569.00,               0.00,               0.00,               0.00,               0.00
XXXX KAILASH ENTERPRISES -SADASHIV PETH-XR,          139498.00,               0.00,               0.00,               0.00,               0.00
XXXX KALIKA MEDICAL - KAIZ,           57904.00,               0.00,               0.00,               0.00,               0.00
XXXX KALPANA (KARAN) - KATRAJ,           43752.00,               0.00,               0.00,               0.00,               0.00
XXXX KALPATARU AGE -NAGPUR,           52267.00,               0.00,               0.00,               0.00,               0.00
XXXX KALPANA (SUNIL)- KATRAJ-TITANIC,           26062.00,               0.00,               0.00,               0.00,               0.00
XXXX KALSEKAR HOSPITAL MEDICAL-MUMBRA-XR,           35060.00,               0.00,               0.00,               0.00,               0.00
XXXX KALYAN (KAILASH) - KALYAN,           78539.00,               0.00,               0.00,               0.00,               0.00
XXXX KAMAL INTERNATIONAL - GOREG.,          205711.00,               0.00,               0.00,               0.00,               0.00
XXXX KANAK DISTRIBUTORS-PUNE    .,            5424.00,               0.00,               0.00,               0.00,               0.00
XXXX KAUSHIK PHARMA-BHAYENDER   .,            8042.00,               0.00,               0.00,               0.00,               0.00
XXXX KAYEM PHARMACEUTICAL - BORI.,            6785.00,               0.00,               0.00,               0.00,               0.00
XXXX KESHAVLAL  - MAHIM-XX,           15183.00,               0.00,               0.00,               0.00,               0.00
XXXX KESHAVLAL RAICHAND-GHATKOPAR-XR,           44998.00,               0.00,               0.00,               0.00,               0.00
XXXX KHANDESH PHARMA - PACHORA-XX DONT OPEN,           28252.00,               0.00,               0.00,               0.00,               0.00
XXXX KHETANI ENTERPRIS-BHAYANDER OWNER DEATH,           28332.00,               0.00,               0.00,               0.00,               0.00
XXXX KHYATI REDWINGS COMMISSION-XX,           47100.00,               0.00,               0.00,               0.00,               0.00
XXXX KING PHARMA -AMBERNATH,           15731.00,               0.00,               0.00,               0.00,               0.00
XXXX KIRAN AGENEIES-KADEGAON,           12474.00,               0.00,               0.00,               0.00,               0.00
XXXX KISNA PHARMA - ULHASNAGAR  DAONIL,           33708.00,               0.00,               0.00,               0.00,               0.00
XXXX KOHINOOR CHARITABLE TRUST .,            5008.00,               0.00,               0.00,               0.00,               0.00
XXXX KOTALWAR AGE-LATUR,               0.00,               0.00,               0.00,               0.00,               0.00
XXXX KRATON POLYMERS INDIA PVT LTD,            1888.00,               0.00,               0.00,               0.00,               0.00
XXXX KRIPTEX PHARMA-KARAD,           40954.04,               0.00,               0.00,               0.00,               0.00
XXXX KRISHNA MEDICAL & SURGICAL-XX,           28427.00,               0.00,               0.00,               0.00,               0.00
XXXX KRISHNA DISTRIBUTORS - VITA,           23311.00,               0.00,               0.00,               0.00,               0.00
XXXX KRISHNA MEDICAL - KADEGAON.,            9282.00,               0.00,               0.00,               0.00,               0.00
XXXX KRISTAR PHARMA - PARBHANI (DONT BILL),               0.00,               0.00,               0.00,               0.00,               0.00
XXXX KRUSHNA GENERIC PHARMACY-PALGHAR,            3277.00,               0.00,               0.00,               0.00,               0.00
XXXX KUBER PHARMA - KAMOTHE-XR,           89345.00,               0.00,               0.00,               0.00,               0.00
XXXX KULSWAMINI MEDICAL AGENCIES-PUSAD,           64686.00,               0.00,               0.00,               0.00,               0.00
XXXX KUMAR & COMPANY-GOA (STOP),           13668.00,               0.00,               0.00,               0.00,               0.00
XXXX KWALITY DRUG - SAMBHAJINAGAR,               0.00,               0.00,               0.00,               0.00,               0.00
XXXX L.S.HEALTHCARE-KAMOTHE,           53070.00,               0.00,               0.00,               0.00,               0.00
XXXX LABDHI PHARMA - MALAD (E)     .,           16389.00,               0.00,               0.00,               0.00,               0.00
XXXX LABOREX PHARMA PVT LTD-MANKHURD-XXX,           61743.00,               0.00,               0.00,               0.00,               0.00
XXXX LAKSHYA PHARMA-CHANDRAPUR-XR,           32975.00,               0.00,               0.00,               0.00,               0.00
XXXX LAKSHIT PHARMA-VIRAR,            9968.00,               0.00,               0.00,               0.00,               0.00
XXXX LANDGE AGENCIES - AHILYANAGAR,            7720.00,               0.00,               0.00,               0.00,               0.00
XXXX LAXMI DISTRIBUTORS-KALYAN  R.S,            9237.00,               0.00,               0.00,               0.00,               0.00
XXXX LAXMI (DAONIL)-NASIK-XR,           13529.00,               0.00,               0.00,               0.00,               0.00
XXXX LAXMIVENKATESHWARA MEDICAL-MUDHOL-XR,           19104.00,               0.00,               0.00,               0.00,               0.00
XXXX LAXMI MEDICAL AND GENERAL STORES-KALAMN,           22183.00,               0.00,               0.00,               0.00,               0.00
XXXX LAXMI-HINGEWADI,            2758.00,               0.00,               0.00,               0.00,               0.00
XXXX LAXMI (DAONIL) - CHINCHWAD,            2576.00,               0.00,               0.00,               0.00,               0.00
XXXX LAXMI MEDICAL & AGENCY-SANGAMN.,            1754.00,               0.00,               0.00,               0.00,               0.00
XXXX LAXMI DISTRIBUTOR- KARAD [.,            5041.00,               0.00,               0.00,               0.00,               0.00
XXXX LEO LIFE SCIENCE - AKOLA-XX,            7752.00,               0.00,               0.00,             500.00,             500.00
XXXX LIFE LINE - MALEGAON,           16414.00,               0.00,               0.00,               0.00,               0.00
XXXX LIFE LINE DRUG-SATARA (stop),            4727.00,               0.00,               0.00,               0.00,               0.00
XXXX LIFE LINE-BORIVALI-XX,           80561.00,               0.00,               0.00,               0.00,               0.00
XXXX LIFECARE PHARMA-MIRAJ-XR,           39211.00,               0.00,               0.00,               0.00,               0.00
XXXX LIPAP SYSTEM PVT.LTD- GOREGAON.,            2523.00,               0.00,               0.00,               0.00,               0.00
XXXX LIVEALTH BIOPHARMA PVT LTD - VASHI,               0.00,               0.00,               0.00,               0.00,               0.00
XXXX LOMESHWARI PHARMA - TALEGAON DABHAD-XX,            7570.00,               0.00,               0.00,               0.00,               0.00
XXXX M.K.MEDICAL SERVICES - BHIW.,            2520.00,               0.00,               0.00,               0.00,               0.00
XXXX M.M.PHARMA - FURSUNGI,           16279.00,               0.00,               0.00,               0.00,               0.00
XXXX M.R.PHARMA - PUSAD,           58357.00,               0.00,               0.00,               0.00,               0.00
XXXX M.S.PHARMA-MALEGAON-XX,           53706.78,               0.00,               0.00,               0.00,               0.00
XXXX MAA AMBIKA ENTERPRISE-ANTOP HILL-XR,            5363.00,               0.00,               0.00,               0.00,               0.00
XXXX MAA BHAVANI AGENCY-BHANDARA-(AKUMS),           39600.00,               0.00,               0.00,               0.00,               0.00
XXXX MAA SHAKTI PHARMA-SINDHWAHI-XR,           34821.00,               0.00,               0.00,               0.00,               0.00
XXXX MAA SANTOSHI - PUSAD,           80755.00,               0.00,               0.00,               0.00,               0.00
XXXX MAARK AGENCIES-MALAD,              60.00,               0.00,               0.00,               0.00,               0.00
XXXX MADANLAL - ULHASNAGAR,           30150.00,               0.00,               0.00,               0.00,               0.00
XXXX MADHAVI MEDICO - CHEMBUR (X.,           30417.00,               0.00,               0.00,               0.00,               0.00
XXXX MADHAV MEDICO - KANDIVALI,           39144.00,               0.00,               0.00,               0.00,               0.00
XXXX MADHUSUDAN AGENCY - JALNA .,            4407.00,               0.00,               0.00,               0.00,               0.00
XXXX MADHULAXMI CHARITABLE TRUST-XX,            3338.00,               0.00,               0.00,               0.00,               0.00
XXXX MAGIC MEDICAL AGENCY - [CBX.,           10672.00,               0.00,               0.00,               0.00,               0.00
XXXX MAGNIVA HEALTHCARE-AKOLA-XR,           52208.00,               0.00,               0.00,               0.00,               0.00
XXXX MAHADEV DISTRIBUTOR - HING.,           10008.00,               0.00,               0.00,               0.00,               0.00
XXXX MAHADEV MEDIWORLD - NAGPUR,          194182.00,               0.00,               0.00,               0.00,               0.00
XXXX MAHADEV (PUNJABI) - NASIK (OLD) (NO BIL,           60943.00,               0.00,               0.00,               0.00,               0.00
XXXX MAHALAXMI AGENCY - NALASOPARA (ADITI TR,           34400.00,               0.00,               0.00,               0.00,               0.00
XXXX MAHALAXMI DISTRIBUTORS-SOLAPUR-XR,           22360.00,               0.00,               0.00,               0.00,               0.00
XXXX MAHALAKSHMI PHARMA - AKOLA.,           18920.00,               0.00,               0.00,               0.00,               0.00
XXXX MAHARASHTRA - PUNE,            9056.00,               0.00,               0.00,               0.00,               0.00
XXXX MAHAVEER PHARMA AGENCY-BANG.,           15895.00,               0.00,               0.00,               0.00,               0.00
XXXX MAHAVIR MEDICAL-NASIK-XR,            3172.00,               0.00,               0.00,               0.00,               0.00
XXXX MAHAVEER MEDICINE - AHMEDABAD .,            5022.00,               0.00,               0.00,               0.00,               0.00
XXXX MAHAVIR PHARMA - SADASHIV P.,            6405.00,               0.00,               0.00,               0.00,               0.00
XXXX MAHAVEER ENTERPRISES - AURANGABAD,            6597.00,               0.00,               0.00,               0.00,               0.00
XXXX MAHAVIR MEDICO-BHOSARI-XR,           70953.00,               0.00,               0.00,               0.00,               0.00
XXXX MAHAVIR MEDICAL - NALASOPA.,            8578.00,               0.00,               0.00,               0.00,               0.00
XXXX MAHAVIR ENT - MALKAPUR,            9282.00,               0.00,               0.00,               0.00,               0.00
XXXX MAHAVEER (GUJJU) - SANGLI -XR,            3977.00,               0.00,               0.00,               0.00,               0.00
XXXX MAHAVIR DISTRIBUTOR(BHEEM)-THANE,           15774.00,               0.00,               0.00,               0.00,               0.00
XXXX MAHAVIR ENTERPRISES-VIRAR (.,            4266.00,               0.00,               0.00,               0.00,               0.00
XXXX MAHAVIR MEDICAL-MALEGAON,            5245.00,               0.00,               0.00,               0.00,               0.00
XXXX MAHAVIR SURGICAL - ULWE,           13246.00,               0.00,               0.00,               0.00,               0.00
XXXX MAHESHWARI DISTRIBUTORS-DHANKAWADI-XR,            1082.00,               0.00,               0.00,               0.00,               0.00
XXXX MAHESH MEDICAL ENTERPRISES.,            4592.00,               0.00,               0.00,               0.00,               0.00
XXXX MAHESH AGENCIES - MAYANI     CLOSE SHOP,            8000.00,               0.00,               0.00,               0.00,               0.00
XXXX MAJISA DISTRIBUTORS-MULUND-BOGUS,            9113.00,               0.00,               0.00,               0.00,               0.00
XXXX MANAS HEALTHCARE- BHIWANDI,           23937.00,               0.00,               0.00,               0.00,               0.00
XXXX MANAVATA PHARMA -AURNAGABAD,           11973.00,               0.00,               0.00,               0.00,               0.00
XXXX MANDAR HEALTHCARE-HINGANGHAT-(AKUMS),            6072.00,               0.00,               0.00,               0.00,               0.00
XXXX MANDAR PHARMA - WANI(TITANIC),            6096.00,               0.00,               0.00,               0.00,               0.00
XXXX MANEK SURI CORP-MAHIM  CAS.,            3155.00,               0.00,               0.00,               0.00,               0.00
XXXX MANGALMURTI AGENCIES-BODWAD-XX,           16758.67,               0.00,               0.00,               0.00,               0.00
XXXX MANGAL MEDICAL - LOWER PAREL,               0.00,               0.00,               0.00,               0.00,               0.00
XXXX MANIBHADRA ENTERPRISE - DHA.,           32003.00,               0.00,               0.00,               0.00,               0.00
XXXX MANIK & CO.-MALAD          .,            5283.00,               0.00,               0.00,               0.00,               0.00
XXXX MANISH MEDICAL - AMRAVATI-TITANIC,           37923.00,               0.00,               0.00,               0.00,               0.00
XXXX MANOJ MEDICOS - AHILYANAGAR (OLD) #CD,          133327.00,               0.00,               0.00,               0.00,               0.00
XXXX MANOJ MEDICOS-AHILYANAGAR-(WINDLAS),           37413.00,               0.00,               0.00,               0.00,               0.00
XXXX MANU PHARMA - SEWRI BOGUS  .,           12650.00,               0.00,               0.00,               0.00,               0.00
XXXX MARATHWADA MEDICAL-LATUR-XR,            5600.00,               0.00,               0.00,               0.00,               0.00
XXXX MARATHA MEDICAL - MALEGAON(WASHIM),            4726.48,               0.00,               0.00,               0.00,               0.00
XXXX MARATHA MEDICAL - WASHIM,           16767.00,               0.00,               0.00,               0.00,               0.00
XXXX MARUTI MEDICAL - KHAREGAON,           17000.00,               0.00,               0.00,               0.00,               0.00
XXXX MATOSHREE PHARMA-NASIK-XR,            8490.00,               0.00,               0.00,               0.00,               0.00
XXXX MATOSHRI AGENCIES - MHASWAD (CLOSE),           10593.00,               0.00,               0.00,               0.00,               0.00
XXXX MATOSHREE - GOREGAON-TITANIC,          194307.79,               0.00,               0.00,               0.00,               0.00
XXXX MATOSHREE DISTRIBUTORS-SHELPIMPALGAON (,           78314.62,               0.00,               0.00,               0.00,               0.00
XXXX MAULI DISTRIBUTORS - NEWASA.,            4902.00,               0.00,               0.00,               0.00,               0.00
XXXX MAULI KRUPA - DOMBIVALI-TITANIC,           25035.00,               0.00,               0.00,               0.00,               0.00
XXXX MAULI MEDICAL-MAZALGAON,            6490.00,               0.00,               0.00,               0.00,               0.00
XXXX MAULI MEDICAL - KHED ( PUNE-ZONE4 ),           10375.00,               0.00,               0.00,               0.00,               0.00
XXXX MAULI PHARMA - KOPERGAON,           25021.00,               0.00,               0.00,               0.00,               0.00
XXXX MAULI CHARITABLE & MEDICAL TRUST,            2688.00,               0.00,               0.00,               0.00,               0.00
XXXX MAULI MEDICO-AMBEJOGAI-XR,           73058.00,               0.00,               0.00,               0.00,               0.00
XXXX MAXHEAL PHARMACEUTICAL (IND.,           10056.00,               0.00,               0.00,               0.00,               0.00
XXXX MAXTOUCH PHARMA - KANDIVALI. a/c closed,          171520.00,               0.00,               0.00,               0.00,               0.00
XXXX MAYURESH-LATUR X2,          215121.00,               0.00,               0.00,               0.00,               0.00
XXXX MAYUR MEDICAL AGENCIES - W.,            4612.00,               0.00,               0.00,               0.00,               0.00
XXXX MAYUR MEDICAL & GEN STORE .,            3572.00,               0.00,               0.00,               0.00,               0.00
XXXX MAYURI MEDICAL - ULHASNAGAR,           51513.00,               0.00,               0.00,               0.00,               0.00
XXXX MAYUR PHARMACEUTICAL-KARJAT,           10908.00,               0.00,               0.00,               0.00,               0.00
XXXX MEDHUB PHARMA-NALASOPARA-XR,            6014.00,               0.00,               0.00,               0.00,               0.00
XXXX MEDICON HEALTH-VASHI-XR,          187031.00,               0.00,               0.00,               0.00,               0.00
XXXX MEDICAL OFFICE OF HEAD-BHYACLLA,            1000.00,               0.00,               0.00,               0.00,               0.00
XXXX MEDICAL OFFICER CALSS II      .,            1717.00,               0.00,               0.00,               0.00,               0.00
XXXX MEDICINE WORLD - MARGAO    .,           10367.00,               0.00,               0.00,               0.00,               0.00
XXXX MEDIFRIENDS - WARDHA,            6028.00,               0.00,               0.00,               0.00,               0.00
XXXX MEDIHELP ENTERPRISES - THANE#CB1  CLOSE,           82293.00,               0.00,               0.00,               0.00,               0.00
XXXX MEDIHOPE LIFESCIENCES - DOMBIVALI,            2000.00,               0.00,               0.00,               0.00,               0.00
XXXX MEDILINK PHARMA - NASIK,            4700.00,               0.00,               0.00,               0.00,               0.00
XXXX MEDILINE PHARMA-SINNAR-XR,           43500.00,               0.00,               0.00,               0.00,               0.00
XXXX MEDILIFE AGENCIES-LATUR,            7236.00,               0.00,               0.00,               0.00,               0.00
XXXX MEDISHINE DIST - AURANGABAD,            5952.00,               0.00,               0.00,               0.00,               0.00
XXXX MEDITRANS PHARMA - VIRAR,          106262.00,               0.00,               0.00,               0.00,               0.00
XXXX MEHER DIST - BORIVALI,            4120.00,               0.00,               0.00,               0.00,               0.00
XXXX MEHTA MEDICAL STORE-VAPI      .,            1062.00,               0.00,               0.00,               0.00,               0.00
XXXX MEHTA SURGICAL - CHINCHWAD,           35671.00,               0.00,               0.00,               0.00,               0.00
XXXX MERCURY (LYSOL) - BARODA,            3255.00,               0.00,               0.00,               0.00,               0.00
XXXX MERU PHARMA - KALYAN-CLOSE-LN,          108971.00,               0.00,               0.00,               0.00,               0.00
XXXX METRO PHARMA-KHARGHAR-XR,           72700.00,               0.00,               0.00,               0.00,               0.00
XXXX METRO MEDICO - PIMPLE GURAV (PUNE)-XX,            5386.98,               0.00,               0.00,               0.00,               0.00
XXXX MILAN MEDICAL CENTRE-GHATKOPAR-XR,           18270.00,               0.00,               0.00,               0.00,               0.00
XXXX MILLENIUM PHARMA-BHIWANDI-XR,           16296.00,               0.00,               0.00,               0.00,               0.00
XXXX MITALI - MADHAVNAGAR (NT) J1 J2,           89442.00,               0.00,               0.00,               0.00,               0.00
XXXX MITRA MEDISALES-KUDAL,           17601.00,               0.00,               0.00,               0.00,               0.00
XXXX MODERN ENTERPRISE-ULHASNAGR [X.,            7784.00,               0.00,               0.00,               0.00,               0.00
XXXX MODULATE PHARMA - KHETWADI,            7002.00,               0.00,               0.00,               0.00,               0.00
XXXX MOHAN DISTRIBUTORS - BASMA.,            8345.00,               0.00,               0.00,               0.00,               0.00
XXXX MOHAN MEDICAL-AHILYANAGAR X.,           10877.00,               0.00,               0.00,               0.00,               0.00
XXXX MORYA ENTERPRISES - DOMBIVALI(TITANIC),           11306.00,               0.00,               0.00,               0.00,               0.00
XXXX MORYA DIST-AHILYANAGAR    .,           18515.00,               0.00,               0.00,               0.00,               0.00
XXXX MOTHER PHARMA - SOLAPUR,           39474.00,               0.00,               0.00,               0.00,               0.00
XXXX MRUNVEDAA HEALTHCARE SOLUTIONS-NEW PANV,            1610.00,               0.00,               0.00,               0.00,               0.00
XXXX MUMBAI MEDICAL - VASAI,           19821.00,               0.00,               0.00,               0.00,               0.00
XXXX N.K.PHARMA-CHINCHWAD #CB 10,           37051.33,               0.00,               0.00,               0.00,               0.00
XXXX N.R SALES - NAGPUR,            9304.00,               0.00,               0.00,               0.00,               0.00
XXXX N.R.SALES-NAGPUR   BOGUS   .,           40138.00,               0.00,               0.00,               0.00,               0.00
XXXX NAMAN ENT-VASAI(W),            5300.00,               0.00,               0.00,               0.00,               0.00
XXXX NAMO AGENCY-AMBERNATH-XR,           27342.00,               0.00,               0.00,               0.00,               0.00
XXXX NARESH PHARMA INC.- ERNAKUL.,           33892.00,               0.00,               0.00,               0.00,               0.00
XXXX NARESH CHEMIST - CHIRA BAZA.A/C CLOSE,          102709.00,               0.00,               0.00,               0.00,               0.00
XXXX NATIONAL MEDICAL SUPPLIES FUND,           26914.00,               0.00,               0.00,               0.00,               0.00
XXXX NATIONAL MEDICAL-SHRIRAMPUR  DONT USE,           24678.00,               0.00,               0.00,               0.00,               0.00
XXXX NATIONAL MEDICAL - WADALA  .,           11947.00,               0.00,               0.00,               0.00,               0.00
XXXX NATIONAL NOVELTY-ANDHERI #CB 1,             500.00,               0.00,               0.00,               0.00,               0.00
XXXX NAVJEEVAN MEDICAL-NASIK-XX-C/B,           16243.89,               0.00,               0.00,               0.00,               0.00
XXXX NAVKAR CHEMIST-JECOB CIRCLE   .,            1162.00,               0.00,               0.00,               0.00,               0.00
XXXX NAVKAR CHARITABLE TRUST - V.,            1750.00,               0.00,               0.00,               0.00,               0.00
XXXX NAVKAR AGENCIES - MUKTAINAGAR,            3500.00,               0.00,               0.00,               0.00,               0.00
XXXX NAVKAR LIFE SAVER & SURGICALS-JACOB CIR,             772.00,               0.00,               0.00,               0.00,               0.00
XXXX NAVKAR PHARMA - TALEGAON (OLD),          393973.00,               0.00,               0.00,               0.00,               0.00
XXXX NAVNATH HEALTHCARE-MULUND-XR,            8039.00,               0.00,               0.00,               0.00,               0.00
XXXX NAVNATH PHARMA - LASALGAON.,           58329.00,               0.00,               0.00,               0.00,               0.00
XXXX NAVNATH AGENCY - KARMALA   .,           36063.00,               0.00,               0.00,               0.00,               0.00
XXXX NAYAN MEDICAL - GIRGAON-XX,           20930.00,               0.00,               0.00,               0.00,               0.00
XXXX NEELKANTH PHARMA - MIRA ROAD -TITANIC,           20571.00,               0.00,               0.00,               0.00,               0.00
XXXX NEERALI AGENCIES - BORIVALI,           38615.00,               0.00,               0.00,               0.00,               0.00
XXXX NEETA AGENCIES - NAGPUR(DAONIL),           23215.00,               0.00,               0.00,               0.00,               0.00
XXXX NEHA MEDICAL & GEN STORE - TALEGAON,            5257.00,               0.00,               0.00,               0.00,               0.00
XXXX NEW BALAJI SURGICAL- MANU W.,           16307.00,               0.00,               0.00,               0.00,               0.00
XXXX NEW CARE MEDICAL-BELAPUR-XR,            6720.00,               0.00,               0.00,               0.00,               0.00
XXXX NEW DEAL - SHAHUWADI    X-5.,           20838.00,               0.00,               0.00,               0.00,               0.00
XXXX NEW DEAL - GADHINGLANJ   X6,           62205.00,               0.00,               0.00,               0.00,               0.00
XXXX NEW KRUSHNA - BULDHANA,           10418.00,               0.00,               0.00,               0.00,               0.00
XXXX NEW MEDICAL STORES - NAGPUR,             572.00,               0.00,               0.00,               0.00,               0.00
XXXX NEW SHRIKANT AGESNCY-LATUR,            3000.00,               0.00,               0.00,               0.00,               0.00
XXXX NEW SUJATA - SATARA,            7024.00,               0.00,               0.00,               0.00,               0.00
XXXX NEW VED PHARMA - MUKHED,           11686.00,               0.00,               0.00,               0.00,               0.00
XXXX NEXCARE BIOTECH PHARMA - MALAD-LN,           18509.00,               0.00,               0.00,               0.00,               0.00
XXXX NEXUS MEDITECH-KALYAN-XR,           32880.00,               0.00,               0.00,               0.00,               0.00
XXXX NIDHI ENT - (VEER HOSP) THANE,           17032.00,               0.00,               0.00,               0.00,               0.00
XXXX NIKET FADIA - AHEMDABAD,           10000.00,               0.00,               0.00,               0.00,               0.00
XXXX NIKHIL MEDICAL AGENCY-BHIWANDI,           36628.00,               0.00,               0.00,               0.00,               0.00
XXXX NINAD MEDICAL - BHANDARA,           43102.00,               0.00,               0.00,               0.00,               0.00
XXXX NIRAJ REMEDIES-VASAI,            2621.00,               0.00,               0.00,               0.00,               0.00
XXXX NIRAMAYA MEDICAL STORE- KAMTGHAR (BHIWA,           14269.00,               0.00,               0.00,               0.00,               0.00
XXXX NIRMAL AGENCY-AMBERNATH-XR,            6089.00,               0.00,               0.00,               0.00,               0.00
XXXX NISHANT PHARMA-NAGPUR most of r.d,           27322.00,               0.00,               0.00,               0.00,               0.00
XXXX NOBLE PLUS CHEMIST & DRUG-CHEM,            3133.00,               0.00,               0.00,               0.00,               0.00
XXXX NOVA HOSPITAL-TARDEO,            1544.00,               0.00,               0.00,               0.00,               0.00
XXXX OCEAN LIFE - DOMBIVALI-TITANIC,           45070.00,               0.00,               0.00,               0.00,               0.00
XXXX OLD GST-V PHARMA (BABI) - CLOSE A/C,               0.00,               0.00,               0.00,               0.00,               0.00
XXXX OLD SHRIMAD (6%)- DHARAMPUR,           88845.00,               0.00,               0.00,               0.00,               0.00
XXXX OM DISTRIBUTORS - SAPHALE,           11603.00,               0.00,               0.00,               0.00,               0.00
XXXX OM DIST-MURTIJAPUR   X-5   .,           49174.00,               0.00,               0.00,               0.00,               0.00
XXXX OM HEALTHCARE - BORIVALI,            8064.00,               0.00,               0.00,               0.00,               0.00
XXXX OM HEALTHCARE SERVICES - VI.,            4863.00,               0.00,               0.00,               0.00,               0.00
XXXX OM MEDICAL & GENERAL STORE-RAJGURUNAGR-,           38800.00,               0.00,               0.00,               0.00,               0.00
XXXX OM MEDICAL AGENCY -XXXX CB .,           21162.00,               0.00,               0.00,               0.00,               0.00
XXXX OM MEDICAL-PUSAD-XR,          261732.00,               0.00,               0.00,               0.00,               0.00
XXXX OM PHARMA (JOSHI)-KOLHAPUR,             944.00,               0.00,               0.00,               0.00,               0.00
XXXX OM SAI PHARMA - BHANDUP,           79477.00,               0.00,               0.00,               0.00,               0.00
XXXX OM SAI MEDICAL STORES-VAPI,             478.00,               0.00,               0.00,               0.00,               0.00
XXXX OM SAI AGENCIES - NASIK -XR,           52859.00,               0.00,               0.00,               0.00,               0.00
XXXX OM SAI (PRAKASH) - NANDURA    .,            1208.00,               0.00,               0.00,               0.00,               0.00
XXXX OM SHRI SADGURU SAMARATHA (TRUST),            1803.00,               0.00,               0.00,               0.00,               0.00
XXXX OM SHANTI PHARMA - PALGHAR .,           97077.00,               0.00,               0.00,               0.00,               0.00
XXXX OM STORE -[CB] NAGPUR      .,           30157.00,               0.00,               0.00,               0.00,               0.00
XXXX OM SURGICAL - ULHASNAGAR,            5277.00,               0.00,               0.00,               0.00,               0.00
XXXX OMKAR GENERICS - PT STR       .,            6260.00,               0.00,               0.00,               0.00,               0.00
XXXX ONKAR DIST. - WAGOLI       .,            2900.00,               0.00,               0.00,               0.00,               0.00
XXXX ORANGE PHARMACEUTICALS - AHILYANAGAR,            5384.00,               0.00,               0.00,               0.00,               0.00
XXXX ORBIT (DONT USE XXX),            4962.00,               0.00,               0.00,               0.00,               0.00
XXXX ORBIT LIFESCIENCE (old - dont use),           17753.00,               0.00,               0.00,               0.00,               0.00
XXXX OSWAL MEDICO - PUNE (X)   .,           52942.00,               0.00,               0.00,               0.00,               0.00
XXXX OXYLIFE PHARMA - AIROLI,           14189.00,               0.00,               0.00,               0.00,               0.00
XXXX P.C.ENT - THANE - TITANIC,           94426.00,               0.00,               0.00,               0.00,               0.00
XXXX P.R.ENT (SALE) - PR STR       .,           16301.00,               0.00,               0.00,               0.00,               0.00
XXXX PADAMA MEDICAL - BHIWANDI,            2146.00,               0.00,               0.00,               0.00,               0.00
XXXX PADAM ENTERPRISES - PR STR    .,            8282.00,               0.00,               0.00,               0.00,               0.00
XXXX PALANGE MEDICAL-NATEPUTE (STOP),            6897.00,               0.00,               0.00,               0.00,               0.00
XXXX PANCHAVATI DISTRIBUTOR NASIK  .,           12695.00,               0.00,               0.00,               0.00,               0.00
XXXX PANDIT LINGADE RTN STK A/C,           11929.00,               0.00,               0.00,               0.00,               0.00
XXXX PANSON DIST - THANE,           27859.00,               0.00,               0.00,               0.00,               0.00
XXXX PARAS MEDICALS - KARKAMB,            9489.00,               0.00,               0.00,               0.00,               0.00
XXXX PARAS PHARMA - CHINCHWAD,            8066.00,               0.00,               0.00,               0.00,               0.00
XXXX PARAS PHARMA-DAHISAR (XX)  .,            9695.00,               0.00,               0.00,               0.00,               0.00
XXXX PARAS ENT - KANDIVALI -CLOSE,           29459.00,               0.00,               0.00,               0.00,               0.00
XXXX PAREL CHEMIST-PAREL,           60417.00,               0.00,               0.00,               0.00,               0.00
XXXX PARSHAW ENTERPRISES-BHANDUP,           22720.00,               0.00,               0.00,               0.00,               0.00
XXXX PARSHWANATH (KETAN) (SALE) - PR STR,            4781.00,               0.00,               0.00,               0.00,               0.00
XXXX PARSHVANATH MEDICAL - JAMOD,            4000.00,               0.00,               0.00,               0.00,               0.00
XXXX PARSHVANATH DIST - MADHAVNA.,            5000.00,               0.00,               0.00,               0.00,               0.00
XXXX PARVATI DIST - RAJAPUR,           79522.00,               0.00,               0.00,               0.00,               0.00
XXXX PATEL PHARMA - CHINCHWAD (CLOSED),           21255.00,               0.00,               0.00,               0.00,               0.00
XXXX PATEL AGENCY - GHATKOPAR -TITANIC,           12802.00,               0.00,               0.00,               0.00,               0.00
XXXX PATIL MEDISALES-SANGLI-TITANIC,           41688.00,               0.00,               0.00,               0.00,               0.00
XXXX PAWANHANS - AHILYANAGAR,            9856.00,               0.00,               0.00,               0.00,               0.00
XXXX PAWAN PHARMA - GHANSOLI (XX.,           85000.00,               0.00,               0.00,               0.00,               0.00
XXXX PAWAN PHARMA - BHANDARA    .,            5665.00,               0.00,               0.00,               0.00,               0.00
XXXX PERFECT PHARMA-THANE (X)   .,            2119.00,               0.00,               0.00,               0.00,               0.00
XXXX PHARMA PULSE[##] - OSMANAB.,           14429.00,               0.00,               0.00,               0.00,               0.00
XXXX PHARMA TRADING COMPANY-KERELA .,            3248.00,               0.00,               0.00,               0.00,               0.00
XXXX PHARMACIA OVERSEAS - PUNE,            1000.00,               0.00,               0.00,               0.00,               0.00
XXXX PHARMA LINK-PUNE             .,            1247.00,               0.00,               0.00,               0.00,               0.00
XXXX PHARMA - PUNE,              31.00,               0.00,               0.00,               0.00,               0.00
XXXX PHARMACHEM DIST - KANKAVLI,            6810.00,               0.00,               0.00,               0.00,               0.00
XXXX PHARMAX SUYASH - GHATKOPAR .,             310.00,               0.00,               0.00,               0.00,               0.00
XXXX PIONEER MEDICALS - KARAD,           18523.00,               0.00,               0.00,               0.00,               0.00
XXXX PJEX INTERNATIOANL  CASH ONLY,            4770.00,               0.00,               0.00,               0.00,               0.00
XXXX PMBJP - BHAYANDER-XX,           14875.00,               0.00,               0.00,               0.00,               0.00
XXXX PMBJP - TITWALA -XX,            6999.90,               0.00,               0.00,               0.00,               0.00
XXXX PMBJP - JALGAON-,            7116.00,               0.00,               0.00,               0.00,               0.00
XXXX PMBJP - SANTACRUZ -XX,           54435.00,               0.00,               0.00,               0.00,               0.00
XXXX POLYMED DISTRIBUTOR -[X] N.,            5842.00,               0.00,               0.00,               0.00,               0.00
XXXX POOJA PHARMA - MULUND (TITANIC),            8000.00,               0.00,               0.00,               0.00,               0.00
XXXX POONAM MEDICAL - TALEGAON,           15596.00,               0.00,               0.00,               0.00,               0.00
XXXX PP HEALTHCARE-BHAYANDER-XR,          110086.00,               0.00,               0.00,               0.00,               0.00
XXXX PRABHAKAR - SOLAPUR,            3633.00,               0.00,               0.00,               0.00,               0.00
XXXX PRABHAT AGENCIES - SANTACRUZ,           43248.00,               0.00,               0.00,               0.00,               0.00
XXXX PRABHAKAR MEDICAL,           19135.00,               0.00,               0.00,               0.00,               0.00
XXXX PRACHI PHARMA-NASIK-XR,           99065.00,               0.00,               0.00,               0.00,               0.00
XXXX PRADIP DRUG - DAHI WADI,          232015.00,               0.00,               0.00,               0.00,               0.00
XXXX PRAKASH DISTRIBUTORS - PAT.,           15353.00,               0.00,               0.00,               0.00,               0.00
XXXX PRAMOD MEDICAL - AKOLA,            4933.00,               0.00,               0.00,               0.00,               0.00
XXXX PRAPTI MEDICAL - BHANDARA,            9406.00,               0.00,               0.00,               0.00,               0.00
XXXX PRASANNA DIST - WARDHA,            9547.00,               0.00,               0.00,               0.00,               0.00
XXXX PRATHMESH SURGICALS - WASHIM (MALEGAON),           34285.00,               0.00,               0.00,               0.00,               0.00
XXXX PRATHAM HEALTHCARE - BORIVA.,            5488.00,               0.00,               0.00,               0.00,               0.00
XXXX PRATIK MARKETING - KANKAVAL.,            5195.00,               0.00,               0.00,               0.00,               0.00
XXXX PRATIK INDUSTRIES - MULUND    .,            3052.00,               0.00,               0.00,               0.00,               0.00
XXXX PREMCHAND JIVACHAND SHAH CHARI.DR.JANAK,            2574.00,               0.00,               0.00,               0.00,               0.00
XXXX PRIDE PHARMA - PR STR         .,             986.00,               0.00,               0.00,               0.00,               0.00
XXXX PRIME MEDICAL - WADALA-XR,           14750.00,               0.00,               0.00,               0.00,               0.00
XXXX PRIME MEDICO-BHAYANDAR-XX,           39200.00,               0.00,               0.00,               0.00,               0.00
XXXX PRIME SURGICAL-PUNE        .,            3830.00,               0.00,               0.00,               0.00,               0.00
XXXX PRISM ENTERPRISES-BANDRA (TITANIC),            7672.00,               0.00,               0.00,               0.00,               0.00
XXXX PRITHYANI MEDICAL-GONDIA-AKUMS,            1000.00,               0.00,               0.00,               0.00,               0.00
XXXX PRIYA DIST - SANGLI (3%) CLOSE SHOP,           30343.00,               0.00,               0.00,               0.00,               0.00
XXXX PROMPT PHARMACEUTICALS-MUV.,           11779.00,               0.00,               0.00,               0.00,               0.00
XXXX PRVR PHARMA-KALYAN(W) only cash,           28008.00,               0.00,               0.00,               0.00,               0.00
XXXX PUNJABI SALES - NASIK (3%) .,           17662.00,               0.00,               0.00,               0.00,               0.00
XXXX PVS PHARMA - NALASOPARA-XX,           44224.00,               0.00,               0.00,               0.00,               0.00
XXXX QUBIC LIFE - MIRA ROAD,           33895.00,               0.00,               0.00,               0.00,               0.00
XXXX R S HEALTHCARE-WADALA-XR,            5918.00,               0.00,               0.00,               0.00,               0.00
XXXX R.B.PHARMA-NAGPUR,            1500.00,               0.00,               0.00,               0.00,               0.00
XXXX R.D.DIST - ICHALKARANJI(CLOSED),           28420.00,               0.00,               0.00,               0.00,               0.00
XXXX R.K MEDICALS & SURGICALS-WAGHOLI-C/B,           78049.28,               0.00,               0.00,               0.00,               0.00
XXXX R.K.MEDICAL - NASIK ROAD[.,           20000.00,               0.00,               0.00,               0.00,               0.00
XXXX R.K.MEDICOS - NAGPUR,            1537.00,               0.00,               0.00,               0.00,               0.00
XXXX R.M.EXPORT - MASJID,             300.00,               0.00,               0.00,               0.00,               0.00
XXXX R.M.SHAH & CO.                .,           12768.00,               0.00,               0.00,               0.00,               0.00
XXXX R.P HEALTHCARE-MANKHURD(MYLAN),            5500.00,               0.00,               0.00,               0.00,               0.00
XXXX R.R.PHARMA-KANDIVALI       .,             765.00,               0.00,               0.00,               0.00,               0.00
XXXX R.S PHARMA -KALYAN(VITTHALWADI)-TITANIC,           27946.00,               0.00,               0.00,               0.00,               0.00
XXXX R.S.PHARMA-DHARAVI [X]    .,            9055.00,               0.00,               0.00,               0.00,               0.00
XXXX RACK HOSPITAL- KONDASAWALI-,            7365.00,               0.00,               0.00,               0.00,               0.00
XXXX RADHIKA MEDICAL - JINTUR  .,            1701.00,               0.00,               0.00,               0.00,               0.00
XXXX RADIANT HEALTHCARE - MALAD,           44975.00,               0.00,               0.00,               0.00,               0.00
XXXX RADIANT PHARMA - KANDIVALI CLOSE,           38668.00,               0.00,               0.00,               0.00,               0.00
XXXX RAGHAV PHARMA-DHULE #CB 8,            3000.00,               0.00,               0.00,               0.00,               0.00
XXXX RAHUL HOSPITAL-KAMSHET-TITANIC,           22549.00,               0.00,               0.00,               0.00,               0.00
XXXX RAJ - JALGAON,           55140.00,               0.00,               0.00,               0.00,               0.00
XXXX RAJ CARE - NANDURBAR,           23863.00,               0.00,               0.00,               0.00,               0.00
XXXX RAJ DRUG AGENCIES-NAGPUR-STOP,             500.00,               0.00,               0.00,               0.00,               0.00
XXXX RAJ LAB CHEM-KARAD-XX,            2610.00,               0.00,               0.00,               0.00,               0.00
XXXX RAJ MEDICO - GHATKOPAR        .,           13579.00,               0.00,               0.00,               0.00,               0.00
XXXX RAJ PHARMA(DAONIL)-KOLHAPUR-XR,           29611.00,               0.00,               0.00,               0.00,               0.00
XXXX RAJA ANTIBIOTICS LTD - GOREGAON,           10176.86,               0.00,               0.00,               0.00,               0.00
XXXX RAJASTHAN MEDICO - BHIWANDI,            4000.00,               0.00,               0.00,               0.00,               0.00
XXXX RAJENDRA PHARMA - BANGALORE   .,           36334.00,               0.00,               0.00,               0.00,               0.00
XXXX RAJENDRA PHARMA - BELGAUM-XX,           25228.00,               0.00,               0.00,               0.00,               0.00
XXXX RAJENDRA MEDICAL - SOYEGAON.,            7614.00,               0.00,               0.00,               0.00,               0.00
XXXX RAJESH MEDICAL-AURANGABAD,            4678.00,               0.00,               0.00,               0.00,               0.00
XXXX RAJESH T.T                    .,            1737.00,               0.00,               0.00,               0.00,               0.00
XXXX RAJLAXMI - MASUR,            8600.00,               0.00,               0.00,               0.00,               0.00
XXXX RAJNESH KHANDELWAL            .,           12199.00,               0.00,               0.00,               0.00,               0.00
XXXX RAJNISH WELLNESS - KANDIVALI -XX,            4536.00,               0.00,               0.00,               0.00,               0.00
XXXX RAJSHREE DIST - ULHASNAGAR TAKE HARIHAR,          172214.00,               0.00,               0.00,               0.00,               0.00
XXXX RAJURESHWAR-JALNA-XR,           23749.00,               0.00,               0.00,               0.00,               0.00
XXXX RAKA & CO                     .,             726.00,               0.00,               0.00,               0.00,               0.00
XXXX RAMKRUSHNA PHARMA- RISOD,           37537.00,               0.00,               0.00,               0.00,               0.00
XXXX RAMKRISHNA MEDICAL - JALGA.,           15999.00,               0.00,               0.00,               0.00,               0.00
XXXX RAMPRASAD MARK - SIDHUDURG,           13364.00,               0.00,               0.00,               0.00,               0.00
XXXX RANJEET DIST-MIRAJ-TITANIC,          300542.00,               0.00,               0.00,               0.00,               0.00
XXXX RANOO AGENCIES - SATARA,           34401.00,               0.00,               0.00,               0.00,               0.00
XXXX RASIKA DIST - MAHAD,            4728.00,               0.00,               0.00,               0.00,               0.00
XXXX RATHORE PHARMA-RAJASTHAN,           32805.00,               0.00,               0.00,               0.00,               0.00
XXXX RATHORE DIST - LOWER PAREL (TITANIC),           15294.00,               0.00,               0.00,               0.00,               0.00
XXXX RATNATRAYA - DOMBIVALI,           41784.00,               0.00,               0.00,               0.00,               0.00
XXXX RATNARAJ MARKETING - DAUND .,            3972.00,               0.00,               0.00,               0.00,               0.00
XXXX RATNA SINDHU PHARMA [##]  .,           10589.00,               0.00,               0.00,               0.00,               0.00
XXXX REBORN ENT - GHATKOPAR,           84567.00,               0.00,               0.00,               0.00,               0.00
XXXX REGAL ENT - NASIK  -XX(CLOSED),          183435.00,               0.00,               0.00,               0.00,               0.00
XXXX REHEBOTH AGENCY-ULWE (STOP),           43541.00,               0.00,               0.00,               0.00,               0.00
XXXX REHMANI PHARMA-VASAI          .,            8327.00,               0.00,               0.00,               0.00,               0.00
XXXX RELIABLE AGENCIES-NASIK-XX,           36875.00,               0.00,               0.00,               0.00,               0.00
XXXX RELICARE PHARMA-THANE(TITANIC),           91006.00,               0.00,               0.00,               0.00,               0.00
XXXX RELIEF MEDICAL & SURGICAL-VAPI.,            7749.00,               0.00,               0.00,               0.00,               0.00
XXXX RELIEF PHARMA - MALAD L/P  WIND UP,           25958.00,               0.00,               0.00,               0.00,               0.00
XXXX RELIFE PHARMA - MALEGAON -XX,           22988.76,               0.00,               0.00,               0.00,               0.00
XXXX REMEDIO HEALTHCARE - BELAPUR-TITANIC,            6022.00,               0.00,               0.00,               0.00,               0.00
XXXX RICHMOUNT PHARMA-ANDHERI,           72839.80,               0.00,               0.00,               0.00,               0.00
XXXX RIDDHI SIDDHI -BORIVALI,            3150.00,               0.00,               0.00,               0.00,               0.00
XXXX RIDDHI SIDDHI -RAIPUR -TITANIC,           23625.00,               0.00,               0.00,               0.00,               0.00
XXXX RINZEN AGENCIES - AKOLA,           24296.00,               0.00,               0.00,               0.00,               0.00
XXXX RISHABH AGENCIES - NAGPUR,           13946.81,               0.00,               0.00,               0.00,               0.00
XXXX RK HEALTHCARE - THANE,           17763.00,               0.00,               0.00,               0.00,               0.00
XXXX ROHAN PHARMA -MUM 02      .,            1765.00,               0.00,               0.00,               0.00,               0.00
XXXX ROHIT MEDICAL - SINNAR (XXX.,            7884.00,               0.00,               0.00,               0.00,               0.00
XXXX ROOP AGENCIES - KAMPTEE,            9251.00,               0.00,               0.00,               0.00,               0.00
XXXX ROYAL PHARMA - MODNIMB,           92164.00,               0.00,               0.00,               0.00,               0.00
XXXX RUBICON PHARMA -NANDED  XXX.,           34835.00,               0.00,               0.00,               0.00,               0.00
XXXX RUSHABH PHARMA-CHINCHWAD (.,           28423.00,               0.00,               0.00,               0.00,               0.00
XXXX S D INDIA - DOMBIVALI,            2500.00,               0.00,               0.00,               0.00,               0.00
XXXX S.B.PHARMA - KOPAR KHAIRANE-TITANIC,            7049.00,               0.00,               0.00,               0.00,               0.00
XXXX S.G.ENT - PANVEL BANK A/C CLOSED,           82975.00,               0.00,               0.00,               0.00,               0.00
XXXX S.G.PHARMA - BHAYENDER,           10397.00,               0.00,               0.00,               0.00,               0.00
XXXX S.K PHARMEC - NAGPUR,           22047.00,               0.00,               0.00,               0.00,             500.00
XXXX S.K.PHARMA-PUNE (##)      .,           40803.00,               0.00,               0.00,               0.00,               0.00
XXXX S.KANT AGENCIES - KHARGHAR,           10823.00,               0.00,               0.00,               0.00,               0.00
XXXX S.KUMAR & CO - BHAYANDER,            4502.00,               0.00,               0.00,               0.00,               0.00
XXXX S.M.ENTERPRISES - NASIK,           17834.00,               0.00,               0.00,               0.00,               0.00
XXXX S.M.HAYAT HOSPITAL-MALAD,            5436.00,               0.00,               0.00,               0.00,               0.00
XXXX S.M.SHAH -KARKAMB         .,            6734.00,               0.00,               0.00,               0.00,               0.00
XXXX S.N.SURGI - KAMPTEE(TITANIC),           49296.00,               0.00,               0.00,               0.00,               0.00
XXXX S.P.DIST - GARGOTI,           14450.00,               0.00,               0.00,               0.00,               0.00
XXXX S.P.SALES - SANGLI        .,           15390.00,               0.00,               0.00,               0.00,               0.00
XXXX S.P.SHAH - PR STR,               0.00,               0.00,               0.00,               0.00,               0.00
XXXX S.PARIKH PHARMA-DAHISAR-XR,           26041.00,               0.00,               0.00,               0.00,               0.00
XXXX S.S.PHARMA - NASIK,           24901.00,               0.00,               0.00,               0.00,               0.00
XXXX S.S.PHARMA - KALWA    A/C CLSOED     .,           25013.00,               0.00,               0.00,               0.00,               0.00
XXXX S.V.ENTERPRISE - NALASOPARA.,            6628.00,               0.00,               0.00,               0.00,               0.00
XXXX SACHIN PHARMA-CHANDRAPUR,           27308.00,               0.00,               0.00,               0.00,               0.00
XXXX SACHIN PHARMA - SHIRUR,           18464.00,               0.00,               0.00,               0.00,               0.00
XXXX SACHIN MEDICAL - DEGLUR    .,           12786.00,               0.00,               0.00,               0.00,               0.00
XXXX SACHIN ENTERPRISE-AKOLA    .,            4462.00,               0.00,               0.00,               0.00,               0.00
XXXX SADGURU AGENCY - PILIV  CL.,            6363.00,               0.00,               0.00,               0.00,               0.00
XXXX SADGURU MEDI - NAGPUR      .,           22892.00,               0.00,               0.00,               0.00,               0.00
XXXX SADGURU DIST -SION,           52345.00,               0.00,               0.00,               0.00,               0.00
XXXX SAFE LIFE CORP - MULUND,           15316.00,               0.00,               0.00,               0.00,               0.00
XXXX SAFE HEALTH - MULUND,            6035.00,               0.00,               0.00,               0.00,               0.00
XXXX SAGAR PHARMA - GOREGAON-,           46137.00,               0.00,               0.00,               0.00,               0.00
XXXX SAGAR DISTRIBUTORS-VITA,           44877.00,               0.00,               0.00,               0.00,               0.00
XXXX SAHIB SHINGH (SALE) - MARINE LINES,           30490.00,               0.00,               0.00,               0.00,               0.00
XXXX SAHYADRI MEDICAL - SANPADA,             673.00,               0.00,               0.00,               0.00,               0.00
XXXX SAHYADRI MEDICAL-AHMADPUR-XR,           41303.00,               0.00,               0.00,               0.00,               0.00
XXXX SAHYOG PHARMA-AURANGABAD,            1200.00,               0.00,               0.00,               0.00,               0.00
XXXX SAI (JALOCHI) - BARAMATI (5%OP),           28965.00,               0.00,               0.00,               0.00,               0.00
XXXX SAI AGENCIES-LOTE -XR,           12919.00,               0.00,               0.00,               0.00,               0.00
XXXX SAI BALAJI PHARMA-PUSAD,            7500.00,               0.00,               0.00,               0.00,               0.00
XXXX SAI ENTERPRISES - LANZA,           37347.00,               0.00,               0.00,               0.00,               0.00
XXXX SAI HOSPITAL - RATNAGIRI-LN   .,           50056.00,               0.00,               0.00,               0.00,               0.00
XXXX SAI KRISHNA - TAKLI TITANIC,           26514.00,               0.00,               0.00,               0.00,               0.00
XXXX SAI KAMAL-SILLOD,            2000.00,               0.00,               0.00,               0.00,               0.00
XXXX SAI LEELA MEDICAL - WALUNJ,           16293.00,               0.00,               0.00,               0.00,               0.00
XXXX SAI MEDICALS - KOLHAPUR XX .,           29081.00,               0.00,               0.00,               0.00,               0.00
XXXX SAI MEDICO AND DISTRIBUTORS - SHIKRAPUR,            2850.00,               0.00,               0.00,               0.00,               0.00
XXXX SAI MEDICAL STORES-RATNAGIRI-LN,           12259.00,               0.00,               0.00,               0.00,               0.00
XXXX SAI MANGAL DRUG - THANE  X.,           19431.00,               0.00,               0.00,               0.00,               0.00
XXXX SAI MEDICAL - SHENDURNI,           11405.00,               0.00,               0.00,               0.00,               0.00
XXXX SAI PHARMA-NASIK,           40247.00,               0.00,               0.00,               0.00,               0.00
XXXX SAI PHARMA - NASIK(OZAR),            6716.00,               0.00,               0.00,               0.00,               0.00
XXXX SAI PHARMA-DEGLUR,            8826.00,               0.00,               0.00,               0.00,               0.00
XXXX SAI PHARMA-[##] GHATKOPAR .,           19908.00,               0.00,               0.00,               0.00,               0.00
XXXX SAI SALES - MAHIM,          316960.00,               0.00,               0.00,               0.00,               0.00
XXXX SAI SHARDHA MEDICAL AGENCY-CHIKHLI,           14373.00,               0.00,               0.00,               0.00,               0.00
XXXX SAI SURGICALS - BEED       .,            6946.00,               0.00,               0.00,               0.00,               0.00
XXXX SAI SHARDHA - CHIKHALI,           21477.00,               0.00,               0.00,               0.00,               0.00
XXXX SAI SURGICAL - KOPERKHAIRNA.,            1617.00,               0.00,               0.00,               0.00,               0.00
XXXX SAI SAMARTH DIST-JALOCHI BARAMATI-CLOSE,           14057.00,               0.00,               0.00,               0.00,               0.00
XXXX SAI VET PET  - KANDIVALI   .,           13354.00,               0.00,               0.00,               0.00,               0.00
XXXX SAIDEEP -GHATKOPAR (X)    .,           15859.00,               0.00,               0.00,               0.00,               0.00
XXXX SAIF AGENCY - VASAI    OWN.,            5760.00,               0.00,               0.00,               0.00,               0.00
XXXX SAIFEE HOSPITAL-CHARNI ROAD,            8523.00,               0.00,               0.00,               0.00,               0.00
XXXX SAIRAJ DIST - KOLHAPUR (XX.,            1280.00,               0.00,               0.00,               0.00,               0.00
XXXX SAIRAJ AGENCY - PANCHVATI,           57342.00,               0.00,               0.00,               0.00,               0.00
XXXX SAKARIA (MAHARASHTRA)-KALACHOWKI-XX,           14890.00,               0.00,               0.00,               0.00,               0.00
XXXX SAKSHI ENTERPRISES-SEWREE  .,           23011.00,               0.00,               0.00,               0.00,               0.00
XXXX SAKSHI ENT - PAREL            .,           10090.00,               0.00,               0.00,               0.00,               0.00
XXXX SALECHA PHARMA - KAMATIPURA   .,            6142.00,               0.00,               0.00,               0.00,               0.00
XXXX SAMAH PHARMA-BHOSARI-SHOP CLOSE,           15227.00,               0.00,               0.00,               0.00,               0.00
XXXX SAMARTH PHARMA - SANGLI,           32448.00,               0.00,               0.00,               0.00,               0.00
XXXX SAMARTH PHARMA MEDICAL- XX-C/B,          293042.00,               0.00,               0.00,               0.00,               0.00
XXXX SAMARTH MEDICAL - JATH        .,            8736.00,               0.00,               0.00,               0.00,               0.00
XXXX SAMRAT HEALTHCARE - BHAYANDER (XX TITAN,            7840.00,               0.00,               0.00,               0.00,               0.00
XXXX SAMRUDDHI PHARMA - NAGPUR(KATOL),            3497.00,               0.00,               0.00,               0.00,               0.00
XXXX SANDEEP MEDICAL AGENCIES-MALEGAON-XR,            5778.00,               0.00,               0.00,               0.00,               0.00
XXXX SANDEEP MEDICAL - INDAPUR     .,            1613.00,               0.00,               0.00,               0.00,               0.00
XXXX SANGEWAR - LOHA-TITANIC,           82456.00,               0.00,               0.00,               0.00,               0.00
XXXX SANJAY AGENCY - KANHAN,           35949.00,               0.00,               0.00,               0.00,               0.00
XXXX SANJEEVANI MEDICL CEN.NUR.HOME.ANTOP HI,            9744.00,               0.00,               0.00,               0.00,               0.00
XXXX SANJIVANI MEDICAL AGENCIES,            8400.00,               0.00,               0.00,               0.00,               0.00
XXXX SANJIVANI DISTRIBUTORS - GOREG.,            1538.00,               0.00,               0.00,               0.00,               0.00
XXXX SANJIVANI (DAONIL) - AHILYANAGAR,            6380.00,               0.00,               0.00,               0.00,               0.00
XXXX SANJIVAN MEDICALS - DANWAD.,            4008.00,               0.00,               0.00,               0.00,               0.00
XXXX SANJIVANI AGENCIES - AHILYANAGAR,           19951.00,               0.00,               0.00,               0.00,               0.00
XXXX SANK PHARMACEUTICALS-WARDHA-XX,           24466.82,               0.00,               0.00,               0.00,               0.00
XXXX SANKET - AURANGABAD,               0.00,               0.00,               0.00,               0.00,               0.00
XXXX SANTACRUZ MEDICAL CENTRE-SANTACRUZ,           21950.00,               0.00,               0.00,               0.00,               0.00
XXXX SARASWATI MEDICAL - MALEGAON,            8292.00,               0.00,               0.00,               0.00,               0.00
XXXX SARTHAK ENT-FURSUNGI(PUNE)-XR,           14112.00,               0.00,               0.00,               0.00,               0.00
XXXX SATGURU AGENCY-DHULE-XR,           25164.00,               0.00,               0.00,               0.00,               0.00
XXXX SATISH TRADERS.-GOA   CASH        .,             810.00,               0.00,               0.00,               0.00,               0.00
XXXX SATYA SURGICAL - NAGPUR,            -300.00,               0.00,               0.00,               0.00,               0.00
XXXX SATYAM ENT - VIRAR,           22135.00,               0.00,               0.00,               0.00,               0.00
XXXX SATYAM AGENCIES - KARAD    .,            4053.00,               0.00,               0.00,               0.00,               0.00
XXXX SATYAM SALES - DOMBIVALI,           90157.00,               0.00,               0.00,               0.00,               0.00
XXXX SAVITRI ENTERPRISES-GHATKOPAR-TITANIC,           67602.00,               0.00,               0.00,               0.00,               0.00
XXXX SAWAI SURGICALS - SASWAD -TITANIC,           39000.00,               0.00,               0.00,               0.00,               0.00
XXXX SCOTT LIFE - AURANGABAD,           12880.00,               0.00,               0.00,               0.00,               0.00
XXXX SEVA MARKETING-KANDIVALI [X.,           20261.00,               0.00,               0.00,               0.00,               0.00
XXXX SEVA MEDICAL - NIPANI,            2438.00,               0.00,               0.00,               0.00,               0.00
XXXX SEVA AGENCIES-SHRIRAMPUR,           50787.59,               0.00,               0.00,               0.00,               0.00
XXXX SEVANTILAL KANTILAL           .,               0.00,               0.00,               0.00,               0.00,               0.00
XXXX SHAH MEDICAL (NEW) - J.J.-PRINCESS ST.,           22419.00,               0.00,               0.00,               0.00,               0.00
XXXX SHAH MEDICAL - MODNIMB -XX,            3431.00,               0.00,               0.00,               0.00,               0.00
XXXX SHAH MEDICAL (OLD) - J.J,           13971.00,               0.00,               0.00,               0.00,               0.00
XXXX SHAH (MEDICO) - GHATKOPAR,           41242.00,               0.00,               0.00,               0.00,               0.00
XXXX SHAHEEN CHARITABLE - NANDED,            7000.00,               0.00,               0.00,               0.00,               0.00
XXXX SHAKTI DRUG - DHULE,           -9069.00,               0.00,               0.00,               0.00,               0.00
XXXX SHALINI ENTERPRSISE - AIROL.,           35212.00,               0.00,               0.00,               0.00,               0.00
XXXX SHANTI MEDICAL - KADEGAON .,           17371.00,               0.00,               0.00,               0.00,               0.00
XXXX SHANTI KRUPA - DAHANU      .,           24220.00,               0.00,               0.00,               0.00,               0.00
XXXX SHANTAI SWASTA AUSHADI SEVA-LONAND-XR,           46480.00,               0.00,               0.00,               0.00,               0.00
XXXX SHASTRI PHARMA - PARBHANI,            5694.00,               0.00,               0.00,               0.00,               0.00
XXXX SHEETAL MEDICAL - J.J         .,           62760.00,               0.00,               0.00,               0.00,               0.00
XXXX SHEETAL PHARAMA (J.J) - VIRAR .,          124108.00,               0.00,               0.00,               0.00,               0.00
XXXX SHIELD PHARMA-THANE-XX,            1943.73,               0.00,               0.00,               0.00,               0.00
XXXX SHIV SHAKTI ENT - GOREGAON,            4892.00,               0.00,               0.00,               0.00,               0.00
XXXX SHIV CHIDAMBAR  PHARMA-SANPADA-TITANIC,           29608.00,               0.00,               0.00,               0.00,               0.00
XXXX SHIVAM AGENCY - BHAYANDER-XX CLOSE,           23854.00,               0.00,               0.00,               0.00,               0.00
XXXX SHIVBHAKTI - TURBHE- CLOSE-DEATH,          421939.00,               0.00,               0.00,               0.00,               0.00
XXXX SHRADHA MEDICAL-PACHORA       .,            4354.00,               0.00,               0.00,               0.00,               0.00
XXXX SHRADDHA DISTRIBUTORS-WADALA,           20885.00,               0.00,               0.00,               0.00,               0.00
XXXX SHRAVAN PHARMA-SOLAPUR-(WINDLAS),            3595.00,               0.00,               0.00,               0.00,               0.00
XXXX SHREE RATNARAJ SURGICAL - T.,            5344.00,               0.00,               0.00,               0.00,               0.00
XXXX SHREYASH PHARMA - NAGPUR  .,           35104.00,               0.00,               0.00,               0.00,               0.00
XXXX SHREYA PHARMACEUTICAL-WASHI.,            6328.00,               0.00,               0.00,               0.00,               0.00
XXXX SHRI GANESH ENTERPRISES-BAD.,           13194.00,               0.00,               0.00,               0.00,               0.00
XXXX SHRI GANESH PHARMACY - MAN.,           12432.00,               0.00,               0.00,               0.00,               0.00
XXXX SHRI SAI ENT - FURSUNGI,          215426.00,               0.00,               0.00,               0.00,               0.00
XXXX SHRI VENKATESH MEDICAL-CHIKODI OLD,           22628.00,               0.00,               0.00,               0.00,               0.00
XXXX SHRI GAJANAN ENT - AKOLA X-.,           38994.00,               0.00,               0.00,               0.00,               0.00
XXXX SHRI GANESH ENT - GHATKOPA.,           57887.00,               0.00,               0.00,               0.00,               0.00
XXXX SHRI KRUPA DIST - LATUR XX DONT OPEN,            2000.00,               0.00,               0.00,               0.00,               0.00
XXXX SHRI TULAJA BHAVANI SUR - ATHANI-LN,          145008.00,               0.00,               0.00,               0.00,               0.00
XXXX SHRI KRISHNA LIFECARE-DHARAVI,           26940.00,               0.00,               0.00,               0.00,               0.00
XXXX SHRI RAJRAJESHWAR MEDICAL - NANDED,            1820.00,               0.00,               0.00,               0.00,               0.00
XXXX SHRI SAI ENT - DOMBIVALI,            7842.00,               0.00,               0.00,               0.00,               0.00
XXXX SHRI SAMARTH AGENCY-AIROLI,            1545.00,               0.00,               0.00,               0.00,               0.00
XXXX SHRI SAMARTH PHARMA -KAMSHET-XR,            4174.00,               0.00,               0.00,               0.00,               0.00
XXXX SHRI KRISHNA (KAMAL) - VAP.,           57584.00,               0.00,               0.00,               0.00,               0.00
XXXX SHRI GOMTESH DISTRIBUTOR -.,            5500.00,               0.00,               0.00,               0.00,               0.00
XXXX SHRI SIDDHIVINAYAK MEDICAL - BYCULLA,               0.00,               0.00,               0.00,               0.00,               0.00
XXXX SHRI KRISHNA PHARMA -PR ST,           14007.00,               0.00,               0.00,               0.00,               0.00
XXXX SHRI SAI MEDICAL - MALEGAO.,            8071.00,               0.00,               0.00,               0.00,               0.00
XXXX SHRI SAI PHARMA-KAMOTHE,           17423.00,               0.00,               0.00,               0.00,               0.00
XXXX SHRI SAI SURGICALS -BARAMATI-XR,           11200.00,               0.00,               0.00,               0.00,               0.00
XXXX SHRI BALAJI ENTERPRISE-DHULE,            5100.00,               0.00,               0.00,               0.00,               0.00
XXXX SHRI RAJESHWAR PHARMA-DHARAVI-XR,            5324.00,               0.00,               0.00,               0.00,               0.00
XXXX SHRI SHAKTI DISTRIBUTORS .,           18450.00,               0.00,               0.00,               0.00,               0.00
XXXX SHRI GANESH PHARMA-NANDED #CB 10,            4769.00,               0.00,               0.00,               0.00,               0.00
XXXX SHRI SAI PRASAD - NASIK-TITANIC,           32265.00,               0.00,               0.00,               0.00,               0.00
XXXX SHRI KRISHNA (UPPER HITESH ),               0.00,               0.00,               0.00,               0.00,               0.00
XXXX SHRI SHUBHAM(BHEEM)-MAHIM,           56167.00,               0.00,               0.00,               0.00,               0.00
XXXX SHRI MAHESH MEDICAL SUPPLY    .,            1097.00,               0.00,               0.00,               0.00,               0.00
XXXX SHRI SAI DISTRIBUTORS-X S.,           34869.00,               0.00,               0.00,               0.00,               0.00
XXXX SHRI SACHIDANAND - BHIWANDI  .,               0.00,               0.00,               0.00,               0.00,               0.00
XXXX SHRI SAI AGENCIES - CHOPDA.,           13251.00,               0.00,               0.00,               0.00,               0.00
XXXX SHRI SIDDHIVINAYAK MEDI-BIDRI-(WINDLAS),            8443.00,               0.00,               0.00,               0.00,               0.00
XXXX SHRI RAAMESH PHARMA-PUNE(JAI MALHAR),           16654.00,               0.00,               0.00,               0.00,               0.00
XXXX SHRI MANGAL MURTI - LONAN.,           36076.00,               0.00,               0.00,               0.00,               0.00
XXXX SHRI GURUDEV SURGICAL-X B.,           22648.00,               0.00,               0.00,               0.00,               0.00
XXXX SHRI GANESH - AMBERNATH-,           86241.00,               0.00,               0.00,               0.00,               0.00
XXXX SHRI MEDICAL -KOPARKHAIRANE-XR,          302423.00,               0.00,               0.00,               0.00,               0.00
XXXX SHRI MAHALAXMI DIAGNOSTIC .,            1512.00,               0.00,               0.00,               0.00,               0.00
XXXX SHRI GANESH ENTERPRISES-BADLAPUR,           17628.00,               0.00,               0.00,               0.00,               0.00
XXXX SHRI SWAMI SAMARTH PHARMA-SAROOD,           18891.00,               0.00,               0.00,               0.00,               0.00
XXXX SHRI DATTA MEDICAL - WATHODA,            7918.00,               0.00,               0.00,               0.00,               0.00
XXXX SHRI VALLABH AGENCY-VASAI,            5705.00,               0.00,               0.00,               0.00,               0.00
XXXX SHRI RAMDEV MEDICAL - DHAR.,           29107.00,               0.00,               0.00,               0.00,               0.00
XXXX SHRI RAMESHWARAM - THANE,            6058.00,               0.00,               0.00,               0.00,               0.00
XXXX SHRI SAI MEDICAL AGENCY -.,            9785.00,               0.00,               0.00,               0.00,               0.00
XXXX SHRI NAVDEEP HEALTHCARE - DONGRI,           20909.00,               0.00,               0.00,               0.00,               0.00
XXXX SHRI KRUPA PHARMA-PUSAD-XR,            3998.00,               0.00,               0.00,               0.00,               0.00
XXXX SHRI SAMARTH PHARMA - SANGOLA      .,           25000.00,               0.00,               0.00,               0.00,               0.00
XXXX SHRI DISTRIBUTORS-SATARA-XR,            6952.00,               0.00,               0.00,               0.00,               0.00
XXXX SHRI KRISHNA DIST-BADLAPUR X1,           15482.00,               0.00,               0.00,               0.00,               0.00
XXXX SHRI KRISHNA ENTERPRISES-AKOLA,            5124.00,               0.00,               0.00,               0.00,               0.00
XXXX SHRI GANESH - DAHISAR (XXX.,           51208.00,               0.00,               0.00,               0.00,               0.00
XXXX SHRI PHARMACEUTICALS-SHIRPUR,             500.00,               0.00,               0.00,               0.00,               0.00
XXXX SHRI VINAYAK DISTRIBUTORS .,           16682.00,               0.00,               0.00,               0.00,               0.00
XXXX SHRI SAVITAM INDO OVERSEAS - Z.,            1838.00,               0.00,               0.00,               0.00,               0.00
XXXX SHRI MAHALAXMI MEDICAL - KHARGHAR-XX,            1232.00,               0.00,               0.00,               0.00,               0.00
XXXX SHRI VINOD - JALGAON (5%) .,           39687.00,               0.00,               0.00,               0.00,               0.00
XXXX SHRI SAI KRISHNA MEDICO - KALHER,            4850.00,               0.00,               0.00,               0.00,               0.00
XXXX SHRI MAHESH MEDICAL CHEMI.,            3372.00,               0.00,               0.00,               0.00,               0.00
XXXX SHRI CHAMUNDA AGENCY-GOREGAON,            6091.00,               0.00,               0.00,               0.00,               0.00
XXXX SHRI BALAJI DIST. - MIRAJ.,            6550.00,               0.00,               0.00,               0.00,               0.00
XXXX SHRI SAI PHARMA -VASHI    .,            2659.00,               0.00,               0.00,               0.00,               0.00
XXXX SHRI JAIN PHARMA - THANE -TITANIC,          169205.00,               0.00,               0.00,               0.00,               0.00
XXXX SHRI KRISHNA ENTE-OM PREM .,           19661.00,               0.00,               0.00,               0.00,               0.00
XXXX SHRI PHARMA-GHATKOPAR         .,            1010.00,               0.00,               0.00,               0.00,               0.00
XXXX SHRI MAHALAXMI DISTRIBUTOR- ICHALKANJI-,           17653.00,               0.00,               0.00,               0.00,               0.00
XXXX SHRI SAI PHARMA-KOLHAPUR,           19375.00,               0.00,               0.00,               0.00,               0.00
XXXX SHRI GAJANAN DIST - KANDIVALI,            2359.00,               0.00,               0.00,               0.00,               0.00
XXXX SHRI KRUSHNA ENT - SOLAPUR,          220323.00,               0.00,               0.00,               0.00,               0.00
XXXX SHRI GANESH DISTRIBUTORS-LATUR-XX,           11241.51,               0.00,               0.00,               0.00,               0.00
XXXX SHRI SADGURU(BHEEM)GOREGAON,           36030.00,               0.00,               0.00,               0.00,               0.00
XXXX SHRI SWAMI SAMRTH PHARMA- KALYAN(CLOSDE,           46641.00,               0.00,               0.00,               0.00,               0.00
XXXX SHRI RIDDHI SIDDHI DISTRIBUTORS-BALINGE,            2912.00,               0.00,               0.00,               0.00,               0.00
XXXX SHRI SURGICAL & MEDI-WADI,            7524.00,               0.00,               0.00,               0.00,               0.00
XXXX SHRI KALYAN MEDICAL - SHENURNI(JAMNER)-,           40000.00,               0.00,               0.00,               0.00,               0.00
XXXX SHRI OM SAI PHARMA -CHADCHAN(INDI),             500.00,               0.00,               0.00,               0.00,               0.00
XXXX SHRI EKDANT PHARMA - PANCHAVATI CLOSE,            1389.00,               0.00,               0.00,               0.00,               0.00
XXXX SHRI KRISHNA HOSPITAL-BHAYANDER(E),            2576.00,               0.00,               0.00,               0.00,               0.00
XXXX SHRI SAMARTH HEALTHCARE - SHIRUR -XR,           21975.00,               0.00,               0.00,               0.00,               0.00
XXXX SHRI MAHALAXMI - KOLHAPUR -DEATH,           42406.00,               0.00,               0.00,               0.00,               0.00
XXXX SHRI BALAJI - PUSAD-LN,           32551.00,               0.00,               0.00,               0.00,               0.00
XXXX SHRI MEDICAL-HAJARMACHI-LN-CLOS,          111481.00,               0.00,               0.00,               0.00,               0.00
XXXX SHRI SAI PHARMA-KODOLI-XR,           20000.00,               0.00,               0.00,               0.00,               0.00
XXXX SHRI SAMARTH - AIROLI -XX,           17451.80,               0.00,               0.00,               0.00,               0.00
XXXX SHRI GANESH - MALAD-GIRIRA.,           69734.00,               0.00,               0.00,               0.00,               0.00
XXXX SHRI SAI PHARMA  - NASIK-XX-C/B,            2000.00,               0.00,               0.00,               0.00,               0.00
XXXX SHRI PRABHU - SHAHADA,           33287.00,               0.00,               0.00,               0.00,               0.00
XXXX SHRI NARSIMHA MEDICAL-UMARKHED-LN,           35458.00,               0.00,               0.00,               0.00,               0.00
XXXX SHRI KVO - NALASOPARA,            6082.00,               0.00,               0.00,               0.00,               0.00
XXXX SHRI SAINATH PHARMACY-KIDWAI-XR,            7131.00,               0.00,               0.00,               0.00,               0.00
XXXX SHRI GANPATI-VAIJAPUR-XR,           23240.00,               0.00,               0.00,               0.00,               0.00
XXXX SHRI SURYA SURGI(BUNTY)NASIK,            2197.00,               0.00,               0.00,               0.00,               0.00
XXXX SHRI BALASAHEB DIST-WASHIM.,           31205.00,               0.00,               0.00,               0.00,               0.00
XXXX SHRI SAI - AHILYANAGAR,            4239.00,               0.00,               0.00,               0.00,               0.00
XXXX SHRICHEM PHARMACEUTICAL PVT L.,            2236.00,               0.00,               0.00,               0.00,               0.00
XXXX SHRIHARI SURGICAL-PIMPLE GURAV-CONCEPT,             967.00,               0.00,               0.00,               0.00,               0.00
XXXX SHRIJI DISTRIBUTORS - WADALA,            6051.00,               0.00,               0.00,               0.00,               0.00
XXXX SHRIJEE PHARMA - WADALA,            4427.00,               0.00,               0.00,               0.00,               0.00
XXXX SHRIJI DISTRIBUTORS-BADALPU.,           23094.00,               0.00,               0.00,               0.00,               0.00
XXXX SHRIJI SURGICAL DISTRIBUTOR-THANE,           20005.00,               0.00,               0.00,               0.00,               0.00
XXXX SHRIJI AGENCIES - DHULE  STOP BILLING,            9955.00,               0.00,               0.00,               0.00,               0.00
XXXX SHRIJI PHARMA - MANGAL MRK.,           12491.00,               0.00,               0.00,               0.00,               0.00
XXXX SHRIJI AGENCIES - NANDED,               1.00,               0.00,               0.00,               0.00,               0.00
XXXX SHRIJI MARKETING(BHEEM)-JOGESHWARI,            3327.00,               0.00,               0.00,               0.00,               0.00
XXXX SHRIMAD RAJCHANDRA MEDICAL TRUST,              91.00,               0.00,               0.00,               0.00,               0.00
XXXX SHRIMAD RAJCHANDRA HOSPITAL (OLD),           18988.00,               0.00,               0.00,               0.00,               0.00
XXXX SHRINIVASA PHARMA-NANDED-OLD GST-XR,            8696.00,               0.00,               0.00,               0.00,               0.00
XXXX SHRINATH PHARMA - MULUND (.,          144478.00,               0.00,               0.00,               0.00,               0.00
XXXX SHRINIVAS(NEW)PHARMA-GADEGAON #CB 3,            1500.00,               0.00,               0.00,               0.00,               0.00
XXXX SHRINIWAS PHARMA - NASIK(ALKEM ONLY)-XR,           50959.00,               0.00,               0.00,               0.00,               0.00
XXXX SHRINATH SURGICALS - LATUR -XR,            4928.00,               0.00,               0.00,               0.00,               0.00
XXXX SHRIRAM ENT(DAONIL)-PUNE,            4450.00,               0.00,               0.00,               0.00,               0.00
XXXX SHRIRANG DIST - LATUR (advance)APURVA,           62030.00,               0.00,               0.00,               0.00,               0.00
XXXX SHRIRAM MEDICO - HADAPSAR .,            6397.00,               0.00,               0.00,               0.00,               0.00
XXXX SHRIRAM HEALTHCARE - BIBWEWADI(A/C)ISSU,               0.00,               0.00,               0.00,               0.00,               0.00
XXXX SHRIRAM SAMARTH - BORIVALI(7# MONTHS)#C,            2344.00,               0.00,               0.00,               0.00,               0.00
XXXX SHRISHANKAR SWAST AUSHADHI SEVA-XR,           39088.00,               0.00,               0.00,               0.00,               0.00
XXXX SHRISHAILYA PHARMA - NANDED,            4873.00,               0.00,               0.00,               0.00,               0.00
XXXX SHUBH LAXMI PHARMA - HADAPSAR -XX,            4501.00,               0.00,               0.00,               0.00,               0.00
XXXX SHUBHADA (ENT)-LOWER PAREL-XR,           25799.00,               0.00,               0.00,               0.00,               0.00
XXXX SHUBHAM SURGICAL (OLD) - DAHISAR,           35504.00,               0.00,               0.00,               0.00,               0.00
XXXX SHUBHAM SURGICAL-DAHISAR-XR,            6337.00,               0.00,               0.00,               0.00,               0.00
XXXX SIDDHARTH PHARMAC-AHILYANAGAR-XX DON,           36578.00,               0.00,               0.00,               0.00,               0.00
XXXX SIDDHESHWAR - SANGOLA,           74399.00,               0.00,               0.00,               0.00,               0.00
XXXX SIDDHIVINAYAK MEDICAL-CHALISGAON - C/B,          116973.65,               0.00,               0.00,               0.00,               0.00
XXXX SIDDHI MEDICO(BHEEM)-PUNE,            5857.00,               0.00,               0.00,               0.00,               0.00
XXXX SIDDHIVINAYAK - NANDED -CLSOE,           33412.00,               0.00,               0.00,               0.00,               0.00
XXXX SIDDHIVINAYAK - KALYAN,          114430.00,               0.00,               0.00,               0.00,               0.00
XXXX SIDDHI DISTRIBUTORS-BEED X-.,           15952.00,               0.00,               0.00,               0.00,               0.00
XXXX SIDHANT DIST - NIPANI,           72109.00,               0.00,               0.00,               0.00,               0.00
XXXX SIDHESHWAR - K.MAHANKAL,           24185.00,               0.00,               0.00,               0.00,               0.00
XXXX SIDHHI ENTERPRISES-CHUNABHH.,            2020.00,               0.00,               0.00,               0.00,               0.00
XXXX SIRVI DISTRIBUTOR-THANE (XX.,           22745.00,               0.00,               0.00,               0.00,               0.00
XXXX SM MEDICO - CHINCHWAD-DONT SAYS ANYONE,          215961.00,               0.00,               0.00,               0.00,               0.00
XXXX SMRUTI DISTRIBUTORS - NASHI.,            2090.00,               0.00,               0.00,               0.00,               0.00
XXXX SNEHA CHEMIST & DRUGGIST X.,            1025.00,               0.00,               0.00,               0.00,               0.00
XXXX SNEHAL MEDICAL - PATHARDI X.,           59934.00,               0.00,               0.00,               0.00,               0.00
XXXX SNEHBANDH MEDICAL - DAPODI,           10523.00,               0.00,               0.00,               0.00,               0.00
XXXX SOHAM MEDICAL & GEN. STORE.,           14573.00,               0.00,               0.00,               0.00,               0.00
XXXX SPECTRUM DISTRIBUTOR-PUNE  .,            1575.00,               0.00,               0.00,               0.00,               0.00
XXXX SRA PHARMACEUTICALS-NASIK -XR,           22503.00,               0.00,               0.00,               0.00,               0.00
XXXX SRV CHEMIST - GOREGAON,            5376.00,               0.00,               0.00,               0.00,               0.00
XXXX SS PHARMA - SANGVI-XR,           12826.00,               0.00,               0.00,               0.00,               0.00
XXXX SSD MEDICAL - HENGANDHAT,          120594.00,               0.00,               0.00,               0.00,               0.00
XXXX STANT SURGICAL CO-VAPI        .,           10519.00,               0.00,               0.00,               0.00,               0.00
XXXX STAR MEDICAL - MALEGAON (3%),           20753.00,               0.00,               0.00,               0.00,               0.00
XXXX STAR ENTERPRISES - PR STR     .,            1890.00,               0.00,               0.00,               0.00,               0.00
XXXX SUBHASH DISTRIBUTORS-NEWASA.,           16807.00,               0.00,               0.00,               0.00,               0.00
XXXX SUBHASH DISTRIBUTORS - NEWASA-XX,           29928.76,               0.00,               0.00,               0.00,               0.00
XXXX SUBHASH KANOJIA-SIGNATIURE.,            6495.00,               0.00,               0.00,               0.00,               0.00
XXXX SUDARSHAN-AURANGABAD (E10),            6845.00,               0.00,               0.00,               0.00,               0.00
XXXX SUKHAKARTA - MAJALGAON,            3200.00,               0.00,               0.00,               0.00,               0.00
XXXX SUKHAKARTA AGENCIES-BHANDARA-XR,           12139.00,               0.00,               0.00,               0.00,               0.00
XXXX SUKHINDRAM (ASHOKA) - MALAD.,           65642.00,               0.00,               0.00,               0.00,               0.00
XXXX SUMAN ENTERPRISES-WADI,          163499.00,               0.00,               0.00,               0.00,               0.00
XXXX SUMIT PHARMA-HIMAYATNAGAR #CB 8,            4000.00,               0.00,               0.00,               0.00,               0.00
XXXX SUMIT MEDICAL-VASHI (X)   .,            7368.00,               0.00,               0.00,               0.00,               0.00
XXXX SUN LIFE INC - NEW PANVEL  .,            1032.00,               0.00,               0.00,               0.00,               0.00
XXXX SUN MEDICO & GEN STORES   -.,           20045.00,               0.00,               0.00,               0.00,               0.00
XXXX SUN PHARMA- VASAI-XR,           34944.00,               0.00,               0.00,               0.00,               0.00
XXXX SUN PHARMA (MALT) - INDORE .,           44588.00,               0.00,               0.00,               0.00,               0.00
XXXX SUNDERLAL PHARMA - WADALA,           17522.00,               0.00,               0.00,               0.00,               0.00
XXXX SUNIL PHARMA - BIJAPUR,            5656.00,               0.00,               0.00,               0.00,               0.00
XXXX SUNIL RETURN,            2281.00,               0.00,               0.00,               0.00,               0.00
XXXX SUNIL MEDICAL-KAIJ         .,            1661.00,               0.00,               0.00,               0.00,               0.00
XXXX SUNITA MEDICAL-KALWA (XXXB).,           32729.00,               0.00,               0.00,               0.00,               0.00
XXXX SUNRISE AGENCIES - TITWALA (MYLAN)-XR,           10123.00,               0.00,               0.00,               0.00,               0.00
XXXX SUNRISE PHARMA - BHADGAON (ERIS)-XX,           30000.00,               0.00,               0.00,               0.00,               0.00
XXXX SUPER STAR ENTERPRISE-MUMBAI 2.,             551.00,               0.00,               0.00,               0.00,               0.00
XXXX SUPER PHARMA - JALGAON,            4231.00,               0.00,               0.00,               0.00,               0.00
XXXX SUPREME PHARMA - MANCHAR-XX,           29031.00,               0.00,               0.00,               0.00,               0.00
XXXX SURESH MEDICAL-YEOLA,            9911.00,               0.00,               0.00,               0.00,               0.00
XXXX SURGITECH ENTE-SAMBHAJINAGAR-AKUMS,            3968.70,               0.00,               0.00,               0.00,               0.00
XXXX SURGI MEDICO - GONDIA,           20770.00,               0.00,               0.00,               0.00,               0.00
XXXX SURGIPHARMA-DADAR             DADAR,            6669.00,               0.00,               0.00,               0.00,               0.00
XXXX SURMOUNT LABORATORIES LTD-VIDYAVIHAR,            5133.00,               0.00,               0.00,               0.00,               0.00
XXXX SURVE AGENCIES - KURDUWADI-XR,           10560.00,               0.00,               0.00,               0.00,               0.00
XXXX SURYA PHARMACY-CHEMBUR,           13183.00,               0.00,               0.00,               0.00,               0.00
XXXX SURYA SURGI PHARMA (KISHORE)-NASIK-XR,            4547.00,               0.00,               0.00,               0.00,               0.00
XXXX SURYA SURGI PHARMA - ULWE -XR,            8888.00,               0.00,               0.00,               0.00,               0.00
XXXX SWAGAT MEDICAL STORE-SATANA-XR,           29739.00,               0.00,               0.00,               0.00,               0.00
XXXX SWAMI SAMRTHA (BHEEM) - KALYAN,           16780.00,               0.00,               0.00,               0.00,               0.00
XXXX SWAMIS ENTERPRISES MALEGAO,            4778.00,               0.00,               0.00,               0.00,               0.00
XXXX SWAMI MEDICAL-NANDED-TITANIC,           21140.00,               0.00,               0.00,               0.00,               0.00
XXXX SWAMI MEDICO - MANCHAR,           35850.00,               0.00,               0.00,               0.00,               0.00
XXXX SWAPNA MANISH SHAH,             878.00,               0.00,               0.00,               0.00,               0.00
XXXX SWARAJ GENERIC MEDICAL-AHILYANAGAR,            9841.00,               0.00,               0.00,               0.00,               0.00
XXXX SWAROOP MEDICAL AGENCIES-M.,           12428.00,               0.00,               0.00,               0.00,               0.00
XXXX SWAROOP MEDICAL - DOMBIVALI,           32438.00,               0.00,               0.00,               0.00,               0.00
XXXX SWASTIK PHARMA - BORIWALI (.,            8293.00,               0.00,               0.00,               0.00,               0.00
XXXX SWASTIK SURGICAL - PALUS,           90000.00,               0.00,               0.00,               0.00,               0.00
XXXX SWASTIK ENTERPRISES-KANDIVALI,           10121.00,               0.00,               0.00,               0.00,               0.00
XXXX SWASTIK MEDICAL - SANGLI,           65700.00,               0.00,               0.00,               0.00,               0.00
XXXX Sunrise Pharma - KATRAJ-CLOSE,           14098.00,               0.00,               0.00,               0.00,               0.00
XXXX T.J.CORPORATION - KANDIVALI   .,            1569.00,               0.00,               0.00,               0.00,               0.00
XXXX TAJ DIST - KONDHAWA        .,            4148.00,               0.00,               0.00,               0.00,               0.00
XXXX TARUNA PHARMACEUTICAL DIST.,           17802.00,               0.00,               0.00,               0.00,               0.00
XXXX TARUN MEDICARE - AURANGABAD(E10%),           29858.00,               0.00,               0.00,               0.00,               0.00
XXXX TEJAS C.K.SHAH                .,            5251.00,               0.00,               0.00,               0.00,               0.00
XXXX THAKKAR MEDICAL - PANVEL      .,            7398.00,               0.00,               0.00,               0.00,               0.00
XXXX TIGER - MANISH JOSHI SIR,           37500.00,               0.00,               0.00,               0.00,               0.00
XXXX TIME ENTERPRISES- PUNE,             945.00,               0.00,               0.00,               0.00,               0.00
XXXX TIRUPATI MEDICAL-DEOGANRAJA,           15663.00,               0.00,               0.00,               0.00,               0.00
XXXX TIRUPATI DISTRIBUTORS - PANVEL,            5978.00,               0.00,               0.00,               0.00,               0.00
XXXX TRIMURTI MEDICAL AGENCIES .,           22733.00,               0.00,               0.00,               0.00,               0.00
XXXX TRIMURTI PHARMA - WARJE  5.,            7556.00,               0.00,               0.00,               0.00,               0.00
XXXX UNIQE MEDICAL - PANVEL,           16389.00,               0.00,               0.00,               0.00,               0.00
XXXX UNIQUE MEDICAL - KAMPTEE,            4613.00,               0.00,               0.00,               0.00,               0.00
XXXX UNITED PHARMA - KEDGAON,            2056.00,               0.00,               0.00,               0.00,               0.00
XXXX UNITED SALES-ALIBAUG,           12798.00,               0.00,               0.00,               0.00,               0.00
XXXX UNITY MEDICARE AND SURGICAL-WARJE,            4535.00,               0.00,               0.00,               0.00,               0.00
XXXX UNITY HEALTH CARE - BORIVALI -XX,           14730.00,               0.00,               0.00,               0.00,               0.00
XXXX USHA MEDICAL-SILVASA          .,            3035.00,               0.00,               0.00,               0.00,               0.00
XXXX UTTAM AGENCIES - NASIK XX .,            4818.00,               0.00,               0.00,               0.00,               0.00
XXXX VAIBHAVI ENT-KOPARKAIRANE-TITANIC,           46560.00,               0.00,               0.00,               0.00,               0.00
XXXX VAIBHAV AGENCY - BULDHANA-XX,            8414.00,               0.00,               0.00,               0.00,               0.00
XXXX VAIDEHI PHARMA-KOLHAPUR-XX,          118579.00,               0.00,               0.00,               0.00,               0.00
XXXX VAISHNAVI ENTERPRSIES-KOLH.,            5088.00,               0.00,               0.00,               0.00,               0.00
XXXX VAISHNAVI DISTRIBUTOR - KA.,           27000.00,               0.00,               0.00,               0.00,               0.00
XXXX VAISHALI MEDICAL - BEED,           23071.00,               0.00,               0.00,               0.00,               0.00
XXXX VAKRATUND MEDICAL - NIPHAD,            9461.00,               0.00,               0.00,               0.00,               0.00
XXXX VANDAN MEDICAL - NAGPUR,           12488.00,               0.00,               0.00,               0.00,               0.00
XXXX VANSH PHARMA -SOLAPUR A/C ISSUE,           13831.00,               0.00,               0.00,               0.00,               0.00
XXXX VARADRAJ DIST. - X-4       .,           28471.00,               0.00,               0.00,               0.00,               0.00
XXXX VARAD PHARMACETICALS-SANGLI,           44045.00,               0.00,               0.00,               0.00,               0.00
XXXX VARAD PHARMA-KHED (X)      .,           13621.00,               0.00,               0.00,               0.00,               0.00
XXXX VARDAYANI (CHIRAG)-BHAYANDER-(TITANIC),           66406.00,               0.00,               0.00,               0.00,               0.00
XXXX VARDAYANI (SALE)- KANDIVALI,            1819.00,               0.00,               0.00,               0.00,               0.00
XXXX VARDAYANI GENERICS - KANDIVALI,           96454.00,               0.00,               0.00,               0.00,               0.00
XXXX VARDHAMAN AGENCIES - PARTUR(TITANIC),            3043.00,               0.00,               0.00,               0.00,               0.00
XXXX VARUN ENTERPRISES - MANPADA,            2287.08,               0.00,               0.00,               0.00,               0.00
XXXX VASANT CHEMIST - SILVASA      .,            1892.00,               0.00,               0.00,               0.00,               0.00
XXXX VASAVI MEDICAL - SIRONCHA,            1765.00,               0.00,               0.00,               0.00,               0.00
XXXX VED MEDICAL-PANVEL-XR,            2974.00,               0.00,               0.00,               0.00,               0.00
XXXX VED PHARMA-NAGPUR-(AKUMS),            9942.00,               0.00,               0.00,               0.00,               0.00
XXXX VEDANT MEDICAL - SANPADA,             498.00,               0.00,               0.00,               0.00,               0.00
XXXX VEDANGI PHARMA-SATARA,           44861.00,               0.00,               0.00,               0.00,               0.00
XXXX VEER AGENCIES-NANDED OWNER.,           35613.00,               0.00,               0.00,               0.00,               0.00
XXXX VENKATESH MEDICAL - KALYAN,           22510.00,               0.00,               0.00,               0.00,               0.00
XXXX VIGHNAHAR PHARMA - SOMATANE,            6120.00,               0.00,               0.00,               0.00,               0.00
XXXX VIGHNHARTA PHARMA - ULWE,            1449.00,               0.00,               0.00,               0.00,               0.00
XXXX VIGNAHARTA - DOMBIVALI (X-3.,          170003.00,               0.00,               0.00,               0.00,               0.00
XXXX VIGNESH PHARMA - ERNAKULAM,            3994.00,               0.00,               0.00,               0.00,               0.00
XXXX VIJAY MEDICAL STORE[#] - L.,            2395.00,               0.00,               0.00,               0.00,               0.00
XXXX VIJAY LIFE CARE-BHANDUP,           13860.00,               0.00,               0.00,               0.00,               0.00
XXXX VIJAY JOSHI,            5208.00,               0.00,               0.00,               0.00,               0.00
XXXX VIKAS GENERIC - SHRIRAMPUR,            1055.00,               0.00,               0.00,               0.00,               0.00
XXXX VIMAL GENERIC-PUNE-XR,           32984.00,               0.00,               0.00,               0.00,               0.00
XXXX VINAYAK DISTRIBUTORS-GOREGAON,            1332.00,               0.00,               0.00,               0.00,               0.00
XXXX VINAY ENT-BADLAPUR #CB 5,           27309.00,               0.00,               0.00,               0.00,               0.00
XXXX VINAYAK PHARMA-GHANSOLI -XX,           31794.00,               0.00,               0.00,               0.00,               0.00
XXXX VINAYAK PHARMA - ULHASNAGA.,           12000.00,               0.00,               0.00,               0.00,               0.00
XXXX VINAY - VALSAD,            5324.00,               0.00,               0.00,               0.00,               0.00
XXXX VINAYAKA ENTERPRISES-JUI NAGAR,            6930.00,               0.00,               0.00,               0.00,               0.00
XXXX VINAYAK DISTRIBUTORS-THANE,            5135.00,               0.00,               0.00,               0.00,               0.00
XXXX VINOD VAIBHAV -SILVASA              .,            2095.00,               0.00,               0.00,               0.00,               0.00
XXXX VINOD MEDICALS - KHAMGAON     .,           17939.00,               0.00,               0.00,               0.00,               0.00
XXXX VINSAC PHARMA - NAGPUR,           36740.00,               0.00,               0.00,               0.00,               0.00
XXXX VISHAL ENTERPRISE- KOLHAPU.,           18646.00,               0.00,               0.00,               0.00,               0.00
XXXX VISION PHARMA DISTRIBUTOR .,           11249.00,               0.00,               0.00,               0.00,               0.00
XXXX VITHAI MEDICAL - NANDURBAR .,            7734.00,               0.00,               0.00,               0.00,               0.00
XXXX VIVEK SURGICAL -POWAI,             560.00,               0.00,               0.00,               0.00,               0.00
XXXX VIVEK SURGICAL &-CHANDRAPUR#CB5,           27500.00,               0.00,               0.00,               0.00,               0.00
XXXX VIVEK SURGICAL - PAWAI     .,            9285.00,               0.00,               0.00,               0.00,               0.00
XXXX VIWA LIFECARE - NASIK,           61541.00,               0.00,               0.00,               0.00,               0.00
XXXX VKRG PHARMA PVT LTD - NASHIK-XR,           74007.00,               0.00,               0.00,               0.00,               0.00
XXXX VORA AGENCY - MULUND,            1927.00,               0.00,               0.00,               0.00,               0.00
XXXX VPS AGENCY-NASIK -MERIL-XR,            2608.00,               0.00,               0.00,               0.00,               0.00
XXXX VRUNDAVAN (OLD)-WADI -TITANIC,           22177.00,               0.00,               0.00,               0.00,               0.00
XXXX VRUNDAVAN (NEW) - WADI-TITANIC,           42986.00,               0.00,               0.00,               0.00,               0.00
XXXX VRUSHA SURGICAL - MALAD    .,           19561.00,               0.00,               0.00,               0.00,               0.00
XXXX VYANKATESH PHARMA -AURANGABAD OLD(close,          360417.00,               0.00,               0.00,               0.00,               0.00
XXXX VYANKATESH TRADERS - NAGPUR,           19688.00,               0.00,               0.00,               0.00,               0.00
XXXX WE CARE MEDICAL & GEN STORE-KANDIVALI,            4841.98,               0.00,               0.00,               0.00,               0.00
XXXX WELCOME SURGICAL-VASAI-E   .,            2381.00,               0.00,               0.00,               0.00,               0.00
XXXX WELCOME AGENCY-BHIWANDI (TITANIC),            6224.00,               0.00,               0.00,               0.00,               0.00
XXXX WELL LIFE PHARMACEUTICAL PV.,           22889.00,               0.00,               0.00,               0.00,               0.00
XXXX WELLNESS FOREVER - PAREL,           10397.00,               0.00,               0.00,               0.00,               0.00
XXXX WEST COAST AGENCIES - KANDIVALI,            5701.00,               0.00,               0.00,               0.00,               0.00
XXXX WHOLESALE - SANGAMNER (5%OP) TITANIC,          177996.00,               0.00,               0.00,               0.00,               0.00
XXXX WILSON HEALTHCARE-MALAD-LN-CLOSE,          287212.00,               0.00,               0.00,               0.00,               0.00
XXXX YAC REMEDIES - NALASOPARA .,           14669.00,               0.00,               0.00,               0.00,               0.00
XXXX YASH MEDICAL AGENCY-VAIJAP.,           18064.00,               0.00,               0.00,               0.00,               0.00
XXXX YASH PHARMA - NASIK        .,            6266.00,               0.00,               0.00,               0.00,               0.00
"XXXX YASH PHARMACEUTICAL - NAND,",           20485.00,               0.00,               0.00,               0.00,               0.00
XXXX YASH MEDICAL AGENCIES-MANJALGAON,           55373.00,               0.00,               0.00,               0.00,               0.00
XXXX YASH SURGICALS-AKOLA,            2553.00,               0.00,               0.00,               0.00,               0.00
XXXX YASH MARKETING - NANDED (CLOSED),               0.00,               0.00,               0.00,               0.00,               0.00
XXXX YASH MEDICAL HOUSE - CHANDANNAGAR(PUNE),           13278.00,               0.00,               0.00,               0.00,               0.00
XXXX YASH ENENTERPRISE  -FAMOUS      .,            1235.00,               0.00,               0.00,               0.00,               0.00
XXXX YASHODA MEDICOSE - NAGPUR,           16438.00,               0.00,               0.00,               0.00,               0.00
XXXX YOGRAAJ DRUG - BHAYENDER,           16694.00,               0.00,               0.00,               0.00,               0.00
XXXXA.K.PHARMA - CHAKAN-XX,            5264.00,               0.00,               0.00,               0.00,               0.00
XXXXAADISH MEDICAL -AMBERNATH-XX,          230280.00,               0.00,               0.00,               0.00,               0.00
XXXXAAIJEE ENTERPRISES-KHARGHAR-XX,            6191.00,               0.00,               0.00,               0.00,               0.00
XXXXAAKANSHA-NALASOPARA-XX,           79561.00,               0.00,               0.00,               0.00,               0.00
XXXXAARUSH DISTRIBUTORS-DHULE-XX,           47286.00,               0.00,               0.00,               0.00,               0.00
XXXXACE ENTERPRISE-SALE MUMBAI-XX,           10433.00,               0.00,               0.00,               0.00,               0.00
XXXXADESHWAR MEDITECH-G.T.HOSPITAL.,             294.00,               0.00,               0.00,               0.00,               0.00
XXXXADITI PHARMA-NALASOPARA-TITANIC-XX,           49496.00,               0.00,               0.00,               0.00,               0.00
XXXXADITI PHARMA - NALASOPARA-XX,          105500.18,               0.00,               0.00,               0.00,             500.00
XXXXADITYA - PANVEL-XX,           16539.00,               0.00,               0.00,               0.00,               0.00
XXXXADVIK MEDICAL STORES-LONAR-XX,           15670.00,               0.00,               0.00,               0.00,               0.00
XXXXAEROLIFE PHARMA - VASAI(EAST)-XX,            3632.00,               0.00,               0.00,               0.00,               0.00
XXXXAGARWAL MEDICAL -GONDIA-XX,            6195.00,               0.00,               0.00,               0.00,               0.00
XXXXAJANTA - AURANGABAD-XX,           73777.00,               0.00,               0.00,               0.00,               0.00
XXXXAJOTA (GOPIKUMAR)-XX             .,          158689.00,               0.00,               0.00,               0.00,               0.00
XXXXAKASH ENTERPRISES-VIRAR-XX    .,           11535.00,               0.00,               0.00,               0.00,               0.00
XXXXB.S.PHARMA - MAJALGAON -XR,           30361.00,               0.00,               0.00,               0.00,               0.00
XXXXX SONALI MEDICAL - KARMALA -XX,               0.00,               0.00,               0.00,               0.00,               0.00
XYLEM PHARMA - BHIWANDI,           24061.00,               0.00,           24061.00,               0.00,               0.00
YASH DISTR - LATUR  XX,           20092.00,               0.00,               0.00,               0.00,               0.00
YASH ENTERPRISES-VIKROLI,           17640.00,               0.00,           17640.00,               0.00,               0.00
YASH ENTERPRISES-SHRIRAMPUR,           72208.00,           12229.00,           31629.00,           28350.00,               0.00
YASH MEDICALS - KASARWADI,           86621.00,               0.00,               0.00,               0.00,               0.00
YASH MEDICAL - BALAPUR,          131284.00,           25859.00,           33485.00,           71940.00,               0.00
YASH MEDICO - BHANDARA -XX,            5101.26,               0.00,               0.00,               0.00,               0.00
YASH MEDILINE-WARDHA,            2000.00,               0.00,               0.00,             500.00,            1500.00
YASH PHARMA - PUNE,            5761.00,               0.00,               0.00,               0.00,            5761.00
YASH PHARMACARE-CHINCHWAD,          168407.00,           29180.00,           50679.00,           43394.00,           45154.00
YASH PHARMA-PEN,            4566.00,               0.00,               0.00,            4566.00,               0.00
YASH PHARMA - MALEGAON,          136739.00,           17800.00,               0.00,          118939.00,               0.00
YASH PHARMA - ULHASNAGAR,           11140.00,           11140.00,               0.00,               0.00,               0.00
YASH PHARMA - DOMBIVALI,           22896.00,               0.00,               0.00,               0.00,               0.00
YASH PHARMA - RISOD(WASHIM),          127463.00,               0.00,           81818.00,               0.00,           45645.00
YASH SURIGCAL-AKOLA-AKUMS,           29875.00,               0.00,               0.00,               0.00,               0.00
YASHFEEN PHARMA- NAGPUR(AKARAM)-LN,          224384.00,               0.00,               0.00,               0.00,               0.00
YASHFEEN PHARMA-NAGPUR-XX,           12915.00,               0.00,               0.00,               0.00,               0.00
YASHICA PHARMA - BHIWANDI,              -1.00,               0.00,              -1.00,               0.00,               0.00
YASHIKA DISTRIBUTORS - DHULE,          235574.00,               0.00,          114769.00,          120805.00,               0.00
YASHODA MEDICO - NANDURBAR,           23589.00,               0.00,               0.00,           23589.00,               0.00
YASHRAJ MEDICAL & DISTRI-LATUR-CONCEPT,           26721.00,               0.00,               0.00,               0.00,               0.00
YASHSHRI MEDICAL - MANJALGAON,           71504.00,               0.00,           37060.00,            8500.00,           25944.00
YESHWANT SC - GHATKOPAR,            6300.00,               0.00,            6300.00,               0.00,               0.00
YOG PHARAMA-ULHASNAGAR,           14064.68,               0.00,               0.00,            1052.68,               0.00
YOGESH ENTER - PATHARDI-LN,          112638.00,               0.00,               0.00,               0.00,               0.00
YOGESH MEDICAL - KASHTI,          130372.00,           22324.00,           42048.00,             500.00,           65500.00
YOGRAJ DRUGS-BHAYANDER(NEW)-X,          146184.00,               0.00,               0.00,               0.00,               0.00
YUG PHARMA - BHOSARI,           73680.00,               0.00,           34479.00,           39201.00,               0.00
YUGROW PHARMACY LLP - BHIWANDI,           22438.00,               0.00,           22438.00,               0.00,               0.00
YUVRAJ AGENCIES (GST),          311846.00,               0.00,          311852.00,              -6.00,               0.00
YUVRAJ AGENCIES - KANDIVALI,          898391.00,          541198.00,           25389.00,          185607.00,          146197.00
YUVRAJ AGENCIES - NASHIK ROAD,            9641.00,               0.00,            9641.00,               0.00,               0.00
YUVRAJ MEDICO - NAGPUR-XX,            5066.00,               0.00,               0.00,               0.00,               0.00
YUVRAJ PHARMA - RAJGURUNAGAR,           25532.00,               0.00,           17814.00,               0.00,               0.00
ZAWAR TRADELINK - JALGAON,          145174.00,               0.00,           61170.00,           51805.00,           32199.00
ZEN PHARMACEUTICALS-VIRAR-XX,            6822.00,               0.00,               0.00,               0.00,               0.00
ZENITH SURGICAL - BORIVALI,            3413.00,            3413.00,               0.00,               0.00,               0.00
ZENOVA THERAPEUTICS PVT LTD-KALHER,          228149.00,           45305.00,          125040.00,           57804.00,               0.00
ZIKRO PHARMA-MANORA (WASHIM)-XX,           87036.76,               0.00,               0.00,               0.00,               0.00
ZIL PHARMA-INDORE-XX,           47964.00,               0.00,               0.00,               0.00,               0.00
ZIL PHARMA ENT - MARINE LINE,           -9581.00,               0.00,               0.00,               0.00,               0.00
ZS PHARMA -MUMBRA,           15737.00,               0.00,               0.00,           12953.00,               0.00
ZYPHARS -PUNE,               0.00,               0.00,               0.00,               0.00,               0.00
ZZ DIPAK LOKHANDE-RET GOODS,           11406.00,               0.00,               0.00,               0.00,               0.00
xALKEM ABHILASH MISHRA (MIS),           30000.00,               0.00,               0.00,               0.00,               0.00
xBAGDI - YAVATMAL-XX,           28742.00,               0.00,               0.00,               0.00,               0.00
xBAGDI MEDICO - YAVATMAL-OLD X,          -16704.00,               0.00,               0.00,               0.00,               0.00
xCOMMISSION#-(LUPIN LIFESCIENC),         -150279.00,               0.00,               0.00,               0.00,               0.00
xGITANJALI PHARMA - TALEGAON (WINDLAS),            3273.00,               0.00,               0.00,               0.00,               0.00
xJAY (CASH)(OLD),               0.00,               0.00,               0.00,               0.00,               0.00
xLATA DRUG - SOLAPUR,           14118.00,               0.00,               0.00,               0.00,           14118.00
xMAHADEV (UMESH)-BASTI-XX,          568686.00,               0.00,               0.00,               0.00,               0.00
xMATHADI HOSPITAL-KOPERKHAIRANE CN,         -960803.00,               0.00,               0.00,               0.00,               0.00
xPMBJP - KANDIVALI-W (ADITI),           23704.00,               0.00,               0.00,               0.00,               0.00
xPRITHYANI MEDICAL STORE-GONDIA-ELDER,               0.00,               0.00,               0.00,               0.00,               0.00
xS N PHARMA-NAGPUR-(AKUMS),           13021.77,               0.00,               0.00,               0.00,               0.00
xSTAR PHARMA-KARANJA-LAD-(AKUMS),           18878.00,               0.00,               0.00,               0.00,               0.00
xTHE ASHOK PHARMA - AKOLA -CONCEPT,           54209.00,               0.00,               0.00,               0.00,               0.00
xTHE ASHOK PHARMA - AKOLA (AMI)XX,          189021.81,               0.00,               0.00,               0.00,               0.00
xUJS PHARMA (DAONIL) - PURCHASE,               0.00,               0.00,               0.00,               0.00,               0.00
